Full_Timestamp,Soiling loss,Power Curve_Cleaned,Power Curve_Uncleaned,Temperature (°C),Relative humidity (%),Dew point (°C),Atm pressure. (hPa),Solar rad (W/m²),Wind speed (m/s),PM1.0 (µg/m³),PM2.5 (µg/m³),PM10 (µg/m³),Wind gust (m/s),Max rain rate (mm/h),Daily rain (mm),Total Rainfall (mm),Wind dir (deg)
2025-03-03 12:00:00,0.0339081869863486,65.62960587766109,63.61453433283,33.6,43.1,19.3,984.7,889.0,1.2,10.8,14.2,17.6,3.7,0.0,0.0,430.25,359.0
2025-03-03 13:00:00,0.030568373111902723,64.76169291859394,63.04171205275131,33.75,40.425000000000004,18.441666666666666,983.9833333333332,808.9166666666666,1.5833333333333333,11.033333333333333,14.366666666666667,18.283333333333335,4.1,0.0,0.0,430.25,164.5
2025-03-03 14:00:00,0.026820770298021435,66.05644197306225,64.65333073213017,34.166666666666664,40.34166666666667,18.791666666666668,982.9416666666666,701.1666666666666,1.675,12.991666666666667,16.675,20.866666666666667,4.8,0.0,0.0,430.25,137.5
2025-03-03 15:00:00,0.00499773128224779,49.338614995760736,49.70734909259341,33.9,40.81818181818182,18.754545454545454,982.2272727272727,434.1818181818182,1.9727272727272727,14.136363636363637,17.772727272727273,24.454545454545453,4.9,0.0,0.0,430.25,151.0
2025-03-03 16:00:00,0.008199931549751408,20.395913262762893,20.830812030196796,32.983333333333334,43.0,18.8,982.0583333333334,68.25,2.2416666666666667,16.316666666666666,21.216666666666665,28.316666666666666,5.8,0.0,0.0,430.25,154.5
2025-03-03 17:00:00,0.01080822636870975,7.510572542135502,7.52017378679999,32.074999999999996,45.93333333333334,19.025000000000002,982.4583333333334,34.333333333333336,1.4833333333333334,18.875,25.116666666666664,36.050000000000004,4.1,0.0,0.0,430.25,125.5
2025-03-03 18:00:00,0.0056561046718993,4.448718577468972,4.4539330326017526,31.5,47.6,19.1,982.8,18.0,1.3,21.2,27.9,40.6,2.8,0.0,0.0,430.25,145.0
2025-03-04 06:00:00,0.0634439226979741,0.34229502849810395,0.3008786885704741,22.657142857142855,82.27142857142857,19.52857142857143,985.1999999999999,14.571428571428571,0.34285714285714286,44.371428571428574,49.25714285714286,66.55714285714285,1.4,0.0,0.0,430.25,138.0
2025-03-04 07:00:00,0.05038666198165744,26.92360120795585,25.2109406446251,23.891666666666666,76.47500000000001,19.508333333333333,985.8249999999999,130.41666666666666,0.5666666666666667,45.275,50.26666666666667,67.94166666666666,1.8,0.0,0.0,430.25,100.0
2025-03-04 08:00:00,0.023679411497812244,70.86347209247698,69.63782355321561,26.724999999999998,66.125,19.925,986.25,393.3333333333333,1.0,42.675000000000004,52.25833333333333,68.65833333333333,2.5,0.0,0.0,430.25,141.0
2025-03-04 09:00:00,0.02488077956804492,69.65934415584807,68.35640334582929,28.741666666666664,60.291666666666664,20.291666666666668,986.6666666666666,470.5833333333333,1.0083333333333333,35.74166666666667,46.10833333333333,61.31666666666666,2.9,0.0,0.0,430.25,140.0
2025-03-04 10:00:00,0.026805444066595897,67.82950641632296,66.29367123218638,30.84166666666667,50.46666666666667,19.366666666666664,986.6,696.6666666666666,1.05,24.766666666666666,31.925,41.03333333333333,2.4,0.0,0.0,430.25,156.5
2025-03-04 11:00:00,0.029324431459322915,65.33847866514843,63.678247300326326,32.78333333333333,39.225,17.075,986.0583333333334,747.0833333333334,1.1500000000000001,16.925,22.133333333333336,30.349999999999998,3.1,0.0,0.0,430.25,158.5
2025-03-04 12:00:00,0.030316910118207026,65.89864151710005,64.16949013047785,33.766666666666666,34.699999999999996,16.066666666666666,985.1416666666668,795.5833333333334,1.5916666666666668,16.483333333333334,21.53333333333333,31.59166666666667,4.2,0.0,0.0,430.25,152.5
2025-03-04 13:00:00,0.030981407993306457,66.05939918694047,64.30126382852491,33.733333333333334,33.550000000000004,15.516666666666666,984.1750000000001,593.8333333333334,2.0416666666666665,16.908333333333335,21.599999999999998,28.566666666666666,5.5,0.0,0.0,430.25,152.0
2025-03-04 14:00:00,0.028337697264512074,68.75618011905988,67.2864631103197,33.36666666666667,35.55833333333333,16.1,983.475,540.5,2.2583333333333333,15.441666666666668,19.541666666666668,26.008333333333336,4.7,0.0,0.0,430.25,154.5
2025-03-04 15:00:00,0.02322119913812627,66.607155254342,65.67376966023778,33.56666666666667,34.525,15.808333333333332,983.1083333333335,397.25,2.191666666666667,15.291666666666666,19.516666666666666,26.8,5.3,0.0,0.0,430.25,164.0
2025-03-04 16:00:00,0.02451591974075919,61.37025593184806,60.3747840304585,32.53333333333333,38.050000000000004,16.441666666666666,983.025,163.58333333333334,2.058333333333333,15.200000000000001,20.058333333333334,28.308333333333334,4.4,0.0,0.0,430.25,164.0
2025-03-04 17:00:00,0.016601396993848935,31.4716608795365,31.48851640429385,32.141666666666666,38.525,16.258333333333333,983.2666666666668,68.91666666666667,1.6500000000000001,14.200000000000001,18.516666666666666,26.833333333333332,3.9,0.0,0.0,430.25,149.5
2025-03-04 18:00:00,0.0188687604583427,10.964458031037598,11.0148417092112,31.5,39.0,15.9,983.7,24.0,1.4,13.5,18.2,26.7,2.0,0.0,0.0,430.25,135.0
2025-03-05 06:00:00,0.05979852655418756,0.23559233708480248,0.23108427451413244,21.740000000000002,73.47999999999999,16.88,985.1,15.2,0.72,44.42,49.3,66.7,1.6,0.0,0.0,430.25,240.0
2025-03-05 07:00:00,0.04378875717789644,14.237749008270287,13.469012632924906,22.016666666666666,72.36666666666666,16.858333333333334,985.6416666666668,69.75,0.9333333333333335,54.35,60.324999999999996,81.55,1.9,0.0,0.0,430.25,136.0
2025-03-05 08:00:00,0.02880832458912443,60.254689186441944,58.779906150441185,23.375,67.59166666666667,17.066666666666666,986.1416666666668,198.16666666666666,0.9833333333333334,67.31666666666666,77.90833333333333,102.97500000000001,2.4,0.0,0.0,430.25,136.5
2025-03-05 09:00:00,0.024201263216067498,70.23769348534,68.95750573665934,25.875,60.041666666666664,17.55,986.4583333333334,327.5833333333333,1.0333333333333334,59.98333333333333,78.85833333333333,102.41666666666667,2.4,0.0,0.0,430.25,156.5
2025-03-05 10:00:00,0.026144740261520416,70.11615369091118,68.70085300892977,28.258333333333336,53.925000000000004,18.058333333333334,986.1999999999999,421.25,0.9,47.65,62.666666666666664,83.45,2.3,0.0,0.0,430.25,122.0
2025-03-05 11:00:00,0.026549567641955,68.68013483366333,67.23132209457458,30.916666666666668,46.625,18.175,985.6166666666667,595.9166666666666,0.9500000000000001,34.75,45.81666666666666,61.875,2.4,0.0,0.0,430.25,134.5
2025-03-05 12:00:00,0.027133973388237153,65.4481212912978,64.01608562417405,33.74166666666667,35.65,16.375,984.725,757.4166666666666,0.9333333333333332,25.775000000000002,34.175,48.21666666666667,2.2,0.0,0.0,430.25,119.0
2025-03-05 13:00:00,0.025853018147516966,64.84166677277419,63.602190045827996,34.65833333333333,32.875,15.958333333333334,983.7583333333333,698.75,1.125,28.083333333333332,36.199999999999996,49.55833333333334,3.1,0.0,0.0,430.25,159.0
2025-03-05 14:00:00,0.026561240949440176,65.21260077433202,63.87024952038386,35.69166666666667,24.683333333333334,12.391666666666666,982.8083333333334,666.5833333333334,1.6083333333333334,27.891666666666666,37.199999999999996,46.53333333333333,4.0,0.0,0.0,430.25,151.0
2025-03-05 15:00:00,0.01330400401572876,60.30490266172058,60.654328018797976,35.56666666666667,24.3,12.1,982.3249999999999,420.25,1.6500000000000001,28.291666666666668,35.44166666666667,45.475,3.8,0.0,0.0,430.25,142.5
2025-03-05 16:00:00,0.011706123754205834,47.477783242990995,47.96622973831655,34.44166666666667,25.7,12.025,982.25,115.08333333333333,2.1666666666666665,29.40833333333333,38.13333333333333,48.10833333333333,4.6,0.0,0.0,430.25,159.5
2025-03-05 17:00:00,0.0108433711573437,40.961591492556785,41.41731110268618,33.69166666666667,29.491666666666664,13.475,982.6833333333334,80.66666666666667,2.0416666666666665,28.075,36.199999999999996,47.01666666666667,4.2,0.0,0.0,430.25,160.5
2025-03-05 18:00:00,0.0088481707292726,14.2966945484559,14.5435988456664,32.7,33.9,14.8,983.1,22.0,1.5,30.1,41.0,51.7,2.5,0.0,0.0,430.25,146.0
2025-03-06 06:00:00,0.06026957548864364,0.38163656042741456,0.34793108707924486,22.650000000000002,74.98333333333333,17.96666666666667,986.6833333333334,16.0,0.19999999999999998,72.31666666666666,80.3,108.51666666666667,1.6,0.0,0.0,430.25,135.5
2025-03-06 07:00:00,0.14518243880923581,32.29053909876004,23.25384346489889,24.3,68.79166666666667,18.2,987.2916666666666,123.91666666666667,0.6333333333333333,66.175,74.13333333333334,100.09166666666665,1.8,0.0,0.0,430.25,180.5
2025-03-06 08:00:00,0.023686394997287474,69.64320147108027,68.41684211746264,26.45,58.699999999999996,17.741666666666667,987.8916666666668,322.4166666666667,0.9500000000000001,69.65833333333333,89.88333333333333,118.75833333333333,2.7,0.0,0.0,430.25,169.0
2025-03-06 09:00:00,0.0250158528454638,70.04087438967976,68.6058287847278,29.525000000000002,50.949999999999996,18.275000000000002,988.1916666666667,519.9166666666666,0.9083333333333333,60.60833333333333,80.56666666666666,102.73333333333333,2.3,0.0,0.0,430.25,131.5
2025-03-06 10:00:00,0.026836101537217976,66.89998700027503,65.17891995056378,32.69166666666667,42.083333333333336,18.150000000000002,987.9666666666667,666.5833333333334,0.9,45.65833333333333,58.43333333333333,74.0,2.2,0.0,0.0,430.25,161.5
2025-03-06 11:00:00,0.027069964796933726,65.3306732864103,63.73306682255619,33.541666666666664,39.891666666666666,18.066666666666666,986.9333333333334,762.5833333333334,1.3083333333333333,35.68333333333333,45.59166666666667,56.65833333333333,3.5,0.0,0.0,430.25,174.0
2025-03-06 12:00:00,0.02596072947017902,64.83127810963451,63.37485002698359,35.233333333333334,34.90833333333334,17.416666666666668,985.8083333333334,763.25,1.2916666666666667,34.775,45.18333333333334,60.425000000000004,3.3,0.0,0.0,430.25,178.5
2025-03-06 13:00:00,0.023548122680724978,65.32916405665846,64.03893059039457,35.53333333333333,30.55,15.5,984.5749999999999,729.75,1.7166666666666668,34.46666666666667,44.35833333333333,63.15833333333333,5.0,0.0,0.0,430.25,138.5
2025-03-06 14:00:00,0.02335226819260751,66.27423182943707,65.02861108881822,36.19166666666667,24.400000000000002,12.691666666666668,983.475,640.9166666666666,1.7249999999999999,29.525000000000002,37.9,53.85833333333333,5.5,0.0,0.0,430.25,148.5
2025-03-06 15:00:00,0.012993072195010516,60.88137450620541,61.019308397458296,35.824999999999996,25.78333333333333,13.200000000000001,982.7333333333332,370.8333333333333,1.575,30.366666666666664,39.074999999999996,54.31666666666666,4.6,0.0,0.0,430.25,96.0
2025-03-06 16:00:00,0.0018127482175628584,40.88370040836809,41.82933428463131,34.65,28.03333333333333,13.508333333333333,982.5833333333334,99.08333333333333,1.4833333333333334,32.80833333333333,42.96666666666667,64.075,3.9,0.0,0.0,430.25,127.5
2025-03-06 17:00:00,0.0077305727554826745,18.794609092800485,19.15988878853023,33.59166666666667,29.84166666666667,13.575000000000001,982.8583333333332,50.416666666666664,1.6500000000000001,35.94166666666667,47.4,71.95833333333333,3.8,0.0,0.0,430.25,149.0
2025-03-06 18:00:00,0.0175597520632804,5.3599979616555595,5.3325927968516,32.7,33.0,14.3,983.1,17.0,1.8,37.2,50.2,72.5,3.3,0.0,0.0,430.25,143.0
2025-03-17 17:00:00,0.011118076937116788,9.245108231508938,9.324584200431909,33.2375,45.3625,19.8125,981.7375000000001,39.5,2.5375,27.2375,32.0625,37.3375,5.2,0.0,0.0,431.75,163.0
2025-03-17 18:00:00,0.0093893888023736,3.9997113991538225,4.0269152303652245,32.7,48.1,20.3,982.0,11.0,1.7,31.9,40.3,45.2,2.4,0.0,0.0,431.75,143.0
2025-03-18 06:00:00,0.03547311661149988,1.1843598733989757,1.1399855701850172,25.175,92.6875,23.9625,985.2125,13.25,0.0,41.5375,46.1125,62.337500000000006,0.0,0.0,0.0,431.75,96.5
2025-03-18 07:00:00,0.02201658721788505,39.279045297436895,38.48732134464863,26.224999999999998,87.15833333333335,23.925,985.8083333333334,117.08333333333333,0.26666666666666666,46.30833333333334,51.39166666666667,69.44166666666666,1.4,0.0,0.0,431.75,135.0
2025-03-18 08:00:00,0.018352045581433885,78.58489498698202,77.82029737842903,28.416666666666668,75.625,23.724999999999998,986.4,313.25,0.8166666666666668,60.666666666666664,68.52499999999999,91.8,2.3,0.0,0.0,431.75,166.5
2025-03-18 09:00:00,0.0197732238882752,79.57840835010526,78.59438581262397,28.366666666666664,73.96666666666665,23.333333333333332,986.7000000000002,300.6666666666667,1.0,68.23333333333333,83.93333333333334,105.36666666666667,2.0,0.0,0.0,431.75,136.0
2025-03-27 11:00:00,0.022699540073868433,76.86193983744278,75.59245916701033,35.699999999999996,31.433333333333334,16.166666666666668,983.2666666666668,889.3333333333334,1.0999999999999999,41.13333333333333,53.800000000000004,64.60000000000001,2.2,0.0,0.0,431.75,118.0
2025-03-27 12:00:00,0.019356625528471467,76.18418239884146,75.4406570133236,36.275,24.316666666666666,12.608333333333334,982.2833333333333,895.25,1.2583333333333333,30.666666666666668,38.15833333333333,44.38333333333333,3.9,0.0,0.0,431.75,165.0
2025-03-27 13:00:00,0.019314772512040383,76.20290701966034,75.43762110173236,37.18333333333333,21.34166666666667,11.466666666666667,980.85,834.6666666666666,1.2833333333333334,25.875,32.90833333333333,38.50833333333333,3.8,0.0,0.0,431.75,139.5
2025-03-27 14:00:00,0.0170097107215859,77.89552574132382,77.49328866762143,37.15,22.224999999999998,12.058333333333332,979.8916666666668,696.5833333333334,1.7083333333333333,29.191666666666666,36.775,44.175000000000004,4.5,0.0,0.0,431.75,151.0
2025-03-27 15:00:00,0.000570654685314508,76.59380234169997,78.46596392973625,36.63333333333333,25.041666666666668,13.441666666666668,979.1333333333333,435.5,2.091666666666667,33.90833333333333,42.36666666666667,51.76666666666667,5.4,0.0,0.0,431.75,138.0
2025-03-27 16:00:00,0.02457349904771433,35.00351849277508,34.342809027448716,35.541666666666664,26.991666666666664,13.700000000000001,978.8499999999999,110.25,2.558333333333333,36.19166666666667,44.85,55.21666666666667,6.1,0.0,0.0,431.75,157.0
2025-03-27 17:00:00,0.03305164182519996,9.981243094968614,9.62044484961739,34.708333333333336,30.191666666666666,14.700000000000001,978.9499999999999,53.75,2.3249999999999997,36.78333333333333,47.15,56.75,4.9,0.0,0.0,431.75,158.5
2025-03-27 18:00:00,0.0355885883001285,1.7746194261351902,1.698169610199274,33.9,34.2,15.9,979.1,20.0,2.6,38.3,47.7,57.7,4.3,0.0,0.0,431.75,154.0
2025-03-28 06:00:00,0.0887103827371349,3.4337960679148063,2.7035551287397435,24.225,63.6,16.95,982.85,21.375,0.7625,68.1875,75.7125,102.3,1.6,0.0,0.0,431.75,153.0
2025-03-28 07:00:00,0.12246240712402962,61.019888800646186,51.88227993011032,25.525000000000002,59.574999999999996,17.083333333333332,983.2583333333333,156.33333333333334,0.7833333333333333,72.10833333333333,88.36666666666667,114.39999999999999,1.9,0.0,0.0,431.75,237.5
2025-03-28 08:00:00,0.020896272385723526,83.27751421579994,82.25285831216323,28.45,52.76666666666667,17.883333333333333,983.6666666666666,358.9166666666667,0.9750000000000001,78.125,104.625,132.92499999999998,2.0,0.0,0.0,431.75,171.0
2025-03-28 09:00:00,0.021204366485354936,82.03971269805801,80.87561495211325,32.18333333333333,44.083333333333336,18.408333333333335,983.8583333333332,567.8333333333334,1.0583333333333333,58.21666666666667,75.43333333333334,95.61666666666667,2.6,0.0,0.0,431.75,177.5
2025-03-28 10:00:00,0.022882090942553907,78.95200941494383,77.66156992287979,35.083333333333336,36.40833333333334,17.916666666666668,983.5166666666668,697.8333333333334,0.9833333333333334,43.458333333333336,55.525,68.73333333333333,2.2,0.0,0.0,431.75,212.5
2025-03-28 11:00:00,0.020960249559979164,77.67107861198559,76.67759243518834,36.699999999999996,26.849999999999998,14.591666666666667,982.7666666666668,765.0,1.0666666666666667,39.43333333333333,50.541666666666664,60.59166666666667,3.4,0.0,0.0,431.75,172.0
2025-04-03 10:00:00,0.018833088087432375,82.89153595205454,82.183572978792,28.049999999999997,75.35,23.325,988.125,444.25,1.325,14.75,17.775,22.325,2.8,0.0,4.5,436.25,167.0
2025-04-03 11:00:00,0.01857212950532416,82.01344207282213,81.39600195632671,28.766666666666666,72.47500000000001,23.358333333333334,987.5333333333333,400.75,1.1333333333333333,12.299999999999999,15.1,17.974999999999998,3.0,0.0,4.5,436.25,162.0
2025-04-03 12:00:00,0.019801242969973116,81.60106502227156,80.80266254717442,29.983333333333334,69.03333333333333,23.666666666666668,986.1416666666668,554.4166666666666,1.1083333333333334,11.766666666666666,15.033333333333333,17.983333333333334,3.5,0.0,4.5,436.25,159.0
2025-04-03 13:00:00,0.01948640432060311,79.40423046066805,78.6448902416227,30.866666666666664,61.824999999999996,22.724999999999998,985.3083333333334,441.0,1.2416666666666667,8.325000000000001,10.633333333333333,12.475,3.2,0.0,4.5,436.25,165.5
2025-04-03 14:00:00,0.020138088025872494,82.38180134866576,81.55279400663507,31.641666666666666,56.175000000000004,21.858333333333334,984.3249999999999,632.5833333333334,1.9666666666666668,5.25,6.8999999999999995,8.066666666666666,4.9,0.0,4.5,436.25,154.0
2025-04-03 15:00:00,0.018900937931428274,78.16046677306836,77.61633121596618,31.3,56.025,21.525000000000002,983.3083333333334,369.5833333333333,2.5416666666666665,5.175,6.825,8.924999999999999,5.2,0.0,4.5,436.25,169.5
2025-04-03 16:00:00,0.02030384638665575,68.35277942946583,67.6415430035789,30.383333333333336,58.51666666666667,21.34166666666667,982.8583333333332,180.58333333333334,2.6,8.791666666666666,11.708333333333334,14.15,5.5,0.0,4.5,436.25,162.5
2025-04-03 17:00:00,0.02787376613029686,21.96322133469332,21.461627272295914,29.5,61.15833333333333,21.241666666666667,983.3083333333334,78.83333333333333,2.1083333333333334,11.583333333333334,15.133333333333333,19.658333333333335,4.6,0.0,4.5,436.25,171.0
2025-04-03 18:00:00,0.0317097100384164,2.02584989618302,1.9621609386147305,29.1,64.2,21.6,983.7,22.0,1.7,18.3,24.0,30.4,3.3,0.0,4.5,436.25,167.0
2025-04-06 12:00:00,0.02468984692931492,78.22692947606399,76.85351940447518,35.54,39.38,19.64,982.3,706.6,1.22,16.14,19.8,25.44,3.6,0.0,0.0,438.75,327.0
2025-04-06 13:00:00,0.021621708923854482,78.59558967518427,77.67607467765096,35.59166666666667,39.958333333333336,19.908333333333335,981.4083333333333,621.25,1.2416666666666667,16.566666666666666,21.375,25.941666666666666,3.2,0.0,0.0,438.75,160.0
2025-04-06 14:00:00,0.019598555579427183,76.59587347719061,76.0410705706285,36.550000000000004,35.36666666666667,18.758333333333333,980.3000000000001,675.5,1.2666666666666666,15.358333333333334,19.466666666666665,22.55,5.6,0.0,0.0,438.75,178.5
2025-04-06 15:00:00,0.01913072243108999,78.02676460263247,77.556390826768,36.22727272727273,36.49090909090909,19.018181818181816,979.6727272727272,557.0909090909091,1.8272727272727274,15.118181818181819,19.154545454545453,22.20909090909091,5.0,0.0,0.0,438.75,145.0
2025-04-06 16:00:00,0.009106537111622175,24.83396792434492,25.402216549908005,35.666666666666664,35.791666666666664,18.208333333333332,979.4,214.41666666666666,1.8499999999999999,17.091666666666665,21.65833333333333,26.65833333333333,5.1,0.0,0.0,438.75,137.0
2025-04-06 17:00:00,0.02143553786002639,8.708926574587233,8.655172922950099,34.625,39.99166666666667,19.066666666666666,979.65,51.166666666666664,1.8166666666666667,20.608333333333334,27.058333333333334,33.81666666666667,5.7,0.0,0.0,438.75,125.5
2025-04-17 10:00:00,0.02050748379164452,79.37591796290995,78.50968829011026,32.94,58.160000000000004,23.72,983.9799999999999,793.0,1.1800000000000002,45.64,60.339999999999996,72.84,2.7,0.0,0.0,506.75,174.0
2025-04-17 11:00:00,0.022086983050917032,77.83657293744727,76.76849359146121,33.92307692307692,55.400000000000006,23.73846153846154,983.5076923076923,837.3076923076923,1.1384615384615384,44.5,58.83846153846154,74.54615384615384,3.3,0.0,0.0,506.75,155.0
2025-04-17 12:00:00,0.02231419565717035,76.21245146740219,75.20857727967322,34.93333333333333,49.75833333333333,22.875,982.2916666666666,873.0833333333334,1.1083333333333334,39.25,50.61666666666667,62.65833333333333,2.9,0.0,0.0,506.75,170.5
2025-04-17 13:00:00,0.022337006953206128,76.07386473995916,75.30901139324773,36.31666666666667,41.18333333333333,21.008333333333333,980.9666666666667,825.6666666666666,1.2833333333333334,31.016666666666666,39.449999999999996,50.15,3.5,0.0,0.0,506.75,160.5
2025-04-17 14:00:00,0.022196064842623178,77.03396267474969,76.42857619415797,36.31666666666667,42.84166666666667,21.683333333333334,979.7333333333332,693.0833333333334,1.4833333333333334,32.300000000000004,40.641666666666666,50.50833333333333,3.7,0.0,0.0,506.75,167.0
2025-04-17 15:00:00,0.02216138776371325,77.25793100663667,76.5710915267428,36.625,40.75833333333333,21.141666666666666,978.8166666666666,504.6666666666667,1.6666666666666667,29.21666666666667,37.666666666666664,49.9,4.2,0.0,0.0,506.75,153.5
2025-04-17 16:00:00,0.029347742332704308,46.076669484755485,46.44242838767849,35.525,45.69166666666666,22.041666666666668,978.4083333333333,222.33333333333334,2.1333333333333333,27.95,36.99166666666667,46.291666666666664,4.9,0.0,0.0,506.75,159.5
2025-04-17 17:00:00,0.05503313323214093,14.603583059621924,14.044407701775796,34.6,47.550000000000004,21.84166666666667,978.5166666666668,67.0,2.4499999999999997,30.05,39.483333333333334,50.875,4.9,0.0,0.0,506.75,154.5
2025-04-17 18:00:00,0.1070903224868258,2.737575576691956,2.4426300551800044,34.2,47.4,21.4,978.7,27.0,2.7,31.9,41.5,50.6,4.4,0.0,0.0,506.75,147.0
2025-04-18 06:00:00,0.13672244239842551,6.81762470591615,5.887911127436311,28.083333333333332,78.43333333333334,24.008333333333336,982.7416666666667,31.083333333333332,0.7083333333333334,44.458333333333336,49.34166666666667,66.72500000000001,2.1,0.0,0.0,506.75,143.0
2025-04-18 07:00:00,0.025084724352532634,63.571241214211746,60.30913751454961,29.224999999999998,73.125,23.925,983.4166666666666,160.33333333333334,0.8416666666666667,45.21666666666667,50.208333333333336,67.86666666666666,2.3,0.0,0.0,506.75,160.5
2025-04-18 08:00:00,0.02175361600501984,80.52510036753607,79.46972429095362,30.766666666666666,67.79166666666667,24.133333333333336,984.1916666666666,350.6666666666667,0.85,45.28333333333333,55.574999999999996,72.25833333333334,2.2,0.0,0.0,506.75,130.0
2025-04-18 09:00:00,0.02178906978444239,80.26444375602816,79.13082842989898,32.125,62.64166666666667,24.099999999999998,984.3499999999999,549.5833333333334,0.9,41.90833333333333,55.525,70.51666666666667,2.5,0.0,0.0,506.75,114.5
2025-04-18 10:00:00,0.02199720172897225,78.737772109652,77.66240359923644,32.94166666666667,60.06666666666666,24.15833333333333,983.7833333333333,715.5833333333334,1.0416666666666667,42.475,55.949999999999996,68.49166666666666,2.7,0.0,0.0,506.75,158.5
2025-04-18 11:00:00,0.022388451731260053,75.96704838671906,74.75587691339797,34.791666666666664,54.53333333333333,24.308333333333334,983.1416666666668,791.5833333333334,0.9249999999999999,40.449999999999996,52.550000000000004,65.7,2.5,0.0,0.0,506.75,129.5
2025-04-18 12:00:00,0.02230838553697592,76.51933435188172,75.5684802976408,35.61666666666667,50.19166666666666,23.666666666666668,982.0749999999999,816.25,1.0833333333333333,36.36666666666667,47.541666666666664,59.275,2.9,0.0,0.0,506.75,162.0
2025-04-18 13:00:00,0.02233238700359184,76.33773589642338,75.4410298498333,35.949999999999996,48.083333333333336,23.266666666666666,980.7416666666667,790.25,1.3833333333333335,35.80833333333333,46.21666666666667,58.43333333333334,4.2,0.0,0.0,506.75,147.5
2025-04-18 14:00:00,0.02225748368807377,76.84441061820645,76.16267375117201,36.625,44.666666666666664,22.641666666666666,979.375,668.4166666666666,1.4916666666666665,33.03333333333333,42.333333333333336,53.88333333333333,4.0,0.0,0.0,506.75,164.0
2025-04-18 15:00:00,0.019834006088617028,78.49320673444731,77.9662150705445,36.08181818181818,46.54545454545455,22.845454545454547,978.2090909090908,493.27272727272725,2.290909090909091,27.91818181818182,35.5,45.45454545454545,5.2,0.0,0.0,506.75,160.0
2025-04-18 16:00:00,0.014286450667987324,53.286966439420986,53.735709668294184,35.15833333333334,48.96666666666667,22.849999999999998,977.8333333333334,206.58333333333334,2.9166666666666665,31.383333333333336,41.125,52.5,6.2,0.0,0.0,506.75,166.5
2025-04-18 17:00:00,0.034713563062789485,5.953494973043559,5.839472894979746,33.99166666666667,51.975,22.78333333333333,978.0,34.583333333333336,2.3666666666666667,36.86666666666667,48.4,60.0,5.4,0.0,0.0,506.75,173.0
2025-04-18 18:00:00,0.0531470300535245,0.210863880460275,0.19896833261877,33.6,52.4,22.5,978.5,4.0,1.9,37.7,49.3,63.7,3.1,0.0,0.0,506.75,186.0
2025-04-19 06:00:00,0.08465184805699466,9.964486725445669,7.73736747719806,26.766666666666666,75.55,22.083333333333332,982.3249999999999,33.666666666666664,0.325,47.56666666666666,52.80833333333334,71.38333333333334,1.3,0.0,0.0,506.75,147.5
2025-04-19 07:00:00,0.07056845537611917,59.0816454489998,54.248838279025854,28.224999999999998,70.06666666666666,22.258333333333336,983.0333333333333,132.33333333333334,0.6749999999999999,45.71666666666667,50.74166666666667,68.60833333333333,1.8,0.0,0.0,506.75,131.5
2025-04-19 08:00:00,0.022699058163765842,82.07441814031775,80.91212672423836,30.474999999999998,62.14166666666667,22.40833333333333,983.275,400.5,0.8833333333333333,38.30833333333333,48.65,66.33333333333333,2.7,0.0,0.0,506.75,103.5
2025-04-19 09:00:00,0.02606781924722891,80.50144655437452,78.83474326362263,32.93333333333333,53.88333333333333,22.349999999999998,983.5333333333333,608.4166666666666,0.9583333333333334,32.983333333333334,43.03333333333333,56.65833333333333,3.0,0.0,0.0,506.75,254.0
2025-04-19 10:00:00,0.026692611653423928,78.62337890056439,76.9168601451325,34.375,50.24166666666667,22.541666666666668,983.0583333333334,752.4166666666666,0.9916666666666667,33.975,45.125,55.51666666666667,2.7,0.0,0.0,506.75,101.5
2025-04-19 11:00:00,0.02557288984971037,77.15800314554188,75.68613152078639,36.00833333333333,44.35833333333333,21.983333333333334,982.1750000000001,865.5833333333334,1.1333333333333333,27.71666666666667,36.275,45.51666666666667,4.0,0.0,0.0,506.75,239.5
2025-04-19 12:00:00,0.024549498034252142,76.50924692565772,75.23302718080545,37.40833333333333,39.61666666666667,21.349999999999998,980.9833333333332,814.9166666666666,0.9833333333333334,27.575,34.96666666666667,43.1,2.4,0.0,0.0,506.75,295.0
2025-04-19 13:00:00,0.023686997993377024,75.93504473512859,74.82793198373638,38.18333333333333,35.13333333333333,20.116666666666667,979.6,825.0,1.2666666666666666,25.5,32.449999999999996,41.1,3.9,0.0,0.0,506.75,208.5
2025-04-19 14:00:00,0.01956037255052799,77.08298810368883,76.58342130464841,38.19166666666666,33.31666666666667,19.266666666666666,978.5083333333333,700.5833333333334,1.575,26.125,33.35,43.43333333333334,3.9,0.0,0.0,506.75,171.5
2025-04-19 15:00:00,0.01976588384815796,77.17570021007485,76.70041755251755,38.166666666666664,33.05833333333333,19.125,977.6916666666666,500.6666666666667,1.5999999999999999,26.05,32.300000000000004,42.03333333333333,3.8,0.0,0.0,506.75,166.0
2025-04-19 16:00:00,0.0036521981179418075,43.71194251446653,45.44124443393981,37.608333333333334,30.391666666666666,17.266666666666666,977.3583333333332,213.75,1.3499999999999999,25.608333333333334,32.65833333333333,43.1,2.9,0.0,0.0,506.75,160.5
2025-04-19 17:00:00,0.027168435918186365,5.972028050771642,5.827679713128224,36.19166666666667,37.833333333333336,19.5,977.5916666666667,40.916666666666664,1.8,32.63333333333333,42.63333333333333,54.083333333333336,4.3,0.0,0.0,506.75,150.0
2025-04-19 18:00:00,0.0299187465492958,1.672232595933351,1.62754846671105,35.4,40.6,20.0,978.0,20.0,2.2,34.8,43.3,61.2,3.3,0.0,0.0,506.75,146.0
2025-04-20 06:00:00,0.06143421704331706,7.0931428300515895,6.1272350627845595,27.583333333333332,92.33333333333333,26.241666666666664,981.8416666666667,30.583333333333332,0.2916666666666667,72.35000000000001,80.30833333333334,108.53333333333335,2.1,0.0,0.0,506.75,341.0
2025-04-20 07:00:00,0.06040052589458572,62.99264082047359,58.46357347887756,28.95,85.26666666666667,26.241666666666664,982.725,143.83333333333334,0.3416666666666666,69.375,76.98333333333333,104.05833333333334,1.9,0.0,0.0,506.75,30.5
2025-04-20 08:00:00,0.01910953099075429,81.37473532656915,80.55477699798493,31.266666666666666,73.3,25.933333333333334,983.3000000000001,378.4166666666667,0.7000000000000001,67.25,78.05833333333334,104.7,1.9,0.0,0.0,506.75,128.5
2025-04-20 09:00:00,0.0207784425186158,80.92161568463354,79.87815581398485,32.608333333333334,66.125,25.46666666666667,983.5083333333333,556.5833333333334,1.0166666666666666,59.375,79.34166666666667,99.02499999999999,2.7,0.0,0.0,506.75,128.0
2025-04-20 10:00:00,0.02138960385318835,78.77898542582705,77.70590299524858,34.21666666666667,57.84166666666667,24.733333333333334,983.2583333333333,716.8333333333334,1.0166666666666666,52.550000000000004,67.91666666666667,85.85833333333333,3.0,0.0,0.0,506.75,144.0
2025-04-20 11:00:00,0.02140616817432019,77.05466307151919,76.05197353279071,35.53333333333333,50.99166666666667,23.833333333333332,982.5583333333334,829.5833333333334,1.1166666666666667,46.166666666666664,60.86666666666667,75.41666666666667,3.9,0.0,0.0,506.75,159.5
2025-04-20 12:00:00,0.020583231375377428,76.63864112683315,75.7686014821834,35.94166666666667,47.675000000000004,23.141666666666666,981.5,844.25,1.2916666666666667,43.24166666666667,57.11666666666667,70.33333333333333,3.3,0.0,0.0,506.75,163.0
2025-04-20 13:00:00,0.019732343600532068,75.6514126694006,74.93933916991932,37.708333333333336,42.49166666666667,22.78333333333333,980.2666666666668,781.9166666666666,1.0333333333333334,39.733333333333334,50.65,63.291666666666664,3.3,0.0,0.0,506.75,221.0
2025-04-20 14:00:00,0.01914617958578771,76.77043443391628,76.18599890477623,37.86666666666667,39.208333333333336,21.616666666666664,979.225,648.5,1.325,36.00833333333333,45.28333333333333,55.525,4.0,0.0,0.0,506.75,189.5
2025-04-20 15:00:00,0.01803022422197694,76.57708875155295,76.13067033643047,37.458333333333336,39.666666666666664,21.45,978.375,476.9166666666667,1.6833333333333333,35.075,44.90833333333333,56.025,4.3,0.0,0.0,506.75,158.0
2025-04-20 16:00:00,0.007174029249266592,40.37164103339841,41.75049448874702,36.99166666666667,38.46666666666667,20.55,977.9416666666666,216.5,1.675,31.400000000000002,39.86666666666667,50.5,3.9,0.0,0.0,506.75,152.0
2025-04-20 17:00:00,0.030170436653133948,10.383692810948622,10.108722652761658,36.166666666666664,40.96666666666667,20.808333333333334,978.3166666666666,55.666666666666664,1.6333333333333335,35.36666666666667,45.93333333333334,58.416666666666664,4.0,0.0,0.0,506.75,155.0
2025-04-20 18:00:00,0.0378395489344796,1.066385402857233,1.02154760661346,35.6,41.9,20.6,978.8,16.0,2.0,40.7,52.0,73.4,3.3,0.0,0.0,506.75,149.0
2025-04-21 06:00:00,0.04961308290387062,6.82336894347855,6.319397760680526,28.016666666666666,91.51666666666667,26.525000000000002,983.1750000000001,33.416666666666664,0.6583333333333333,67.375,74.78333333333333,101.06666666666666,1.8,0.0,0.0,506.75,153.5
2025-04-21 07:00:00,0.04195002782515206,31.15451056246073,29.683268342196154,28.816666666666666,85.39166666666667,26.150000000000002,984.0166666666668,90.58333333333333,0.6833333333333335,70.88333333333334,78.69166666666666,106.35833333333333,1.5,0.0,0.0,506.75,159.5
2025-04-21 08:00:00,0.0216921772442617,79.10037788561058,78.0233561633799,30.675,75.51666666666667,25.86666666666667,984.7916666666666,305.8333333333333,0.8333333333333334,74.95,89.95,118.925,2.2,0.0,0.0,506.75,135.0
2025-04-21 09:00:00,0.021053520859287102,80.50427708447408,79.52263490335277,31.516666666666666,68.71666666666667,25.083333333333332,984.9250000000001,524.75,1.4833333333333334,75.10000000000001,103.19166666666666,130.40833333333333,3.3,0.0,0.0,506.75,149.0
2025-04-21 10:00:00,0.023768432370146475,79.75437508789003,78.41586022440482,32.891666666666666,61.35,24.483333333333334,984.6416666666668,737.3333333333334,1.4000000000000001,65.90833333333333,90.46666666666665,111.90833333333335,3.4,0.0,0.0,506.75,157.5
2025-04-21 11:00:00,0.022113014561444558,78.50705540810756,77.48525477515169,34.19166666666667,53.93333333333334,23.55,984.1666666666666,776.1666666666666,1.5333333333333332,56.699999999999996,76.575,95.31666666666666,4.4,0.0,0.0,506.75,162.0
2025-04-21 12:00:00,0.021014131994853875,78.93892727932099,78.14560943605055,34.53333333333333,48.791666666666664,22.183333333333334,983.1833333333334,729.5833333333334,1.9083333333333332,49.53333333333333,65.325,82.99166666666666,4.8,0.0,0.0,506.75,168.5
2025-04-21 13:00:00,0.020235299946091467,78.72163644900048,78.01514300173807,35.699999999999996,42.73333333333333,21.108333333333334,982.2583333333333,843.5833333333334,2.091666666666667,37.46666666666666,48.68333333333334,61.76666666666667,5.3,0.0,0.0,506.75,161.0
2025-04-21 14:00:00,0.02004565626537646,79.54245785139365,78.8806586314264,35.975,41.09166666666667,20.708333333333332,981.5916666666667,652.75,2.35,34.199999999999996,43.833333333333336,55.583333333333336,6.2,0.0,0.0,506.75,157.0
2025-04-21 15:00:00,0.019368767849669934,78.88091080239032,78.31587628529083,36.30833333333333,38.916666666666664,20.125,981.1833333333334,495.0,2.1,35.86666666666667,45.38333333333333,58.75,5.3,0.0,0.0,506.75,150.0
2025-04-21 16:00:00,0.0068524331330470575,44.501538866202814,45.8816017789518,35.75833333333333,39.55833333333333,19.891666666666666,980.9499999999999,228.75,1.8499999999999999,36.61666666666667,47.833333333333336,60.425000000000004,4.4,0.0,0.0,506.75,160.5
2025-04-21 17:00:00,0.030791083414041007,11.121596088489193,10.822077045345408,35.375,39.65,19.599999999999998,981.1750000000001,58.25,1.2416666666666667,32.46666666666667,42.76666666666667,57.25833333333333,3.2,0.0,0.0,506.75,136.0
2025-04-21 18:00:00,0.031417303678523,2.074218055053144,2.005628329233448,34.9,40.4,19.5,981.5,22.0,1.2,35.5,46.4,63.5,2.0,0.0,0.0,506.75,142.0
2025-04-22 06:00:00,0.10835549068088829,11.424579871241145,7.999566482628825,25.883333333333336,96.35833333333333,25.28333333333333,985.2333333333332,32.833333333333336,0.3666666666666667,60.65833333333333,67.35833333333333,91.03333333333335,1.0,0.0,0.0,506.75,249.5
2025-04-22 07:00:00,0.10068229051727494,75.76038795446702,65.31660881239075,27.558333333333334,84.39999999999999,24.7,986.1583333333333,158.66666666666666,0.6583333333333333,59.041666666666664,65.56666666666666,88.61666666666667,2.3,0.0,0.0,506.75,158.5
2025-04-22 08:00:00,0.02170727288013911,81.86832719955488,80.86422570527094,29.025000000000002,71.8,23.441666666666666,986.8583333333332,352.6666666666667,1.5416666666666667,47.225,56.80833333333334,72.89999999999999,4.6,0.0,0.0,506.75,167.0
2025-04-22 09:00:00,0.023053134395967245,82.17030429992526,80.98348138963992,30.483333333333334,64.66666666666667,23.09166666666667,987.0,564.5,1.45,48.65,64.22500000000001,82.16666666666667,4.1,0.0,0.0,506.75,159.0
2025-04-22 10:00:00,0.021340358754715932,79.95193790317414,79.09905979338343,32.4,56.75833333333333,22.71666666666667,986.6750000000001,704.1666666666666,1.45,41.483333333333334,56.25,70.2,3.2,0.0,0.0,506.75,179.0
2025-04-22 11:00:00,0.02300985514871766,78.75811313697339,77.60670565262174,33.958333333333336,50.125,22.116666666666664,985.9166666666666,866.6666666666666,1.4166666666666667,36.93333333333333,48.708333333333336,61.699999999999996,4.1,0.0,0.0,506.75,140.0
2025-04-22 12:00:00,0.020528000185711052,78.9112971664939,78.12533785304042,34.300000000000004,44.75833333333333,20.591666666666665,984.7833333333333,882.8333333333334,1.825,33.291666666666664,42.86666666666667,53.0,5.0,0.0,0.0,506.75,164.0
2025-04-22 13:00:00,0.018448650870370984,79.06807124838532,78.64607129165735,35.03333333333333,41.891666666666666,20.166666666666668,983.4250000000001,829.0,2.0500000000000003,31.183333333333334,39.61666666666667,49.96666666666667,5.1,0.0,0.0,506.75,178.0
2025-04-22 14:00:00,0.019406309101518176,78.23574520841404,77.68670530753725,36.4,35.90833333333333,18.900000000000002,982.3249999999999,698.9166666666666,1.6416666666666666,30.708333333333332,38.90833333333333,48.458333333333336,4.6,0.0,0.0,506.75,154.5
2025-04-22 15:00:00,0.019034895287822044,78.43588570268112,77.93934374364612,36.175000000000004,35.275,18.416666666666668,981.7083333333334,506.5,1.8333333333333333,32.016666666666666,41.0,54.03333333333333,4.4,0.0,0.0,506.75,162.5
2025-04-22 16:00:00,0.005127714286289692,40.3597470355192,42.10002502754117,35.5,36.6,18.425,981.2083333333334,227.41666666666666,1.8583333333333334,37.824999999999996,49.18333333333334,61.35833333333333,4.0,0.0,0.0,506.75,151.0
2025-04-22 17:00:00,0.030987938126238207,10.912632483386616,10.596746428434027,34.708333333333336,39.858333333333334,19.083333333333332,981.6083333333332,58.083333333333336,1.7166666666666668,44.28333333333333,59.300000000000004,75.575,4.1,0.0,0.0,506.75,152.0
2025-04-22 18:00:00,0.032721160936516,2.10698925684912,2.037083067522425,34.3,42.0,19.6,982.0,23.0,1.5,45.7,56.4,68.2,2.2,0.0,0.0,506.75,152.0
2025-04-23 06:00:00,0.12401559033957482,11.315996491394094,7.144482772223505,26.5,85.70833333333333,23.958333333333332,984.1333333333333,33.5,0.0,47.125,52.35,70.70833333333333,0.0,0.0,0.0,506.75,183.5
2025-04-23 07:00:00,0.10664270622695614,73.86120428760405,63.2908838563817,28.633333333333336,75.86666666666666,23.96666666666667,984.6416666666668,146.58333333333334,0.8250000000000001,44.93333333333334,49.875,67.41666666666667,1.9,0.0,0.0,506.75,125.0
2025-04-23 08:00:00,0.021625742785619666,82.07722968498409,81.11978808301522,30.541666666666668,66.7,23.666666666666668,985.25,429.6666666666667,0.9,42.39166666666667,54.1,69.81666666666666,2.4,0.0,0.0,506.75,130.0
2025-04-23 09:00:00,0.02451074498361132,80.81429164837253,79.40047327336339,32.516666666666666,59.949999999999996,23.741666666666664,985.2666666666668,616.8333333333334,0.9583333333333334,43.25,57.23333333333333,71.55833333333332,2.6,0.0,0.0,506.75,146.0
2025-04-23 10:00:00,0.02400891874878415,79.21565860453248,77.92664632912623,33.40833333333333,53.98333333333333,22.875,984.8416666666667,765.6666666666666,1.1416666666666666,40.94166666666667,53.75833333333333,66.93333333333334,3.5,0.0,0.0,506.75,113.5
2025-04-23 11:00:00,0.023702162124954435,77.94301570378592,76.73619196852039,34.80833333333333,46.93333333333334,21.825,983.9916666666667,860.5833333333334,1.2333333333333334,36.6,48.541666666666664,62.10833333333333,2.9,0.0,0.0,506.75,160.5
2025-04-23 12:00:00,0.02220573827706789,76.87593179745639,75.89068095282538,35.574999999999996,37.875,18.941666666666666,982.7083333333334,886.9166666666666,1.4166666666666667,30.05,40.458333333333336,52.449999999999996,3.8,0.0,0.0,506.75,149.0
2025-04-23 13:00:00,0.021343989151746078,77.81939843218048,76.94515226056285,36.516666666666666,36.541666666666664,19.283333333333335,981.4,824.5,1.6916666666666667,26.916666666666668,34.733333333333334,44.875,4.8,0.0,0.0,506.75,150.0
2025-04-23 14:00:00,0.019947600933357266,77.87624616165867,77.24492895330832,37.483333333333334,35.13333333333333,19.516666666666666,980.2416666666667,699.25,1.7249999999999999,21.95,29.241666666666664,40.30833333333333,4.4,0.0,0.0,506.75,160.0
2025-04-23 15:00:00,0.018997558800253906,78.85222471808986,78.3759562952499,37.083333333333336,33.416666666666664,18.341666666666665,979.3916666666668,528.25,2.2083333333333335,21.1,27.508333333333336,37.483333333333334,5.3,0.0,0.0,506.75,156.5
2025-04-23 16:00:00,0.020681054236796847,28.914691260259175,28.820280504080404,36.35454545454546,34.845454545454544,18.400000000000002,979.0545454545455,215.1818181818182,2.1,20.236363636363635,27.0,37.54545454545455,5.2,0.0,0.0,506.75,153.0
2025-04-23 17:00:00,0.032267219610550756,7.986708326136783,7.726259446598296,35.766666666666666,33.641666666666666,17.333333333333332,979.3583333333332,50.0,1.75,22.46666666666667,30.116666666666664,42.15833333333333,4.3,0.0,0.0,506.75,151.0
2025-04-23 18:00:00,0.0318202159713555,1.913462171825556,1.849315528164762,35.2,36.1,18.0,979.6,21.0,1.3,24.9,32.0,43.2,3.1,0.0,0.0,506.75,132.0
2025-04-24 06:00:00,0.1275202998017164,13.396192572332149,8.362567113036098,26.325,86.39999999999999,23.90833333333333,982.3000000000001,37.0,0.3666666666666667,51.525,57.18333333333333,77.3,1.6,0.0,0.0,506.75,342.0
2025-04-24 07:00:00,0.11249697706232177,76.24865421348049,64.19794014564233,28.016666666666666,79.75,24.191666666666666,983.1083333333332,141.08333333333334,0.7916666666666666,42.541666666666664,47.24166666666667,63.833333333333336,1.8,0.0,0.0,506.75,226.0
2025-04-24 08:00:00,0.02232491057695128,81.75327757401904,80.6699006921694,30.558333333333334,69.5,24.34166666666667,983.85,452.6666666666667,0.8166666666666668,40.050000000000004,49.76666666666667,63.75,2.0,0.0,0.0,506.75,101.0
2025-04-24 09:00:00,0.02372336568198366,80.81310051479421,79.55341265233035,31.916666666666668,61.791666666666664,23.675,984.1833333333334,648.5833333333334,1.1416666666666666,42.358333333333334,57.35833333333333,70.89999999999999,3.3,0.0,0.0,506.75,168.5
2025-04-24 10:00:00,0.02395964387525856,78.62650735873608,77.4052762243587,34.13333333333333,52.725,23.09166666666667,983.6166666666667,812.0,1.1500000000000001,40.35,54.666666666666664,69.64166666666667,3.2,0.0,0.0,506.75,188.0
2025-04-24 11:00:00,0.025696819342712545,77.03359471731112,75.61044304259237,35.9,47.49166666666667,23.008333333333336,982.85,871.5,1.1666666666666667,33.516666666666666,44.61666666666667,58.6,3.3,0.0,0.0,506.75,138.5
2025-04-24 12:00:00,0.02554706554059115,74.45056568227128,73.12184079884794,36.175000000000004,45.51666666666667,22.558333333333334,981.8083333333334,654.3333333333334,1.1666666666666667,26.691666666666666,35.425000000000004,46.15833333333333,3.3,0.0,0.0,506.75,92.0
2025-04-24 13:00:00,0.022338041939563017,78.30518506624756,77.38662312108694,36.49166666666667,41.983333333333334,21.483333333333334,980.525,722.1666666666666,1.4833333333333334,22.46666666666667,28.7,36.96666666666667,4.5,0.0,0.0,506.75,135.0
2025-04-24 14:00:00,0.020710342171071424,75.66274386502783,75.0843450771758,38.28333333333333,35.891666666666666,20.541666666666668,979.3249999999999,711.6666666666666,1.1416666666666668,18.658333333333335,23.833333333333332,29.974999999999998,3.1,0.0,0.0,506.75,145.5
2025-04-24 15:00:00,0.019511039731561198,77.06256103990157,76.64936281651266,37.75833333333333,35.28333333333333,19.849999999999998,978.5083333333333,549.5833333333334,1.5,17.533333333333335,22.675,28.391666666666666,3.9,0.0,0.0,506.75,155.0
2025-04-24 16:00:00,0.025815298731308164,20.754478416645785,20.54177914160545,37.26363636363636,34.5,18.990909090909092,978.0545454545455,225.45454545454547,1.4181818181818182,17.90909090909091,23.21818181818182,29.718181818181815,3.8,0.0,0.0,506.75,131.0
2025-04-24 17:00:00,0.03557160971726829,6.231468998394703,5.988228149954415,36.208333333333336,36.98333333333333,19.2,978.35,43.583333333333336,1.375,20.941666666666666,28.258333333333336,35.983333333333334,3.6,0.0,0.0,506.75,133.5
2025-04-24 18:00:00,0.0365723933796312,1.80040039131295,1.7278282524497772,35.6,39.5,19.8,978.6,20.0,1.1,25.8,34.9,53.2,1.6,0.0,0.0,506.75,144.0
2025-04-25 06:00:00,0.12010588671198132,12.286508550751492,7.737200769927479,27.325000000000003,89.13333333333333,25.416666666666668,982.5083333333333,34.833333333333336,0.7583333333333333,56.425000000000004,62.675000000000004,84.7,1.9,0.0,0.0,506.75,146.0
2025-04-25 07:00:00,0.09679598030732317,75.68666325600667,65.83351555879112,28.758333333333336,78.25,24.608333333333334,983.275,146.66666666666666,1.45,43.35,48.14166666666667,65.10000000000001,3.2,0.0,0.0,506.75,153.0
2025-04-25 08:00:00,0.022777658246120918,81.6095996534758,80.53815582106813,30.474999999999998,68.75,24.05,984.0166666666668,439.9166666666667,1.3333333333333333,34.1,40.458333333333336,55.26666666666667,3.4,0.0,0.0,506.75,152.0
2025-04-25 09:00:00,0.022293894129660884,81.61154269525146,80.63868060111146,32.233333333333334,60.40833333333333,23.633333333333336,984.2666666666668,596.25,1.3166666666666667,31.125,40.86666666666667,53.94166666666666,3.2,0.0,0.0,506.75,162.0
2025-04-25 10:00:00,0.024194938579513357,79.37915952093465,78.16500074699125,33.7,52.69166666666666,22.691666666666666,983.7916666666666,822.8333333333334,1.4500000000000002,30.099999999999998,39.55833333333333,50.583333333333336,3.9,0.0,0.0,506.75,159.0
2025-04-25 11:00:00,0.02683736018241369,77.93970716606594,76.32147550356329,35.53333333333333,45.88333333333333,22.09166666666667,982.85,897.75,1.5833333333333333,27.21666666666667,35.475,45.86666666666667,5.3,0.0,0.0,506.75,154.5
2025-04-25 12:00:00,0.02450785349813572,78.55637181240708,77.29614182435033,35.608333333333334,44.40833333333333,21.633333333333336,981.625,909.0833333333334,1.9666666666666668,21.708333333333332,28.666666666666668,36.75,5.3,0.0,0.0,506.75,159.0
2025-04-25 13:00:00,0.021712340545131565,78.36973481147758,77.58244092257175,36.38333333333333,38.61666666666667,20.041666666666668,980.475,867.5833333333334,2.1083333333333334,17.258333333333333,22.333333333333332,27.991666666666664,5.3,0.0,0.0,506.75,166.5
2025-04-25 14:00:00,0.02030211834735361,78.06839851045115,77.4827200296274,37.208333333333336,35.275,19.341666666666665,979.4499999999999,738.75,1.95,15.466666666666667,19.508333333333333,26.03333333333333,4.7,0.0,0.0,506.75,165.0
2025-04-25 15:00:00,0.02067808630028609,78.3251227837833,77.68350839592482,37.49166666666667,33.541666666666664,18.758333333333333,978.7833333333333,548.0833333333334,1.925,14.333333333333334,18.083333333333332,25.15833333333333,5.0,0.0,0.0,506.75,155.0
2025-04-25 16:00:00,0.021380646060285818,26.10928290540265,26.019682414795167,36.663636363636364,35.53636363636363,19.009090909090908,978.5272727272727,222.27272727272728,1.6090909090909091,17.099999999999998,22.045454545454547,29.4,4.5,0.0,0.0,506.75,114.0
2025-04-25 17:00:00,0.02107613958592415,7.960666784622798,7.782540217405845,35.916666666666664,38.458333333333336,19.583333333333332,978.6750000000001,50.0,1.5166666666666666,23.541666666666668,30.7,43.041666666666664,4.0,0.0,0.0,506.75,136.0
2025-04-25 18:00:00,0.0368802162209948,2.009764581091666,1.921814341018216,35.3,40.2,19.8,978.9,22.0,1.6,25.8,36.0,48.3,2.6,0.0,0.0,506.75,153.0
2025-04-26 06:00:00,0.12631401014071744,13.087749689581111,8.823464538301257,27.991666666666664,82.45,24.758333333333336,982.3083333333334,39.166666666666664,0.5916666666666667,48.291666666666664,53.63333333333333,72.48333333333333,1.6,0.0,0.0,506.75,103.5
2025-04-26 07:00:00,0.10110731521173046,73.78979474177301,63.45858889883845,29.433333333333334,75.18333333333334,24.599999999999998,983.25,133.83333333333334,0.8916666666666666,41.03333333333333,45.53333333333333,61.55833333333334,3.0,0.0,0.0,506.75,165.5
2025-04-26 08:00:00,0.023158828127467158,81.4484917375102,80.2407287317485,31.0,66.77499999999999,24.09166666666667,983.6416666666668,444.6666666666667,1.05,36.958333333333336,45.125,58.65833333333333,3.2,0.0,0.0,506.75,159.5
2025-04-26 09:00:00,0.024644176277056826,79.6798128543766,78.37333723898699,32.208333333333336,60.10833333333333,23.491666666666664,983.75,540.75,1.1416666666666666,30.708333333333332,41.4,54.275,3.7,0.0,0.0,506.75,175.0
2025-04-26 10:00:00,0.023684180130082458,78.77788034341364,77.56237435078997,32.708333333333336,56.85833333333333,23.05,983.3416666666667,696.9166666666666,1.7416666666666665,25.825,33.93333333333333,44.4,4.0,0.0,0.0,506.75,164.5
2025-04-26 11:00:00,0.022903149006264615,81.01777624426123,79.98177869439323,33.5,52.11666666666667,22.349999999999998,982.6916666666666,869.25,2.6,29.96666666666667,38.88333333333333,46.80833333333334,6.0,0.0,0.0,506.75,169.0
2025-04-26 12:00:00,0.02230680833618326,81.70532009896804,80.76535117087175,34.199999999999996,47.175000000000004,21.349999999999998,981.8000000000001,872.75,2.8333333333333335,27.8,35.1,43.99166666666667,7.5,0.0,0.0,506.75,162.0
2025-04-26 13:00:00,0.02202517859192275,79.69845918170252,78.8449734071199,35.166666666666664,42.09166666666666,20.383333333333333,980.7416666666667,784.0,2.716666666666667,24.133333333333336,30.7,39.083333333333336,6.9,0.0,0.0,506.75,171.5
2025-04-26 14:00:00,0.02151346624374761,78.88084433553519,78.11785328436225,36.05833333333333,39.0,19.933333333333334,980.025,607.8333333333334,1.9333333333333333,23.141666666666666,29.316666666666666,36.49166666666667,4.9,0.0,0.0,506.75,157.0
2025-04-26 15:00:00,0.02119407676547661,78.51744402961624,77.75309465228975,35.766666666666666,40.13333333333333,20.150000000000002,979.5833333333334,428.6666666666667,2.15,26.691666666666666,33.99166666666667,41.4,5.3,0.0,0.0,506.75,161.5
2025-04-26 16:00:00,0.02727380396718851,49.07793746178482,48.54545521694405,35.525,39.55833333333334,19.683333333333334,979.375,226.75,2.058333333333333,27.633333333333336,35.15833333333333,43.61666666666667,4.5,0.0,0.0,506.75,182.0
2025-04-26 17:00:00,0.04235441724334998,16.73890507129711,15.87345406619859,34.9,42.35,20.241666666666667,979.5416666666666,71.83333333333333,2.033333333333333,31.058333333333334,40.6,51.60833333333333,4.1,0.0,0.0,506.75,158.0
2025-04-26 18:00:00,0.0426011585739984,1.9782124638432803,1.869564921491328,34.3,46.2,21.1,979.7,23.0,2.3,29.1,37.6,50.4,3.1,0.0,0.0,506.75,146.0
2025-04-27 06:00:00,0.11851962023790584,22.263350567875268,15.08632275650527,26.275000000000002,89.14999999999999,24.34166666666667,983.7083333333334,54.25,0.5416666666666666,43.31666666666666,48.10833333333333,64.99166666666666,2.0,0.0,0.0,506.75,334.5
2025-04-27 07:00:00,0.0665657571674682,74.43143944755697,67.4216078187894,28.058333333333334,80.625,24.424999999999997,984.5583333333334,167.58333333333334,1.325,45.199999999999996,50.175000000000004,67.86666666666666,3.2,0.0,0.0,506.75,158.5
2025-04-27 08:00:00,0.023727743153318992,80.83381567140789,79.5962137644636,31.183333333333334,66.60833333333333,24.191666666666666,985.0166666666668,429.0,0.8333333333333334,34.4,42.358333333333334,55.916666666666664,1.7,0.0,0.0,506.75,220.0
2025-04-27 09:00:00,0.026618357543705378,79.1549149623015,77.49161768085031,32.541666666666664,58.89166666666667,23.458333333333332,984.9083333333333,654.6666666666666,0.9833333333333334,23.349999999999998,30.733333333333334,38.85,2.9,0.0,0.0,506.75,134.0
2025-04-27 10:00:00,0.025927925724672785,78.16828047573595,76.64425209537397,33.68333333333333,52.68333333333334,22.666666666666668,984.475,841.5,1.2833333333333334,19.591666666666665,25.974999999999998,34.75,3.4,0.0,0.0,506.75,130.5
2025-04-27 11:00:00,0.026099412117031675,77.39553712172518,75.86721248588685,34.75833333333333,45.175000000000004,21.141666666666666,983.9916666666667,931.9166666666666,1.4833333333333334,17.783333333333335,23.191666666666666,31.233333333333334,4.3,0.0,0.0,506.75,135.5
2025-04-27 12:00:00,0.025080020668871467,77.96249543461872,76.58047160173832,35.858333333333334,36.96666666666667,18.766666666666666,983.0583333333334,895.1666666666666,1.5833333333333333,14.966666666666667,18.766666666666666,24.325,4.8,0.0,0.0,506.75,82.5
2025-04-27 13:00:00,0.024491952494458093,77.94998069090978,76.66131537832374,36.5,33.56666666666667,17.933333333333334,981.7583333333333,879.9166666666666,1.75,12.383333333333333,15.924999999999999,21.558333333333334,4.8,0.0,0.0,506.75,127.0
2025-04-27 14:00:00,0.02081372511383826,77.96942498671321,77.23601242919948,37.050000000000004,31.849999999999998,17.566666666666666,980.6,754.75,1.7666666666666666,10.766666666666666,14.033333333333333,19.05,5.2,0.0,0.0,506.75,152.0
2025-04-27 15:00:00,0.019881728310096432,79.44011002279211,78.83713658437948,36.43333333333333,31.108333333333334,16.650000000000002,979.5416666666666,574.0,2.4583333333333335,10.341666666666667,13.200000000000001,17.391666666666666,6.3,0.0,0.0,506.75,153.5
2025-04-27 16:00:00,0.04157656249737856,27.542208901448543,26.456368807169806,36.17272727272727,30.545454545454547,16.145454545454545,979.2363636363636,236.0,2.0454545454545454,12.736363636363636,16.263636363636365,22.10909090909091,4.7,0.0,0.0,506.75,127.0
2025-04-27 17:00:00,0.04915848266401313,10.587626960720337,9.823626500890096,34.50833333333333,41.425000000000004,18.816666666666666,979.8666666666667,57.083333333333336,3.341666666666667,17.041666666666668,22.316666666666666,29.041666666666668,9.1,0.0,0.0,506.75,153.5
2025-04-27 18:00:00,0.0419425688062866,1.7333812946352158,1.6372775674984992,32.2,60.0,23.5,980.5,22.0,4.0,14.0,19.2,25.4,8.9,0.0,0.0,506.75,146.0
2025-04-28 06:00:00,0.07382111657178635,10.200331793068658,8.734405250355465,26.983333333333334,79.77499999999999,23.224999999999998,983.0916666666667,39.0,0.8416666666666667,31.75,35.25,47.64166666666667,2.1,0.0,0.0,506.75,155.0
2025-04-28 07:00:00,0.05286257536320895,67.71131721847115,63.79395134068696,28.083333333333332,75.96666666666667,23.458333333333332,983.8416666666667,149.25,1.0999999999999999,24.400000000000002,27.075,36.625,3.6,0.0,0.0,506.75,160.0
2025-04-28 08:00:00,0.023695379542217915,81.65985410277338,80.4366396135867,29.375,69.325,23.183333333333334,984.275,348.3333333333333,1.2666666666666666,24.7,30.7,38.666666666666664,3.5,0.0,0.0,506.75,154.5
2025-04-28 09:00:00,0.022255216335407432,82.2640870318558,81.24690358261768,30.566666666666666,62.775,22.7,984.3666666666667,430.6666666666667,1.1583333333333334,21.758333333333336,29.224999999999998,39.71666666666667,3.1,0.0,0.0,506.75,173.5
2025-04-28 10:00:00,0.023111586398972275,79.168886966941,78.07691164142442,32.21666666666667,57.49166666666667,22.775000000000002,983.9166666666666,838.0,1.2750000000000001,20.099999999999998,27.09166666666667,33.86666666666667,3.6,0.0,0.0,506.75,179.0
2025-04-28 11:00:00,0.026129799175819358,77.27398681207745,75.73234518630102,33.61666666666667,51.291666666666664,22.175,983.1750000000001,842.8333333333334,1.375,16.099999999999998,20.95,28.075,4.2,0.0,0.0,506.75,150.0
2025-04-28 12:00:00,0.024387606411337,76.08386259199277,74.84046303096822,33.80833333333333,48.574999999999996,21.441666666666666,982.0666666666666,542.4166666666666,1.3833333333333335,15.174999999999999,19.816666666666666,27.575,3.3,0.0,0.0,506.75,152.0
2025-04-28 13:00:00,0.020975163484018358,77.27503274620227,76.492786166211,35.041666666666664,40.90833333333334,19.775000000000002,980.7666666666668,795.3333333333334,1.5333333333333332,13.658333333333333,17.400000000000002,22.21666666666667,4.4,0.0,0.0,506.75,163.0
2025-04-28 14:00:00,0.020654857849033124,78.41295908153997,77.72122875047368,36.05833333333333,35.53333333333333,18.408333333333335,979.9583333333334,660.5833333333334,1.6583333333333332,12.166666666666666,15.391666666666666,19.033333333333335,4.4,0.0,0.0,506.75,153.5
2025-04-28 15:00:00,0.0204658820903393,78.00770160748162,77.3410209178363,36.300000000000004,33.300000000000004,17.616666666666667,979.1,555.4166666666666,1.5416666666666667,10.208333333333334,12.983333333333334,17.075,4.7,0.0,0.0,506.75,151.5
2025-04-28 16:00:00,0.021717348027392874,28.686377317131328,29.153968733771464,35.625,33.975,17.358333333333334,978.5333333333333,236.25,1.3333333333333333,11.833333333333334,14.633333333333333,19.866666666666667,3.9,0.0,0.0,506.75,148.0
2025-04-28 17:00:00,0.04670369775209216,9.42099540351875,8.85004587597961,34.541666666666664,39.44166666666667,18.741666666666667,978.4250000000001,53.416666666666664,1.55,19.091666666666665,23.633333333333336,29.525000000000002,3.7,0.0,0.0,506.75,147.0
2025-04-28 18:00:00,0.0492243339468849,1.06540935057616,0.993897995563538,33.9,43.5,19.8,978.7,16.0,1.9,25.6,32.1,38.3,3.0,0.0,0.0,506.75,157.0
2025-04-29 06:00:00,0.15235408834348793,14.529617246457468,8.339605596503551,26.441666666666666,84.01666666666667,23.541666666666668,982.2166666666667,37.666666666666664,0.3,26.325,29.25,39.525,1.5,0.0,0.0,506.75,19.5
2025-04-29 07:00:00,0.10520880462614891,76.30056203848649,65.0828579491036,28.474999999999998,73.53333333333333,23.316666666666666,982.7583333333333,119.83333333333333,0.5833333333333334,24.766666666666666,28.108333333333334,37.958333333333336,1.7,0.0,0.0,506.75,173.0
2025-04-29 08:00:00,0.02218381791559704,82.12337665631652,81.146406752854,29.583333333333332,67.85000000000001,23.025000000000002,983.2666666666668,452.5,1.075,24.566666666666666,31.416666666666668,41.675000000000004,2.5,0.0,0.0,506.75,164.0
2025-04-29 09:00:00,0.024526214003374115,79.66815285280968,78.3299829637257,31.2,61.225,22.849999999999998,983.4583333333334,530.1666666666666,1.2666666666666666,21.275000000000002,28.116666666666664,37.18333333333333,3.4,0.0,0.0,506.75,176.5
2025-04-29 10:00:00,0.022306554324465485,79.73401983716164,78.74928566196877,32.65833333333333,56.10833333333333,22.791666666666668,983.3000000000001,549.8333333333334,1.0416666666666667,19.5,25.849999999999998,33.24166666666667,3.0,0.0,0.0,506.75,165.0
2025-04-29 11:00:00,0.021838867554185442,78.89650360295197,77.9525447493828,33.49166666666667,51.13333333333333,22.0,982.5666666666666,883.3333333333334,1.7249999999999999,14.591666666666667,19.40833333333333,25.433333333333334,4.4,0.0,0.0,506.75,168.5
2025-04-29 12:00:00,0.021683049219818108,77.56468166820882,76.6866257992478,34.574999999999996,44.63333333333333,20.8,981.5666666666666,891.25,1.7750000000000001,11.591666666666667,14.625,18.016666666666666,4.4,0.0,0.0,506.75,157.0
2025-04-29 13:00:00,0.019640647905939723,76.71067071030059,76.14731039658895,35.61666666666667,40.4,20.108333333333334,980.4,757.25,1.5083333333333335,10.366666666666667,12.958333333333334,18.233333333333334,4.1,0.0,0.0,506.75,165.5
2025-04-29 14:00:00,0.019659484138613532,77.92895141675577,77.3717665411444,36.125,37.80833333333333,19.475,979.5166666666668,721.75,1.4833333333333334,9.691666666666666,12.075000000000001,16.341666666666665,3.8,0.0,0.0,506.75,155.0
2025-04-29 15:00:00,0.019688925966251217,77.5266269504793,76.93237797840095,36.708333333333336,34.86666666666667,18.708333333333332,978.7833333333333,541.3333333333334,1.425,9.049999999999999,11.041666666666666,15.525,3.7,0.0,0.0,506.75,132.0
2025-04-29 16:00:00,0.02435657462857616,29.091346665990372,29.351929495899284,35.541666666666664,37.875,19.008333333333333,978.3083333333333,240.16666666666666,1.5666666666666667,9.875,12.566666666666668,16.391666666666666,4.1,0.0,0.0,506.75,157.5
2025-04-29 17:00:00,0.04925012170421895,8.173382271664186,7.598569129014226,34.71666666666667,41.4,19.724999999999998,978.1666666666666,50.0,1.3416666666666668,13.333333333333334,17.375,22.691666666666666,3.3,0.0,0.0,506.75,148.5
2025-04-29 18:00:00,0.048332269326088,1.988228019049522,1.848073381461288,34.4,42.5,19.9,978.6,21.0,0.8,15.9,23.6,32.6,1.7,0.0,0.0,506.75,122.0
2025-04-30 06:00:00,0.13577841324960427,15.098948725118555,9.093795373887845,26.333333333333332,87.69166666666666,24.11666666666667,982.1583333333333,37.666666666666664,0.6833333333333332,26.150000000000002,29.025000000000002,39.25833333333333,1.7,0.0,0.0,506.75,341.0
2025-04-30 07:00:00,0.10380797563069077,74.96235569225135,63.931001479280035,28.325,78.16666666666667,24.150000000000002,983.1,134.75,0.6083333333333333,30.224999999999998,33.541666666666664,45.34166666666667,1.8,0.0,0.0,506.75,181.5
2025-04-30 08:00:00,0.022352015631567,80.24778701635925,79.15856621045684,29.541666666666668,73.04166666666667,24.208333333333332,983.875,331.5833333333333,0.9416666666666668,36.61666666666667,46.10833333333333,59.60833333333333,2.4,0.0,0.0,506.75,163.5
2025-04-30 09:00:00,0.02260972662217328,81.02934203805923,79.88102635560227,31.825,63.51666666666667,24.025000000000002,984.0,603.8333333333334,0.9833333333333334,39.78333333333333,51.949999999999996,66.60000000000001,3.0,0.0,0.0,506.75,125.5
2025-04-30 10:00:00,0.022479125153318607,78.82491432854458,77.70406476313009,33.94166666666667,54.925000000000004,23.608333333333334,983.4583333333334,764.5833333333334,1.1083333333333334,27.733333333333334,36.949999999999996,45.074999999999996,3.3,0.0,0.0,506.75,133.5
2025-04-30 11:00:00,0.019826985962384067,77.62332615544595,76.92527027660043,34.71666666666667,49.9,22.733333333333334,982.625,846.1666666666666,1.2333333333333334,26.233333333333334,33.75,42.85,3.9,0.0,0.0,506.75,174.0
2025-04-30 12:00:00,0.0200367061448334,76.78972532781255,76.06369597561621,35.875,42.541666666666664,21.166666666666668,981.5083333333333,863.0,1.3666666666666665,21.208333333333332,26.291666666666668,33.949999999999996,3.4,0.0,0.0,506.75,141.5
2025-04-30 13:00:00,0.017846173058282417,76.27892002280595,75.89840989257634,37.125,32.44166666666667,17.833333333333332,980.3083333333334,821.9166666666666,1.4916666666666665,17.191666666666666,22.675,29.21666666666667,4.7,0.0,0.0,506.75,151.0
2025-04-30 14:00:00,0.016850229108195034,78.53815733698069,78.30095733027929,37.05833333333333,30.358333333333334,16.775000000000002,979.2166666666667,700.8333333333334,2.2083333333333335,16.5,20.791666666666668,30.075,5.4,0.0,0.0,506.75,164.0
2025-04-30 15:00:00,0.0170627075214579,78.48344429195491,78.20978458592232,37.050000000000004,33.86666666666667,18.5,978.3583333333332,517.75,2.433333333333333,17.191666666666666,21.666666666666668,29.325,5.6,0.0,0.0,506.75,155.5
2025-04-30 16:00:00,0.02274293359067177,37.49346107994807,37.688775020049235,36.291666666666664,35.6,18.691666666666666,978.0416666666666,224.08333333333334,2.6,16.816666666666666,22.525000000000002,30.425,6.1,0.0,0.0,506.75,152.0
2025-04-30 17:00:00,0.04820943978530979,9.170400030257595,8.556579392630205,35.43333333333333,35.00833333333333,17.658333333333335,978.3416666666667,51.583333333333336,2.375,16.275000000000002,21.40833333333333,30.566666666666666,5.0,0.0,0.0,506.75,153.0
2025-04-30 18:00:00,0.049687147511674,0.9943589720074352,0.9234610402783288,34.9,37.1,18.1,979.0,13.0,1.6,20.0,25.9,34.6,3.5,0.0,0.0,506.75,151.0
2025-05-01 12:00:00,0.02462159091804831,76.70954907100207,75.40452685607978,36.76363636363636,41.4,21.527272727272727,982.0545454545455,849.0,1.3818181818181818,22.654545454545453,29.763636363636362,38.32727272727273,3.7,0.0,0.0,506.75,149.0
2025-05-01 13:00:00,0.02292388426800765,78.45717592489949,77.39070105873923,36.666666666666664,43.34166666666667,22.208333333333332,980.9583333333334,811.0,2.1750000000000003,20.383333333333333,26.258333333333336,36.06666666666667,5.7,0.0,0.0,506.75,165.0
2025-05-01 14:00:00,0.025369511003472674,77.41880076633282,76.01160512784213,36.958333333333336,38.699999999999996,20.608333333333334,980.225,544.8333333333334,1.9000000000000001,15.991666666666667,20.441666666666666,26.058333333333334,4.5,0.0,0.0,506.75,144.5
2025-05-01 15:00:00,0.0442269402640225,57.853161440769036,55.29764282620062,36.083333333333336,39.0,19.966666666666665,979.8666666666667,181.33333333333334,2.058333333333333,16.041666666666668,20.675,30.641666666666666,4.8,0.0,0.0,506.75,147.5
2025-05-01 16:00:00,0.058252374972983016,29.997003240043068,27.454160139904257,35.166666666666664,40.43333333333333,19.741666666666667,979.6333333333333,116.83333333333333,2.0166666666666666,17.783333333333335,23.05,33.025,3.9,0.0,0.0,506.75,162.0
2025-05-01 17:00:00,0.06213573898970134,19.13649925098204,17.351978928727515,34.225,46.916666666666664,21.224999999999998,979.7166666666667,71.91666666666667,0.6916666666666668,30.34166666666667,40.53333333333333,56.175000000000004,2.7,0.0,0.0,506.75,45.0
2025-05-01 18:00:00,0.0552256216112033,3.97340513157637,3.627534069349632,33.6,50.3,21.9,980.0,31.0,0.7,37.8,51.2,73.8,0.7,0.0,0.0,506.75,17.0
2025-05-02 06:00:00,0.10589308921972403,10.570177577330304,7.765305689386518,27.78333333333333,83.45,24.75,983.4583333333334,37.166666666666664,0.8833333333333333,36.475,40.516666666666666,54.75833333333333,1.7,0.0,0.0,506.75,342.0
2025-05-02 07:00:00,0.08743753999668176,70.95361099408625,62.155218953768866,29.53333333333333,77.24166666666666,25.099999999999998,984.1750000000001,136.41666666666666,0.425,40.475,44.9,60.708333333333336,1.8,0.0,0.0,506.75,137.0
2025-05-02 08:00:00,0.02587670318493453,80.87800491881299,79.14183616056016,31.491666666666664,67.52499999999999,24.733333333333334,984.8083333333334,381.1666666666667,0.7083333333333334,36.28333333333333,43.375,56.99166666666667,2.0,0.0,0.0,506.75,47.0
2025-05-02 09:00:00,0.026386589109602832,80.18826233842675,78.40968424751212,32.28333333333333,63.800000000000004,24.575,985.2416666666667,474.6666666666667,1.1166666666666667,33.30833333333333,43.4,54.40833333333333,2.8,0.0,0.0,506.75,110.0
2025-05-02 10:00:00,0.02382419156058764,80.17267160021134,78.88323064805755,33.13333333333333,59.583333333333336,24.224999999999998,984.4499999999999,732.25,1.5916666666666666,32.725,43.10833333333333,55.30833333333334,3.6,0.0,0.0,506.75,171.0
2025-05-02 11:00:00,0.025450768059392267,78.43433988901424,76.94364672740925,34.775,52.15833333333333,23.53333333333333,983.475,771.75,1.2750000000000001,32.31666666666667,42.025,54.61666666666667,3.8,0.0,0.0,506.75,139.0
2025-05-02 12:00:00,0.024030182225728752,76.09041567835308,74.85098101517168,36.71666666666667,43.19166666666666,22.15833333333333,982.2166666666667,821.1666666666666,1.2750000000000001,29.525000000000002,38.516666666666666,52.958333333333336,3.2,0.0,0.0,506.75,155.0
2025-05-02 13:00:00,0.02237934429397681,76.93760303139514,75.91622743033331,36.69166666666667,43.64166666666667,22.3,980.8166666666666,670.8333333333334,1.8333333333333333,26.541666666666668,34.858333333333334,47.53333333333333,4.6,0.0,0.0,506.75,169.0
2025-05-02 14:00:00,0.022641911605524184,78.78514657403021,77.7418346243572,36.458333333333336,45.86666666666667,22.925,979.975,604.5833333333334,2.5749999999999997,24.541666666666668,31.791666666666668,42.76666666666667,5.9,0.0,0.0,506.75,156.5
2025-05-02 15:00:00,0.023318142362704176,79.82646313947475,78.65988274354325,36.175000000000004,45.583333333333336,22.566666666666666,979.35,458.4166666666667,3.0500000000000003,23.900000000000002,30.599999999999998,42.208333333333336,6.5,0.0,0.0,506.75,157.0
2025-05-02 16:00:00,0.04143429888810001,34.633375327534225,34.26194172569842,34.824999999999996,46.475,21.691666666666666,978.9916666666667,159.58333333333334,2.9583333333333335,24.03333333333333,32.108333333333334,44.074999999999996,6.5,0.0,0.0,506.75,152.0
2025-05-02 17:00:00,0.06235457831319555,0.9256987638852544,0.8377665723585168,31.1,49.57272727272727,19.327272727272728,979.9454545454545,9.272727272727273,1.2000000000000002,21.80909090909091,29.3,46.57272727272727,3.9,0.0,0.0,506.75,111.0
2025-05-03 06:00:00,0.12129907367185107,16.04013442287923,11.160070708814823,26.575,74.95833333333333,21.8,982.5,47.083333333333336,0.6166666666666667,37.458333333333336,41.6,56.25,1.7,0.0,0.0,506.75,66.5
2025-05-03 07:00:00,0.09099798537161008,74.22887858604459,64.43400333280263,28.849999999999998,63.925000000000004,21.349999999999998,983.3916666666668,122.0,0.8166666666666668,31.083333333333332,37.025,50.40833333333333,2.2,0.0,0.0,506.75,116.5
2025-05-03 08:00:00,0.02679626940106201,80.93893432442103,79.14348145756458,30.608333333333334,57.71666666666667,21.325,984.225,364.3333333333333,0.8333333333333334,30.099999999999998,39.94166666666667,51.958333333333336,2.9,0.0,0.0,506.75,257.5
2025-05-03 09:00:00,0.02810298003366701,80.66848471358726,78.70685457483722,32.90833333333333,48.65,20.683333333333334,984.2083333333334,639.0,1.05,24.900000000000002,32.30833333333333,42.166666666666664,3.1,0.0,0.0,506.75,293.0
2025-05-03 10:00:00,0.027923741756324116,78.8060623812545,76.93939000299896,34.50833333333333,43.791666666666664,20.391666666666666,983.6166666666667,762.1666666666666,1.1333333333333333,24.941666666666666,32.75,43.61666666666667,3.7,0.0,0.0,506.75,189.5
2025-05-03 11:00:00,0.026450137247354927,77.59339530282459,75.96158374845159,35.65833333333333,38.333333333333336,19.3,982.8166666666666,845.6666666666666,1.2166666666666666,18.116666666666667,23.25,31.191666666666666,4.3,0.0,0.0,506.75,184.0
2025-05-03 12:00:00,0.026220357342865052,76.47518457532672,74.91847891313247,37.24166666666667,32.4,18.0,981.6999999999999,857.0,1.1583333333333334,14.6,19.233333333333334,29.166666666666668,4.4,0.0,0.0,506.75,239.5
2025-05-03 13:00:00,0.024192233943152914,75.83851444606726,74.58640478759644,38.49166666666667,29.633333333333336,17.675,980.4416666666666,802.4166666666666,1.1166666666666667,13.591666666666667,18.224999999999998,24.95,3.6,0.0,0.0,506.75,227.0
2025-05-03 14:00:00,0.022117002037424855,76.11073682689175,75.13153574632747,39.19166666666667,28.125,17.441666666666666,979.5583333333334,674.25,1.05,13.450000000000001,17.291666666666668,22.483333333333334,2.7,0.0,0.0,506.75,305.5
2025-05-03 15:00:00,0.022811104317678414,73.50631635791542,72.4802194982387,38.50833333333333,28.008333333333336,16.791666666666668,978.8000000000001,404.0,0.9416666666666668,16.099999999999998,20.266666666666666,28.150000000000002,3.3,0.0,0.0,506.75,271.0
2025-05-03 16:00:00,0.033219480925194715,36.29646662841478,35.94293012198557,37.733333333333334,28.958333333333332,16.658333333333335,978.225,208.75,0.9500000000000001,17.0,21.900000000000002,31.291666666666668,2.7,0.0,0.0,506.75,162.5
2025-05-03 17:00:00,0.05820141433061891,7.735955561633149,6.97760415138573,36.824999999999996,33.608333333333334,18.125,978.1500000000001,43.666666666666664,1.1166666666666667,24.0,31.458333333333332,44.60833333333333,2.6,0.0,0.0,506.75,151.5
2025-05-03 18:00:00,0.0600877359902248,0.384821295933228,0.34674358863872,35.8,39.3,19.8,978.3,6.0,0.8,29.5,38.6,55.9,1.8,0.0,0.0,506.75,179.0
2025-05-04 06:00:00,0.14954720769361007,12.361448476441671,7.3148071610551435,28.166666666666668,67.04166666666667,21.483333333333334,981.4499999999999,36.166666666666664,0.5083333333333333,34.13333333333333,39.46666666666667,53.40833333333333,1.7,0.0,0.0,506.75,141.5
2025-05-04 07:00:00,0.11026684377139538,73.67746321881529,62.54152429785855,29.941666666666666,58.53333333333333,20.95,982.4333333333334,112.5,0.8666666666666667,31.441666666666666,40.358333333333334,54.458333333333336,2.5,0.0,0.0,506.75,108.5
2025-05-04 08:00:00,0.024313921280472883,81.63440983581188,80.12551753945554,31.875,54.11666666666667,21.458333333333332,983.0416666666666,411.4166666666667,1.1583333333333334,28.075,37.483333333333334,48.625,3.4,0.0,0.0,506.75,113.0
2025-05-04 09:00:00,0.026973716746034927,80.16583217962123,78.3044018706946,33.8,49.59166666666667,21.833333333333332,983.0333333333333,621.0,1.075,27.7,36.824999999999996,48.38333333333333,2.6,0.0,0.0,506.75,231.5
2025-05-04 10:00:00,0.027008534368770265,78.38924832665508,76.54220351544382,35.358333333333334,45.625,21.875,982.4499999999999,759.0,1.0999999999999999,25.691666666666666,34.28333333333333,45.99166666666667,3.3,0.0,0.0,506.75,312.5
2025-05-04 11:00:00,0.026480285242658483,76.41749958542536,74.69691006419787,37.141666666666666,41.43333333333333,21.866666666666664,981.2916666666666,835.25,1.1083333333333334,23.0,29.583333333333332,40.44166666666667,3.3,0.0,0.0,506.75,227.0
2025-05-04 12:00:00,0.024434958474120926,75.47399685884982,74.10346398974802,38.24166666666667,38.03333333333333,21.45,980.2583333333333,849.6666666666666,1.1583333333333334,22.05,28.59166666666667,38.03333333333333,3.1,0.0,0.0,506.75,239.0
2025-05-04 13:00:00,0.02338761135113109,74.42485642880774,73.23749915894201,38.59166666666667,35.708333333333336,20.75,979.2666666666668,667.0833333333334,1.1416666666666666,18.458333333333332,23.900000000000002,34.025,4.0,0.0,0.0,506.75,165.0
2025-05-04 14:00:00,0.033379923942402,64.93736601757415,62.836532377468075,37.958333333333336,35.38333333333333,20.025000000000002,978.0916666666667,239.83333333333334,1.0333333333333334,18.358333333333334,23.633333333333336,32.84166666666667,4.4,0.0,0.0,506.75,128.5
2025-05-04 15:00:00,0.03302270184744901,64.21934951017387,62.471058561428684,34.275,43.791666666666664,20.01666666666667,977.4250000000001,188.75,1.55,17.458333333333332,23.758333333333336,32.266666666666666,7.3,3.0,0.25,507.0,264.5
2025-05-04 16:00:00,0.06105194616670225,17.300198480427017,15.701587326060114,32.9,49.925000000000004,21.091666666666665,977.8083333333334,58.75,1.2249999999999999,22.3,29.308333333333334,42.75,7.0,0.0,0.25,507.0,46.5
2025-05-04 17:00:00,0.03823083895556529,7.92598255609132,7.315289720751306,28.366666666666664,63.025000000000006,20.658333333333335,980.0916666666667,37.416666666666664,2.1,20.983333333333334,26.016666666666666,36.69166666666666,6.0,0.0,0.25,507.0,343.0
2025-05-04 18:00:00,0.0379365165741029,1.805294152835348,1.6283144313912838,28.2,64.6,20.9,980.2,16.0,1.2,20.2,22.5,30.2,2.0,0.0,0.25,507.0,0.0
2025-05-05 06:00:00,0.06107320648853639,9.200344516340904,8.034725109668964,25.483333333333334,77.80833333333334,21.349999999999998,981.375,40.333333333333336,0.8916666666666666,34.266666666666666,38.03333333333333,51.416666666666664,2.2,0.0,0.0,507.0,103.0
2025-05-05 07:00:00,0.04715015443454184,65.24062331802067,62.20044868646496,26.675,72.88333333333334,21.416666666666668,981.75,157.08333333333334,0.9916666666666667,29.483333333333334,33.09166666666667,44.35833333333333,2.7,0.0,0.0,507.0,113.5
2025-05-05 08:00:00,0.024767123441708564,78.59929293693439,77.06944510121241,27.958333333333332,67.69166666666666,21.458333333333332,982.2583333333333,244.5,0.9583333333333334,25.650000000000002,32.583333333333336,44.28333333333333,2.9,0.0,0.0,507.0,109.5
2025-05-05 09:00:00,0.02403295663349531,82.1605369665176,80.77708973043424,29.71666666666667,61.11666666666667,21.416666666666668,982.4250000000001,383.5,1.0250000000000001,23.883333333333336,31.46666666666667,41.03333333333333,2.8,0.0,0.0,507.0,127.0
2025-05-05 10:00:00,0.025493555942092017,81.2214122858047,79.68523344844408,32.53333333333333,51.958333333333336,21.375,981.9499999999999,627.25,0.9083333333333333,22.616666666666664,29.2,39.1,2.7,0.0,0.0,507.0,106.0
2025-05-05 11:00:00,0.02365315066718653,78.24036536212441,76.9730185848707,34.800000000000004,44.225,20.825,981.0833333333334,750.5833333333334,0.9833333333333334,20.058333333333334,25.625,34.56666666666667,2.5,0.0,0.0,507.0,118.5
2025-05-05 12:00:00,0.021532669067208285,77.1232172610395,76.16317576784682,36.31666666666667,37.88333333333333,19.691666666666666,980.2083333333334,750.8333333333334,1.0333333333333334,19.283333333333335,25.025000000000002,35.641666666666666,3.1,0.0,0.0,507.0,192.5
2025-05-05 13:00:00,0.022291027563146767,79.95519545993128,78.8304636492931,35.833333333333336,39.416666666666664,19.758333333333333,979.1999999999999,670.5833333333334,2.058333333333333,18.175,23.308333333333334,32.19166666666667,6.1,0.0,0.0,507.0,144.0
2025-05-05 14:00:00,0.020359986570905927,81.3743160977959,80.60519306301468,35.40833333333334,42.949999999999996,20.900000000000002,978.5833333333334,670.75,2.558333333333333,25.625,32.425000000000004,43.55833333333333,6.1,0.0,0.0,507.0,152.0
2025-05-05 15:00:00,0.020713923384930024,79.0087982758292,78.20608575330648,35.083333333333336,42.61666666666667,20.516666666666666,978.1750000000001,399.3333333333333,2.9,19.866666666666667,26.366666666666664,38.083333333333336,6.1,0.0,0.0,507.0,159.0
2025-05-05 16:00:00,0.02356303387021984,63.82616438101045,63.06257157098158,34.708333333333336,42.61666666666667,20.158333333333335,978.2083333333334,243.08333333333334,2.566666666666667,18.525000000000002,24.633333333333336,35.483333333333334,5.0,0.0,0.0,507.0,156.0
2025-05-05 17:00:00,0.04369046303349119,13.055693961031897,12.20746345865288,33.80833333333333,46.291666666666664,20.7,978.475,59.0,2.3666666666666667,22.25,30.28333333333333,40.608333333333334,5.1,0.0,0.0,507.0,149.5
2025-05-05 18:00:00,0.0473181552746199,0.9589272062097,0.897799657821686,33.2,47.2,20.4,979.1,13.0,2.4,24.3,33.4,49.2,4.2,0.0,0.0,507.0,157.0
2025-05-06 06:00:00,0.1017257571023712,17.507150856282077,13.248358768521152,27.78333333333333,71.02499999999999,22.05,982.6916666666666,54.666666666666664,0.30833333333333335,35.949999999999996,39.93333333333333,53.99166666666667,2.1,0.0,0.0,507.0,66.0
2025-05-06 07:00:00,0.07369191572092043,60.754889002793526,54.870369765221675,29.116666666666664,62.425000000000004,21.2,983.5500000000001,114.66666666666667,0.6833333333333332,33.13333333333333,42.34166666666667,55.6,2.1,0.0,0.0,507.0,174.0
2025-05-06 08:00:00,0.024454832897839836,81.36054264838593,80.00629363553809,31.308333333333334,58.06666666666666,22.083333333333332,984.1166666666667,395.5,0.8416666666666667,32.525,43.25,54.958333333333336,2.5,0.0,0.0,507.0,157.0
2025-05-06 09:00:00,0.024843844670674634,80.86948562190727,79.49731244844403,32.358333333333334,52.98333333333333,21.558333333333334,983.7916666666666,586.3333333333334,1.1833333333333333,27.925,36.34166666666667,47.89166666666667,3.4,0.0,0.0,507.0,170.0
2025-05-06 10:00:00,0.024884629679019343,79.18734612918108,77.83496727500827,34.09166666666667,45.48333333333333,20.666666666666668,983.125,748.9166666666666,1.125,21.816666666666666,28.083333333333332,39.5,3.1,0.0,0.0,507.0,173.0
2025-05-06 11:00:00,0.02432365906145631,77.77310049760057,76.51402054555952,35.925000000000004,41.1,20.666666666666668,982.1333333333333,825.8333333333334,1.2166666666666666,19.0,24.766666666666666,35.11666666666667,3.1,0.0,0.0,507.0,169.5
2025-05-06 12:00:00,0.022736192322064783,76.7158636482447,75.7691050194676,36.641666666666666,39.050000000000004,20.474999999999998,981.0333333333333,848.3333333333334,1.3416666666666668,18.5,23.78333333333333,33.69166666666667,3.5,0.0,0.0,507.0,166.0
2025-05-06 13:00:00,0.024296191701470283,74.82965939731618,73.77053599912593,37.84166666666667,36.05833333333333,20.224999999999998,979.6583333333333,743.0833333333334,1.4666666666666668,17.95,23.883333333333336,34.925000000000004,5.2,0.0,0.0,507.0,181.0
2025-05-06 14:00:00,0.021696500901580526,74.57785748720713,73.75122894539219,39.025,28.525000000000002,17.45,978.6,582.5,1.1500000000000001,16.433333333333334,22.21666666666667,30.433333333333334,5.0,0.0,0.0,507.0,201.5
2025-05-06 15:00:00,0.02246626650794011,71.42922752871954,70.57176486275888,38.416666666666664,29.616666666666664,17.583333333333332,977.7333333333332,297.9166666666667,0.7416666666666667,16.883333333333333,22.275000000000002,33.233333333333334,2.8,0.0,0.0,507.0,155.0
2025-05-06 16:00:00,0.02139732929196284,58.74079627588782,58.443496549473196,37.85,30.78333333333333,17.625,977.1416666666668,239.58333333333334,1.9916666666666665,18.083333333333332,24.325,34.074999999999996,6.4,0.0,0.0,507.0,160.5
2025-05-06 17:00:00,0.03818926661787194,24.638475814912308,23.43740415120948,36.15,39.025,20.008333333333333,977.3249999999999,89.33333333333333,2.783333333333333,25.150000000000002,33.55833333333333,47.050000000000004,5.8,0.0,0.0,507.0,157.0
2025-05-06 18:00:00,0.0373695566922128,5.243825748254232,4.90515718336754,35.7,39.7,19.9,977.3,39.0,2.8,26.8,35.0,53.1,4.6,0.0,0.0,507.0,166.0
2025-05-07 06:00:00,0.12624469340947853,17.139443420471636,11.054012431059926,25.0,78.80833333333334,21.091666666666665,982.0333333333333,46.083333333333336,0.35833333333333334,24.46666666666667,27.175,36.699999999999996,1.3,0.0,0.0,547.5,135.5
2025-05-07 07:00:00,0.09123964613728326,77.03585994016642,67.24045501513832,27.666666666666668,69.64166666666667,21.625,982.125,121.33333333333333,0.7833333333333333,22.516666666666666,25.016666666666666,33.78333333333333,1.9,0.0,0.0,547.5,126.5
2025-05-07 08:00:00,0.023370556065348897,82.31972249179114,81.15614205035091,29.691666666666666,64.09166666666667,22.183333333333334,982.1666666666666,406.1666666666667,0.875,22.041666666666668,27.375,34.641666666666666,2.9,0.0,0.0,547.5,132.0
2025-05-07 09:00:00,0.027802640337128644,81.94182770970444,80.12296368717202,31.558333333333334,58.75833333333333,22.525000000000002,981.5333333333333,640.0833333333334,1.1333333333333333,25.983333333333334,32.766666666666666,41.525,3.3,0.0,0.0,547.5,195.5
2025-05-07 10:00:00,0.029801307483979873,79.58625835068948,77.63853716589857,33.75833333333333,53.824999999999996,23.133333333333336,981.225,783.6666666666666,1.0833333333333333,27.258333333333336,35.916666666666664,48.550000000000004,3.4,0.0,0.0,547.5,168.0
2025-05-07 11:00:00,0.02493541028994864,77.37083816634542,76.10272169744569,35.083333333333336,50.14166666666667,23.15833333333333,980.725,827.6666666666666,1.1166666666666667,25.5,33.225,44.01666666666667,2.7,0.0,0.0,547.5,164.5
2025-05-07 12:00:00,0.02329588682270745,77.46657764316448,76.2839059024097,35.35,48.43333333333334,22.84166666666667,979.9583333333334,849.1666666666666,1.3833333333333335,24.333333333333332,31.666666666666668,40.15,3.8,0.0,0.0,547.5,145.0
2025-05-07 13:00:00,0.0228883958667393,78.61363907181548,77.46838718952456,36.050000000000004,45.800000000000004,22.53333333333333,978.6,742.9166666666666,1.6083333333333334,23.441666666666666,30.266666666666666,40.99166666666667,4.8,0.0,0.0,547.5,133.5
2025-05-07 14:00:00,0.022738709501126133,70.28485301508138,69.31116585562535,35.25,48.9,22.849999999999998,977.9666666666667,333.5,2.225,25.849999999999998,32.975,43.75833333333333,5.7,0.0,0.0,547.5,147.0
2025-05-07 15:00:00,0.022149541464290268,62.920540635633834,62.138536513091715,33.68333333333333,54.34166666666667,23.21666666666667,977.3249999999999,213.66666666666666,2.9499999999999997,28.09166666666667,37.358333333333334,48.78333333333333,6.6,0.0,0.0,547.5,154.0
2025-05-07 16:00:00,0.01476438160958065,48.64861432752739,48.76956965675077,33.516666666666666,53.96666666666667,22.95,977.35,140.83333333333334,2.0,30.116666666666664,39.18333333333333,49.93333333333334,4.3,0.0,0.0,547.5,151.5
2025-05-07 17:00:00,0.040985630771571004,2.9922244828972904,2.8854401944753945,29.558333333333334,57.824999999999996,20.400000000000002,978.4333333333334,23.583333333333332,1.2666666666666666,21.825,29.53333333333333,38.983333333333334,6.4,0.0,0.0,547.5,339.0
2025-05-07 18:00:00,0.0697006458687036,0.065436865190125,0.0605909409473549,30.1,56.1,20.4,979.9,1.0,1.8,22.3,28.5,36.3,3.7,0.0,0.0,547.5,35.0
2025-05-08 06:00:00,0.04999690684066085,4.489511593747487,4.090646338357853,24.849999999999998,81.35000000000001,21.433333333333334,981.5916666666667,28.333333333333332,0.4666666666666666,31.983333333333334,35.516666666666666,47.98333333333333,1.6,0.0,0.0,554.0,88.0
2025-05-08 07:00:00,0.05703256893787617,60.32115387494978,56.02448612582679,26.016666666666666,77.61666666666666,21.825,982.3000000000001,128.58333333333334,0.7916666666666666,32.275,35.824999999999996,48.449999999999996,1.8,0.0,0.0,554.0,113.5
2025-05-08 08:00:00,0.021597666104581775,81.24315867314739,80.16715162702441,28.058333333333334,71.05,22.3,982.75,377.5,0.8333333333333334,31.46666666666667,35.516666666666666,47.19166666666666,2.0,0.0,0.0,554.0,121.5
2025-05-08 09:00:00,0.02186802939982554,80.70880542602,79.48174073291382,31.066666666666666,59.1,22.141666666666666,982.7583333333333,623.25,0.9083333333333333,24.433333333333334,31.74166666666667,39.625,2.9,0.0,0.0,554.0,227.0
2025-05-08 10:00:00,0.021582548216093175,79.56379702675552,78.38602511332853,32.666666666666664,54.13333333333333,22.2,982.4916666666667,721.5,1.05,23.558333333333334,30.758333333333336,41.074999999999996,3.2,0.0,0.0,554.0,143.0
2025-05-08 11:00:00,0.022402286700803534,77.51980408395123,76.25752526033631,34.375,50.80833333333334,22.741666666666664,981.8083333333334,848.4166666666666,0.9583333333333334,23.025000000000002,30.21666666666667,40.15,3.3,0.0,0.0,554.0,293.5
2025-05-08 12:00:00,0.0194790003610922,76.20840912283425,75.42095876745442,35.75833333333333,47.74166666666667,22.958333333333332,980.8666666666667,872.25,0.9416666666666668,21.0,27.333333333333332,36.28333333333333,2.9,0.0,0.0,554.0,209.0
2025-05-08 13:00:00,0.01761763081164675,76.02056597622303,75.52998324273355,36.141666666666666,45.51666666666667,22.525000000000002,979.875,817.0833333333334,1.1583333333333334,18.974999999999998,25.09166666666667,35.00833333333333,3.3,0.0,0.0,554.0,174.5
2025-05-08 14:00:00,0.01927546440722805,69.19163945018805,68.72928088381867,35.925000000000004,42.483333333333334,21.141666666666666,979.0916666666667,540.6666666666666,1.7,17.71666666666667,22.991666666666664,33.324999999999996,9.3,0.0,0.0,554.0,153.0
2025-05-08 15:00:00,0.041278926302795275,1.848542605911217,1.78573472159061,24.325,81.325,20.599999999999998,980.6166666666667,15.583333333333334,3.716666666666667,19.2,22.808333333333334,29.96666666666667,11.6,144.0,48.75,602.75,124.0
2025-05-08 16:00:00,0.029943749497167275,11.236969629772197,10.890101431720169,23.925,84.24166666666666,21.125,979.5416666666666,55.416666666666664,1.2416666666666667,25.400000000000002,28.2,38.125,3.3,0.0,48.75,602.75,166.0
2025-05-08 17:00:00,0.025343652087270133,13.015516109489006,12.728832864446467,25.45,83.875,22.55,979.775,61.5,0.725,24.258333333333336,26.925,36.38333333333333,3.9,0.0,48.75,602.75,52.5
2025-05-08 18:00:00,0.0294210901198002,7.64081154498285,7.4399247396065,26.3,74.5,21.4,980.7,52.0,2.3,23.5,26.0,35.3,7.3,0.0,48.75,602.75,10.0
2025-05-09 06:00:00,0.12890246604440456,13.686309973346228,8.952460344620187,24.558333333333334,87.71666666666665,22.400000000000002,982.9166666666666,41.333333333333336,0.775,27.075,30.016666666666666,40.59166666666666,2.1,0.0,0.0,605.75,100.5
2025-05-09 07:00:00,0.06374771105524754,68.2796465638137,63.41816316139611,26.358333333333334,78.75833333333334,22.358333333333334,983.6416666666668,108.91666666666667,0.575,23.633333333333336,26.224999999999998,35.46666666666667,2.0,0.0,0.0,605.75,100.5
2025-05-09 08:00:00,0.01916201846583605,82.61763709440397,81.78733525653597,29.041666666666668,67.89166666666667,22.516666666666666,984.0416666666666,441.0833333333333,0.7916666666666666,20.958333333333332,25.0,33.275,2.4,0.0,0.0,605.75,119.0
2025-05-09 09:00:00,0.021243964509464683,80.5094815263731,79.40740340756118,30.883333333333336,60.56666666666666,22.383333333333336,984.2166666666667,660.5833333333334,0.875,20.916666666666668,27.358333333333334,34.108333333333334,2.8,0.0,0.0,605.75,192.0
2025-05-09 10:00:00,0.019428939893406234,79.51600450069716,78.70635647829079,31.78333333333333,57.76666666666667,22.441666666666666,983.7666666666668,798.25,1.25,21.474999999999998,28.175,37.88333333333333,3.3,0.0,0.0,605.75,152.5
2025-05-09 11:00:00,0.0207467816142921,77.55605444067442,76.57332937147807,33.0,53.375,22.241666666666664,982.9250000000001,882.8333333333334,1.0833333333333333,18.925,25.266666666666666,32.86666666666667,3.2,0.0,0.0,605.75,168.0
2025-05-09 12:00:00,0.02017987233590431,77.20257473243603,76.2648117706224,34.708333333333336,46.475,21.566666666666666,981.7583333333333,895.3333333333334,1.375,17.691666666666666,22.5,30.775000000000002,5.1,0.0,0.0,605.75,162.0
2025-05-09 13:00:00,0.01880394897972189,76.45253747022628,75.71763026246985,36.074999999999996,40.416666666666664,20.533333333333335,980.6166666666667,851.0,1.125,15.625,19.875,27.491666666666664,3.8,0.0,0.0,605.75,305.0
2025-05-09 14:00:00,0.017094583794992225,77.03757761696056,76.69025658219313,36.300000000000004,38.449999999999996,19.900000000000002,979.6333333333333,675.3333333333334,1.25,14.241666666666667,18.483333333333334,26.233333333333334,3.0,0.0,0.0,605.75,143.0
2025-05-09 15:00:00,0.016454947851385474,77.3880527962003,77.12003916173431,36.40833333333333,37.025,19.375,979.0833333333334,492.25,1.1583333333333334,17.741666666666667,23.241666666666664,30.34166666666667,3.2,0.0,0.0,605.75,162.5
2025-05-09 16:00:00,0.009356382574497718,27.93624822004191,28.853729098786207,35.95454545454545,37.32727272727273,19.145454545454545,978.7545454545453,217.9090909090909,0.9545454545454546,15.154545454545454,19.59090909090909,29.327272727272728,2.6,0.0,0.0,605.75,115.0
2025-05-09 17:00:00,0.028898850314768295,8.575670817616146,8.287824382945884,34.93333333333333,40.99166666666667,19.708333333333332,978.9499999999999,50.5,0.875,21.96666666666667,28.700000000000003,39.19166666666667,4.4,0.0,0.0,605.75,106.5
2025-05-09 18:00:00,0.0263686078302191,2.224689133759125,2.168736836521983,33.9,49.5,21.9,979.3,24.0,1.8,27.1,37.1,49.1,3.5,0.0,0.0,605.75,150.0
2025-05-10 06:00:00,0.07651609798564342,21.26739216950025,17.86735309300462,24.175,89.33333333333333,22.291666666666668,983.1083333333332,61.666666666666664,0.6333333333333333,20.150000000000002,22.349999999999998,30.191666666666666,1.7,0.0,8.5,614.25,235.5
2025-05-10 07:00:00,0.028169388227207475,74.52968814579691,72.76575936180582,26.3,78.10000000000001,22.150000000000002,983.6416666666668,196.83333333333334,0.6583333333333333,16.058333333333334,17.841666666666665,24.099999999999998,1.7,0.0,8.5,614.25,216.5
2025-05-10 08:00:00,0.018745740243879743,81.31413583591988,80.49101119083987,27.791666666666668,72.79166666666667,22.458333333333332,984.2083333333334,345.9166666666667,0.8333333333333334,18.458333333333332,21.099999999999998,28.266666666666666,2.3,0.0,8.5,614.25,86.0
2025-05-10 09:00:00,0.0203113396850967,80.97969955645443,79.90036579067394,30.45,63.40833333333333,22.724999999999998,984.3000000000001,576.25,0.7166666666666667,21.90833333333333,29.46666666666667,35.708333333333336,2.1,0.0,8.5,614.25,128.0
2025-05-10 10:00:00,0.02024072383049751,79.7904383788319,78.76536026996708,31.724999999999998,60.425000000000004,23.099999999999998,983.9666666666667,642.75,0.8333333333333334,29.2,37.925000000000004,45.425000000000004,2.5,0.0,8.5,614.25,159.0
2025-05-10 11:00:00,0.021484523572241936,77.38474503242837,76.19518831962624,34.041666666666664,51.975,22.78333333333333,983.3000000000001,853.0,0.9333333333333335,26.891666666666666,35.324999999999996,45.06666666666666,2.7,0.0,8.5,614.25,137.0
2025-05-10 12:00:00,0.020797893522272407,76.38434637626318,75.3395536547957,35.733333333333334,44.916666666666664,21.925,982.4,864.25,0.8916666666666667,24.03333333333333,31.2,41.61666666666667,2.7,0.0,8.5,614.25,260.5
2025-05-10 13:00:00,0.01893987585409391,75.60397278874285,74.86196478821803,36.583333333333336,40.949999999999996,21.208333333333332,981.3249999999999,816.8333333333334,0.9166666666666666,22.96666666666667,29.508333333333336,39.666666666666664,2.4,0.0,8.5,614.25,132.0
2025-05-10 14:00:00,0.01608427509787145,75.1141986139209,74.760173567299,36.94166666666667,38.44166666666667,20.483333333333334,980.4083333333333,622.8333333333334,0.8333333333333334,25.441666666666666,31.908333333333335,40.90833333333333,2.5,0.0,8.5,614.25,221.0
2025-05-10 15:00:00,0.021551509317432983,66.56458793980578,65.61213837419491,33.28333333333333,52.35,22.016666666666666,979.8583333333332,211.83333333333334,1.3583333333333334,30.316666666666666,39.46666666666667,52.15,5.2,0.0,8.5,614.25,206.5
2025-05-10 16:00:00,0.018728741609947683,42.197585006090236,42.04279774628464,32.025,57.675000000000004,22.650000000000002,979.2833333333333,139.0,0.8666666666666667,37.85,49.68333333333334,61.65,3.4,0.0,8.5,614.25,202.5
2025-05-10 17:00:00,0.02105676642472451,12.507465666003315,12.403593921604235,31.758333333333336,58.63333333333333,22.666666666666668,979.275,59.666666666666664,0.2333333333333333,58.48333333333333,77.33333333333333,100.0,1.5,0.0,8.5,614.25,266.0
2025-05-10 18:00:00,0.0366606838040767,0.6441160327694201,0.6212524922927001,31.1,54.8,20.9,979.6,9.0,0.0,70.7,92.3,117.3,0.0,0.0,8.5,614.25,316.0
2025-05-11 06:00:00,0.12686217264877864,14.169451472482676,9.059020459990165,26.266666666666666,77.28333333333333,22.008333333333336,982.3666666666667,40.0,0.39999999999999997,38.175000000000004,42.391666666666666,57.300000000000004,1.8,0.0,0.0,614.25,107.5
2025-05-11 07:00:00,0.08756825426542353,75.46354493504052,66.50765883199682,28.333333333333332,70.73333333333333,22.525000000000002,982.8666666666667,113.33333333333333,0.6666666666666666,38.38333333333333,42.608333333333334,57.625,1.9,0.0,0.0,614.25,119.5
2025-05-11 08:00:00,0.017003784059466665,81.70890856021164,81.04108354852919,30.675,61.65833333333333,22.491666666666664,983.0333333333333,432.1666666666667,0.7916666666666666,31.175,39.800000000000004,48.75833333333333,2.2,0.0,0.0,614.25,133.0
2025-05-11 09:00:00,0.021719177725548308,80.43076549296642,79.17530340207367,32.425000000000004,54.90833333333333,22.208333333333332,983.0416666666666,653.8333333333334,0.9583333333333334,28.46666666666667,35.925000000000004,45.28333333333333,3.0,0.0,0.0,614.25,120.0
2025-05-11 10:00:00,0.02407639346937941,77.96044055288887,76.46890897907839,34.40833333333333,49.78333333333333,22.433333333333334,982.475,792.25,0.9166666666666666,22.625,29.34166666666667,37.791666666666664,2.5,0.0,0.0,614.25,114.5
2025-05-11 11:00:00,0.02153538971291513,76.30423206321645,75.15746173472719,35.541666666666664,46.550000000000004,22.349999999999998,981.6666666666666,861.25,0.9666666666666667,22.575,29.099999999999998,36.291666666666664,3.1,0.0,0.0,614.25,203.0
2025-05-11 12:00:00,0.021199622908850264,76.04942849077298,74.93052194490225,36.583333333333336,43.541666666666664,22.183333333333334,980.65,872.5,1.0,20.916666666666668,26.575,35.266666666666666,3.0,0.0,0.0,614.25,243.5
2025-05-11 13:00:00,0.0175176490618222,75.71013067891938,75.11754728103712,37.050000000000004,41.449999999999996,21.791666666666668,979.5666666666666,641.6666666666666,0.9750000000000001,17.133333333333333,21.71666666666667,27.71666666666667,3.0,0.0,0.0,614.25,147.0
2025-05-11 14:00:00,0.01644153498048309,74.85101982588195,74.49803892933687,37.11666666666667,40.375,21.433333333333334,978.625,625.3333333333334,1.05,16.783333333333335,21.583333333333332,28.59166666666667,3.0,0.0,0.0,614.25,187.5
2025-05-11 15:00:00,0.01765235454114712,75.46320155971846,75.0173218541318,37.63333333333333,38.65833333333333,21.183333333333334,977.65,531.25,1.0833333333333333,16.275000000000002,20.233333333333334,27.53333333333333,3.3,0.0,0.0,614.25,202.0
2025-05-11 16:00:00,0.01756451248363829,68.49674196784237,68.15537667916455,36.125,40.34166666666667,20.55,977.4833333333332,224.16666666666666,1.1416666666666666,18.583333333333332,23.599999999999998,32.291666666666664,2.3,0.0,0.0,614.25,189.5
2025-05-11 17:00:00,0.026755417560648743,18.67146496545247,18.243950615173393,34.99166666666667,44.76666666666667,21.150000000000002,977.7083333333334,72.41666666666667,0.7333333333333334,21.441666666666666,27.275000000000002,35.449999999999996,2.1,0.0,0.0,614.25,209.0
2025-05-11 18:00:00,0.0277114984086602,2.033990656888438,1.9549160435416275,33.4,52.0,22.2,978.3,23.0,0.8,26.9,34.4,46.3,1.7,0.0,0.0,614.25,57.0
2025-05-12 06:00:00,0.13837857243179913,16.31005721884021,9.801453345790662,26.958333333333332,75.81666666666666,22.349999999999998,980.4666666666667,42.833333333333336,0.6333333333333333,34.90833333333333,38.733333333333334,52.35833333333333,1.9,0.0,0.0,614.75,120.0
2025-05-12 07:00:00,0.09720717321405474,76.04130027789223,65.90574560384425,29.21666666666667,67.03333333333333,22.474999999999998,981.0333333333333,111.41666666666667,0.8166666666666668,29.541666666666668,33.208333333333336,44.725,2.4,0.0,0.0,614.75,116.0
2025-05-12 08:00:00,0.018363499622480125,81.94031027373069,81.19776293223855,31.03333333333333,59.78333333333333,22.3,981.4499999999999,424.5,1.0333333333333334,19.358333333333334,25.308333333333334,35.15833333333333,2.8,0.0,0.0,614.75,79.5
2025-05-12 09:00:00,0.02036512641206543,80.54569583442259,79.46091079618908,33.4,53.21666666666667,22.608333333333334,981.5416666666666,643.25,1.0333333333333334,16.933333333333334,22.09166666666667,32.825,2.4,0.0,0.0,614.75,185.0
2025-05-12 10:00:00,0.02099557338817476,78.54926014126589,77.43241116990944,35.375,48.125,22.758333333333336,980.9250000000001,789.8333333333334,1.0666666666666667,14.375,18.366666666666667,27.708333333333332,2.8,0.0,0.0,614.75,156.5
2025-05-12 11:00:00,0.021298098732524976,75.80906493852702,74.76708030930854,36.291666666666664,44.166666666666664,22.150000000000002,980.0833333333334,849.4166666666666,1.2833333333333332,12.75,16.708333333333332,25.666666666666668,5.0,0.0,0.0,614.75,11.0
2025-05-12 12:00:00,0.0202226421497843,75.74221799918429,74.8383898808642,36.93333333333333,42.949999999999996,22.28333333333333,979.3166666666666,754.5833333333334,1.1666666666666667,12.85,16.73333333333333,23.875,3.5,0.0,0.0,614.75,16.0
2025-05-12 13:00:00,0.01875568718417259,72.88130266490353,72.25160513048142,36.858333333333334,41.725,21.71666666666667,978.2666666666668,567.1666666666666,1.125,14.6,19.0,28.008333333333336,3.8,0.0,0.0,614.75,29.5
2025-05-12 14:00:00,0.016598502788273933,74.99884166909013,74.74393688847344,37.725,39.56666666666667,21.666666666666668,977.2583333333333,636.6666666666666,1.075,15.241666666666667,19.958333333333332,25.925,4.2,0.0,0.0,614.75,15.5
2025-05-12 15:00:00,0.018605101052969867,67.94129177560747,67.60337265349109,38.125,38.449999999999996,21.53333333333333,976.3583333333332,428.1666666666667,0.7583333333333333,16.125,20.55,29.166666666666668,3.9,0.0,0.0,614.75,34.5
2025-05-12 16:00:00,0.0075385757698641365,57.9223041622543,58.93051072340341,37.43636363636364,39.17272727272727,21.21818181818182,975.6818181818181,221.72727272727272,0.6545454545454545,16.30909090909091,20.90909090909091,28.30909090909091,3.4,0.0,0.0,614.75,163.0
2025-05-12 17:00:00,0.032076697186851445,5.166301786263591,4.989138242185352,34.891666666666666,47.68333333333334,22.116666666666664,976.35,28.0,0.8333333333333334,22.083333333333332,28.708333333333332,41.13333333333333,4.2,0.0,0.0,614.75,134.5
2025-05-12 18:00:00,0.0450254824349092,0.332542797972515,0.319700949852928,33.4,49.8,21.5,976.9,5.0,1.3,24.2,29.8,42.4,3.0,0.0,0.0,614.75,129.0
2025-05-13 06:00:00,0.11575794275725165,9.09728030018524,6.312755174745363,27.608333333333334,70.325,21.75,980.375,34.333333333333336,0.6,20.041666666666668,22.24166666666667,30.116666666666664,2.0,0.0,0.0,614.75,198.5
2025-05-13 07:00:00,0.09334936144209005,76.20860221065014,66.57127881325059,29.633333333333336,63.85833333333333,22.083333333333332,980.65,105.16666666666667,0.7999999999999999,18.400000000000002,22.441666666666666,29.46666666666667,2.8,0.0,0.0,614.75,296.5
2025-05-13 08:00:00,0.01915349791289314,81.3858909824334,80.50246171111242,31.5,58.81666666666666,22.483333333333334,981.025,437.1666666666667,0.8666666666666667,15.091666666666667,20.0,26.325,2.2,0.0,0.0,614.75,182.0
2025-05-13 09:00:00,0.022906521985714676,79.89791526896826,78.47216092037176,33.525,54.15,23.016666666666666,981.0749999999999,655.25,0.9416666666666668,16.825,22.666666666666668,28.974999999999998,2.9,0.0,0.0,614.75,265.5
2025-05-13 10:00:00,0.02111841693952349,77.98025058512242,76.85674444635926,35.041666666666664,51.074999999999996,23.441666666666666,980.725,793.0,1.0166666666666666,14.841666666666667,19.083333333333332,25.7,2.7,0.0,0.0,614.75,191.5
2025-05-13 11:00:00,0.018748427049131183,76.13847846833727,75.3232246399733,36.791666666666664,46.05833333333334,23.291666666666668,980.1666666666666,872.1666666666666,0.9833333333333334,14.475,19.10833333333333,25.816666666666666,2.5,0.0,0.0,614.75,180.0
2025-05-13 12:00:00,0.019143292797733767,74.81752930644298,74.10879349202061,37.25833333333333,43.80833333333334,22.916666666666668,979.225,826.25,1.1833333333333333,14.483333333333334,18.766666666666666,26.316666666666666,3.4,0.0,0.0,614.75,117.5
2025-05-13 13:00:00,0.019852911688621633,76.12362525720049,75.31233791148813,38.425000000000004,36.983333333333334,21.091666666666665,978.0833333333334,850.5,1.325,15.783333333333333,19.891666666666666,27.116666666666664,3.5,0.0,0.0,614.75,213.5
2025-05-13 14:00:00,0.019339298859260893,75.54323706741143,74.81488871701386,39.275,32.9,20.008333333333333,977.1083333333332,694.75,1.25,16.416666666666668,20.683333333333334,28.391666666666666,3.9,0.0,0.0,614.75,208.0
2025-05-13 15:00:00,0.01897405484880175,76.08825238221176,75.40158994330267,38.94166666666667,33.11666666666667,19.808333333333334,976.2416666666667,502.9166666666667,1.2916666666666667,17.099999999999998,21.858333333333334,29.066666666666666,3.3,0.0,0.0,614.75,72.5
2025-05-13 16:00:00,0.016636506496052125,56.348832400914425,56.367666478890904,37.583333333333336,36.358333333333334,20.125,975.7333333333332,192.75,1.2333333333333334,20.025000000000002,25.991666666666664,34.949999999999996,4.7,0.0,0.0,614.75,128.5
2025-05-13 17:00:00,0.03397202141209867,8.580758678783493,8.380761992796199,35.63333333333333,43.24166666666667,21.241666666666667,976.1166666666667,48.75,1.4000000000000001,29.45,37.891666666666666,50.06666666666666,4.7,0.0,0.0,614.75,130.0
2025-05-13 18:00:00,0.02191901967236,2.531919332171502,2.5289232081697604,35.2,44.8,21.5,976.5,23.0,1.0,31.9,42.6,53.5,1.8,0.0,0.0,614.75,97.0
2025-05-14 06:00:00,0.08992511199271365,15.06907407605396,11.559558127644038,27.90833333333333,70.45833333333333,22.075,980.6166666666667,46.333333333333336,0.6,20.724999999999998,23.0,31.116666666666664,1.9,0.0,0.0,614.75,102.5
2025-05-14 07:00:00,0.05670022603630489,75.0225938130934,69.46379027495739,29.866666666666664,65.06666666666666,22.616666666666664,981.3083333333334,135.75,0.75,22.641666666666666,26.941666666666666,35.63333333333333,2.2,0.0,0.0,614.75,143.5
2025-05-14 08:00:00,0.016207959703464368,80.63097961055242,80.09469146559833,31.733333333333334,59.25,22.849999999999998,981.7833333333333,403.25,0.8333333333333334,22.28333333333333,29.108333333333334,39.09166666666667,2.1,0.0,0.0,614.75,141.5
2025-05-14 09:00:00,0.018420633609260776,79.54574885438508,78.6491662000364,33.175000000000004,55.800000000000004,23.191666666666666,981.6750000000001,624.6666666666666,0.8916666666666667,25.375,32.675000000000004,42.375,2.4,0.0,0.0,614.75,132.0
2025-05-14 10:00:00,0.018110715665801483,78.24021018175584,77.41113589391794,34.583333333333336,51.86666666666667,23.241666666666664,981.475,768.1666666666666,1.1333333333333335,21.708333333333332,27.583333333333332,37.86666666666667,3.0,0.0,0.0,614.75,149.5
2025-05-14 11:00:00,0.018435077224771407,76.15140327539488,75.32070465328498,36.483333333333334,45.574999999999996,22.8,980.8583333333332,789.75,0.9833333333333334,16.883333333333333,21.766666666666666,29.400000000000002,3.0,0.0,0.0,614.75,129.5
2025-05-14 12:00:00,0.01777668124576244,76.33276442041075,75.60484947716449,37.05833333333333,44.00833333333333,22.791666666666668,979.8916666666668,576.75,0.9500000000000001,18.733333333333334,25.791666666666668,36.208333333333336,3.3,0.0,0.0,614.75,124.0
2025-05-14 13:00:00,0.017074251750626584,78.28569658716883,77.64959115916977,37.46666666666667,39.225,21.25,978.9916666666667,711.5,1.3916666666666666,21.483333333333334,27.75,35.275,4.4,0.0,0.0,614.75,176.5
2025-05-14 14:00:00,0.016554113813902444,76.85057236274824,76.33262797688148,38.18333333333333,36.1,20.566666666666666,978.15,702.8333333333334,1.5416666666666667,21.25,27.016666666666666,34.483333333333334,6.3,0.0,0.0,614.75,346.5
2025-05-14 15:00:00,0.015038207435189242,76.74109406335349,76.450392659243,38.449999999999996,34.38333333333333,20.008333333333333,977.1,522.0,1.5250000000000001,19.741666666666667,25.03333333333333,32.94166666666667,5.0,0.0,0.0,614.75,340.5
2025-05-14 16:00:00,0.010843503002412946,50.59816719825626,50.68003254378398,37.58181818181818,36.95454545454545,20.40909090909091,976.3909090909091,225.0,1.309090909090909,19.081818181818182,24.227272727272727,29.627272727272725,3.5,0.0,0.0,614.75,348.0
2025-05-14 17:00:00,0.022581906502566765,18.906557338741674,18.648746496955148,36.074999999999996,41.55833333333333,20.974999999999998,976.225,71.16666666666667,1.4166666666666667,22.05,28.558333333333334,38.46666666666667,3.6,0.0,0.0,614.75,351.0
2025-05-14 18:00:00,0.0183613421030089,3.5021944177275537,3.438734542273845,35.1,44.4,21.2,976.5,29.0,0.9,27.5,36.5,40.7,1.6,0.0,0.0,614.75,348.0
2025-05-15 06:00:00,0.13186038185080648,11.749453249688573,7.548142622848338,25.791666666666668,77.27499999999999,21.525000000000002,981.2833333333333,37.666666666666664,0.5333333333333333,21.566666666666666,23.941666666666666,32.38333333333333,1.8,0.0,0.0,614.75,114.5
2025-05-15 07:00:00,0.08237160890023296,76.37510158855791,67.98332787586473,27.8,70.05,21.858333333333334,981.5,120.33333333333333,0.8333333333333334,17.983333333333334,20.616666666666667,27.383333333333336,2.5,0.0,0.0,614.75,113.0
2025-05-15 08:00:00,0.017119436226365806,82.07895965599143,81.47438360194597,30.025000000000002,60.86666666666667,21.675,981.8000000000001,430.3333333333333,0.9916666666666667,13.991666666666667,18.033333333333335,23.84166666666667,3.0,0.0,0.0,614.75,140.0
2025-05-15 09:00:00,0.02276512071565953,80.50416226159162,79.30605081706932,32.06666666666667,54.074999999999996,21.633333333333336,982.0833333333334,639.4166666666666,1.0166666666666666,15.4,19.8,25.90833333333333,3.2,0.0,0.0,614.75,104.5
2025-05-15 10:00:00,0.023284819024405615,78.83109504368413,77.52945637962246,33.733333333333334,49.541666666666664,21.75,981.7166666666667,699.25,0.9500000000000001,16.766666666666666,22.241666666666664,30.016666666666666,2.7,0.0,0.0,614.75,196.0
2025-05-15 11:00:00,0.020266113141758423,77.80582732851741,76.89805287424343,35.15833333333334,46.39166666666667,21.974999999999998,981.2583333333333,749.25,0.9583333333333334,17.675,23.46666666666667,29.333333333333332,3.1,0.0,0.0,614.75,135.5
2025-05-15 12:00:00,0.017943680056133535,76.1560604658256,75.48077179275138,36.1,44.916666666666664,22.25,980.4833333333332,855.8333333333334,1.0333333333333334,19.099999999999998,25.491666666666664,33.36666666666667,3.4,0.0,0.0,614.75,90.0
2025-05-15 13:00:00,0.0151317068195086,75.06141254470018,74.85466716261128,36.63333333333333,42.86666666666667,22.0,979.5916666666667,801.0833333333334,1.2916666666666667,22.90833333333333,29.5,37.34166666666667,3.9,0.0,0.0,614.75,177.0
2025-05-15 14:00:00,0.013983134094201759,76.44200168935319,76.43635428666146,36.61666666666667,42.233333333333334,21.724999999999998,978.5916666666667,690.9166666666666,1.5833333333333333,25.733333333333334,32.025,37.94166666666666,3.8,0.0,0.0,614.75,181.5
2025-05-15 15:00:00,0.014466110885848335,75.7997527351963,75.72382039757773,37.458333333333336,39.483333333333334,21.349999999999998,977.5583333333334,452.5833333333333,1.0999999999999999,26.65833333333333,32.975,41.71666666666667,3.4,0.0,0.0,614.75,162.0
2025-05-15 16:00:00,0.005274719202000057,53.24558575695051,54.41558137914703,36.166666666666664,41.85,21.175,977.2166666666667,212.08333333333334,1.3833333333333335,30.625,38.96666666666666,47.73333333333334,4.2,0.0,0.0,614.75,169.0
2025-05-15 17:00:00,0.02418649976626616,11.434471445686818,11.307769507036497,35.333333333333336,45.39166666666667,21.733333333333334,977.2416666666667,53.416666666666664,1.3666666666666665,38.041666666666664,49.833333333333336,62.86666666666667,3.1,0.0,0.0,614.75,164.0
2025-05-15 18:00:00,0.0432434123294296,0.297603949367558,0.28720375759512,34.7,48.1,22.1,977.7,5.0,0.9,44.0,60.0,73.0,1.5,0.0,0.0,614.75,195.0
2025-05-16 06:00:00,0.13992646074321766,17.25898951246236,10.506779017180992,25.833333333333332,73.64166666666667,20.808333333333334,980.7333333333332,43.833333333333336,0.7416666666666667,17.691666666666666,19.658333333333335,26.566666666666666,1.8,0.0,0.0,614.75,177.5
2025-05-16 07:00:00,0.08900645509865494,77.10273026836086,67.61949874415592,27.90833333333333,66.72500000000001,21.158333333333335,981.1083333333332,115.5,0.8583333333333334,18.316666666666666,21.866666666666664,29.183333333333334,2.7,0.0,0.0,614.75,111.5
2025-05-16 08:00:00,0.02021484956786341,81.98667012816121,81.18271287230137,30.083333333333332,60.949999999999996,21.741666666666664,981.4083333333333,428.1666666666667,0.9250000000000002,18.908333333333335,24.625,32.074999999999996,2.5,0.0,0.0,614.75,133.0
2025-05-16 09:00:00,0.020418597467040268,80.11030491175394,79.17191443786477,32.483333333333334,53.65833333333333,21.90833333333333,981.85,641.0,0.9500000000000001,17.433333333333334,23.683333333333334,31.8,2.8,0.0,0.0,614.75,264.0
2025-05-16 10:00:00,0.020634596932790433,77.79386589804422,76.75188206853568,34.59166666666667,48.35833333333333,22.083333333333332,981.75,768.5,0.9833333333333334,16.575,23.233333333333334,34.65833333333333,3.5,0.0,0.0,614.75,210.5
2025-05-16 11:00:00,0.02021052262188639,79.65880208960915,78.81705963622684,34.61666666666667,46.10833333333333,21.34166666666667,981.35,601.8333333333334,2.15,12.625,16.766666666666666,21.2,6.1,0.0,0.0,614.75,351.0
2025-05-16 12:00:00,0.021160224948206314,80.07195287250569,79.19470100197351,35.175000000000004,45.51666666666667,21.65833333333333,980.3916666666668,871.0,2.1,13.275,16.95,21.191666666666666,6.3,0.0,0.0,614.75,353.0
2025-05-16 13:00:00,0.01734989405282857,76.33542249439941,75.81005083071976,36.166666666666664,43.875,21.958333333333332,979.2666666666668,665.25,1.6500000000000001,17.391666666666666,22.375,27.03333333333333,4.8,0.0,0.0,614.75,331.5
2025-05-16 14:00:00,0.0158998639159891,74.01942481235538,73.76777614552253,36.025,45.03333333333333,22.233333333333334,978.1833333333334,373.5,1.0416666666666667,21.349999999999998,28.28333333333333,35.18333333333333,4.0,0.0,0.0,614.75,327.0
2025-05-16 15:00:00,0.016702787571228034,62.397332832993676,62.141808572601754,36.38333333333333,44.74166666666667,22.458333333333332,977.1083333333332,189.33333333333334,0.2833333333333333,25.150000000000002,32.333333333333336,40.15,1.9,0.0,0.0,614.75,141.0
2025-05-16 16:00:00,0.017987204164097065,46.12933454119133,45.866313645025905,35.75,46.375,22.5,976.5166666666668,143.58333333333334,0.06666666666666667,29.025000000000002,39.05833333333333,51.6,1.1,0.0,0.0,614.75,131.5
2025-05-16 17:00:00,0.021218375374080185,18.74760720169332,18.592887661490856,35.666666666666664,46.84166666666667,22.575,976.8583333333332,74.08333333333333,0.016666666666666666,32.90833333333333,43.94166666666666,61.10833333333333,0.7,0.0,0.0,614.75,115.5
2025-05-16 18:00:00,0.0229211795537511,4.919502840697565,4.809365211834876,35.1,51.8,23.7,977.6,33.0,0.0,36.2,48.2,72.2,0.0,0.0,0.0,614.75,55.0
2025-05-17 06:00:00,0.1263229503972162,21.32322596525719,13.154976463706364,25.21666666666667,87.7,23.041666666666668,980.375,51.5,0.7666666666666666,17.833333333333332,19.791666666666668,26.78333333333333,2.3,0.0,3.0,628.75,145.0
2025-05-17 07:00:00,0.09001461070922961,77.99984613156369,68.22633658151248,27.516666666666666,76.78333333333333,23.075,981.0083333333333,113.66666666666667,0.8500000000000001,13.825000000000001,15.35,20.733333333333334,2.5,0.0,3.0,628.75,165.5
2025-05-17 08:00:00,0.01851306546654296,82.45969986913512,81.7991256763142,29.458333333333332,69.65833333333333,23.325,981.0833333333334,391.4166666666667,0.9333333333333335,13.125,16.316666666666666,24.400000000000002,2.6,0.0,3.0,628.75,130.5
2025-05-17 09:00:00,0.02337171435890111,80.3956665498135,79.0253647902551,31.849999999999998,63.35,24.066666666666666,980.9416666666666,653.0,0.9249999999999999,12.308333333333332,15.950000000000001,20.508333333333333,2.6,0.0,3.0,628.75,308.5
2025-05-17 10:00:00,0.021713136401425692,78.17530750806101,77.13012272042614,33.525,59.31666666666666,24.508333333333336,980.6333333333333,728.25,1.0666666666666667,12.466666666666667,16.658333333333335,22.75,3.4,0.0,3.0,628.75,232.0
2025-05-17 11:00:00,0.02111666288125505,75.00000892011266,74.11113360150279,35.35,49.699999999999996,23.224999999999998,980.025,673.75,0.8083333333333332,12.183333333333332,15.933333333333332,23.233333333333334,2.6,0.0,3.0,628.75,65.5
2025-05-17 12:00:00,0.020465700964895042,76.25684344960888,75.53352525373042,35.333333333333336,48.0,22.675,979.5500000000001,469.5,0.8583333333333334,12.525,16.05,21.150000000000002,2.7,0.0,3.0,628.75,35.5
2025-05-17 13:00:00,0.020324384883008435,73.97587717094494,73.20951782692865,34.275,50.65,22.566666666666666,978.475,276.0833333333333,1.0166666666666666,17.683333333333334,23.325,28.925,3.3,0.0,3.0,628.75,166.0
2025-05-17 14:00:00,0.03325397139574563,26.0187658824094,25.28521029171367,31.40833333333333,61.89166666666667,23.191666666666666,977.5,86.58333333333333,1.075,21.916666666666668,28.825,36.416666666666664,3.9,0.0,3.0,628.75,145.0
2025-05-17 15:00:00,0.04207491682870147,1.0114814975669457,0.9750895748718763,27.733333333333334,81.03333333333333,23.977777777777778,978.0999999999999,12.555555555555555,1.7444444444444445,30.06666666666667,36.422222222222224,51.82222222222222,7.0,24.0,8.0,633.75,151.0
2025-05-17 16:00:00,0.04219097639061529,1.2059256446971434,1.1365234715211854,25.599999999999998,91.60833333333333,24.15833333333333,978.7583333333333,14.916666666666666,1.125,30.416666666666668,33.78333333333333,45.65833333333333,4.7,15.0,9.25,635.0,222.0
2025-05-17 17:00:00,0.04713272213095381,0.5516346378807945,0.5204566558003179,25.650000000000002,90.875,24.058333333333334,978.6999999999999,7.833333333333333,0.8250000000000001,20.366666666666667,22.608333333333334,30.575,2.0,0.0,9.25,635.0,196.0
2025-05-17 18:00:00,0.0563635292983322,0.139976011548756,0.1303914726715788,25.6,92.2,24.2,978.8,3.0,0.3,21.8,24.2,32.7,0.8,0.0,9.25,635.0,141.0
2025-05-18 06:00:00,0.056473692185750025,14.596064125909853,12.894871903899656,25.325,86.41666666666667,22.933333333333334,980.3583333333332,51.5,0.6916666666666668,12.133333333333333,13.475,18.224999999999998,2.1,0.0,0.0,635.25,78.0
2025-05-18 07:00:00,0.04180922593040315,70.04908712153842,66.82015053306161,26.933333333333334,80.125,23.224999999999998,980.6666666666666,153.83333333333334,0.7333333333333334,13.108333333333334,14.549999999999999,19.691666666666666,1.9,0.0,0.0,635.25,95.0
2025-05-18 08:00:00,0.02109119361527312,80.8648923541061,80.11444808975774,29.45,69.375,23.275000000000002,980.7833333333333,380.75,0.8333333333333334,12.299999999999999,14.85,20.675,2.3,0.0,0.0,635.25,77.0
2025-05-18 09:00:00,0.021997643806973444,80.56620434164851,79.58771852332498,31.075,63.80833333333333,23.400000000000002,980.5833333333334,628.3333333333334,0.9,11.516666666666666,14.941666666666668,19.408333333333335,2.6,0.0,0.0,635.25,129.0
2025-05-18 10:00:00,0.02405238917825911,79.29946030695609,78.01608149744537,32.45,60.31666666666666,23.816666666666666,980.1166666666667,691.3333333333334,0.9416666666666668,10.708333333333334,14.116666666666667,17.15,3.3,0.0,0.0,635.25,293.5
2025-05-18 11:00:00,0.02403355602950411,77.5167636443979,76.27332142752302,33.824999999999996,57.225,24.191666666666666,979.625,761.8333333333334,0.8666666666666667,10.483333333333333,14.275,19.75,4.0,0.0,0.0,635.25,294.0
2025-05-18 12:00:00,0.021518868674026793,77.44011236034672,76.61860128604609,34.61666666666667,54.25833333333333,24.03333333333333,979.0916666666667,702.0,0.85,10.85,13.808333333333332,17.7,2.3,0.0,0.0,635.25,219.0
2025-05-18 13:00:00,0.021653026402276565,78.94642520379547,78.02325031322125,34.28333333333333,51.93333333333334,23.008333333333336,978.1166666666667,527.3333333333334,1.1333333333333333,15.033333333333333,19.958333333333332,23.825,3.2,0.0,0.0,635.25,326.5
2025-05-18 14:00:00,0.021486158760151725,79.29216996710336,78.46039011412013,34.608333333333334,50.94166666666666,22.991666666666664,976.6916666666666,589.0,1.45,15.616666666666667,20.783333333333335,25.349999999999998,3.7,0.0,0.0,635.25,344.0
2025-05-18 15:00:00,0.020396914263134,77.23587759297708,76.54724605872701,34.416666666666664,49.574999999999996,22.366666666666664,975.8833333333333,375.0833333333333,1.5166666666666666,19.258333333333333,25.441666666666666,29.766666666666666,4.6,0.0,0.0,635.25,347.0
2025-05-18 16:00:00,0.03024411773778623,16.85016396509725,16.53300307260838,29.310000000000002,74.11,23.669999999999998,976.5,74.0,1.4300000000000002,26.76,32.18,41.59,3.8,24.0,3.75,639.0,193.5
2025-05-18 17:00:00,0.04996453614997531,0.5869975603607929,0.5466376979533113,26.116666666666664,88.425,24.083333333333332,977.1833333333334,8.583333333333334,0.8083333333333332,39.0,43.31666666666666,58.53333333333333,2.6,3.0,3.75,639.0,138.0
2025-05-18 18:00:00,0.066734389612635,0.0856827777402431,0.0766170667093615,26.4,90.4,24.7,977.6,1.0,0.5,35.7,39.6,53.5,0.7,0.0,3.75,639.0,1.0
2025-05-19 06:00:00,0.04245705112456627,5.309034218813679,4.895817126689296,25.325,89.54166666666667,23.5,978.525,33.666666666666664,0.7666666666666666,15.958333333333334,17.724999999999998,23.941666666666666,1.6,0.0,0.0,640.25,125.0
2025-05-19 07:00:00,0.03710989222490333,10.196723947383754,9.698378488817134,25.858333333333334,86.60833333333333,23.483333333333334,979.4333333333334,53.916666666666664,0.7000000000000001,15.116666666666667,16.8,22.7,1.7,0.0,0.0,640.25,109.5
2025-05-19 08:00:00,0.030643535445372443,8.499159949759248,8.186655732106345,25.941666666666666,87.825,23.808333333333334,979.9666666666667,41.25,0.5,17.675,19.599999999999998,26.508333333333336,1.8,0.0,0.0,640.25,73.0
2025-05-19 09:00:00,0.025494979468310336,56.331520269655556,55.411546530339145,26.516666666666666,86.35000000000001,24.083333333333332,980.5916666666667,124.83333333333333,0.35833333333333334,19.233333333333334,21.349999999999998,28.875,1.5,3.0,0.25,640.5,126.5
2025-05-19 10:00:00,0.019640415415265473,80.94362295040132,80.32758857212374,27.583333333333332,85.11666666666666,24.866666666666664,980.1416666666668,282.75,0.4583333333333333,18.533333333333335,20.608333333333334,27.791666666666668,1.3,3.0,0.5,640.75,99.5
2025-05-19 11:00:00,0.019362531719160817,81.928229398439,81.32562958717863,29.675,77.61666666666666,25.349999999999998,978.6166666666667,486.1666666666667,0.6666666666666666,23.066666666666666,28.241666666666664,36.916666666666664,2.3,0.0,0.5,640.75,84.5
2025-05-19 12:00:00,0.018263182745103843,77.72528601826484,77.34498134583873,30.95,71.625,25.233333333333334,978.15,451.3333333333333,0.8833333333333333,24.566666666666666,32.5,39.983333333333334,2.5,0.0,0.5,640.75,113.0
2025-05-19 13:00:00,0.01907113094595109,77.0368015093101,76.53135431806597,31.5,65.875,24.349999999999998,977.6166666666667,358.9166666666667,0.5750000000000001,22.175,29.208333333333332,34.641666666666666,2.4,0.0,0.5,640.75,144.5
2025-05-19 14:00:00,0.01915086105873068,80.2242903250529,79.68790158732601,31.650000000000002,63.35833333333333,23.883333333333336,976.9666666666667,421.1666666666667,1.5166666666666666,16.175,21.241666666666667,25.40833333333333,3.9,0.0,0.5,640.75,350.5
2025-05-19 15:00:00,0.020865801857263656,67.71720501454848,67.09167613318336,31.808333333333334,62.625,23.808333333333334,976.4333333333334,315.3333333333333,1.4416666666666667,15.424999999999999,20.866666666666667,25.400000000000002,4.4,0.0,0.5,640.75,349.5
2025-05-19 16:00:00,0.02534983916723221,63.56631735719043,62.76756499097874,31.2,65.71666666666667,24.041666666666668,975.9166666666666,188.91666666666666,1.2583333333333333,17.358333333333334,22.34166666666667,28.983333333333334,3.8,0.0,0.5,640.75,187.5
2025-05-19 17:00:00,0.02953736556294127,20.243330177736894,19.90537815160819,31.125,65.06666666666666,23.808333333333334,975.5083333333333,75.08333333333333,1.0583333333333333,16.325,21.3,26.175,3.0,0.0,0.5,640.75,36.5
2025-05-19 18:00:00,0.0283394752689265,1.4555640228797542,1.4292056234671051,30.8,67.2,24.0,975.8,19.0,0.8,17.7,20.1,27.1,1.4,0.0,0.5,640.75,19.0
2025-05-20 06:00:00,0.03525395003581252,4.182274465489982,4.034883050881658,25.875,94.075,24.875,978.225,27.0,0.5833333333333334,13.008333333333333,14.450000000000001,19.55,1.9,0.0,0.0,645.0,162.5
2025-05-20 07:00:00,0.028752747420593666,59.24200908149273,58.14301027275923,26.71666666666667,89.40833333333335,24.875,978.4416666666666,152.58333333333334,0.8333333333333334,14.441666666666668,16.041666666666668,21.683333333333334,2.0,0.0,0.0,645.0,96.5
2025-05-20 08:00:00,0.020049368115139365,78.66711378727219,78.04726361012807,28.233333333333334,82.175,24.925,979.0416666666666,266.1666666666667,0.8666666666666667,14.575000000000001,16.191666666666666,21.90833333333333,2.2,0.0,0.0,645.0,84.0
2025-05-20 09:00:00,0.02012037905138946,81.48451290164289,80.80331258146184,30.016666666666666,73.75,24.808333333333334,978.9916666666667,446.0833333333333,0.875,10.841666666666667,12.558333333333332,16.2,2.6,0.0,0.0,645.0,119.0
2025-05-20 10:00:00,0.0217059765206663,79.47290023636099,78.62887535065347,32.108333333333334,65.10833333333333,24.75,978.6416666666665,708.3333333333334,0.9500000000000001,8.308333333333334,11.041666666666666,16.058333333333334,3.6,0.0,0.0,645.0,203.0
2025-05-20 11:00:00,0.023859831175992035,76.98325732245092,75.82336565429385,33.824999999999996,59.425000000000004,24.833333333333332,977.9083333333333,852.0833333333334,0.9166666666666666,9.583333333333334,12.933333333333332,21.175,2.8,0.0,0.0,645.0,251.5
2025-05-20 12:00:00,0.02296447678325655,76.98010800949804,75.97094898055454,34.80833333333333,56.4,24.883333333333336,977.0083333333333,834.0,0.9666666666666667,9.283333333333333,12.108333333333334,16.849999999999998,2.7,0.0,0.0,645.0,173.0
2025-05-20 13:00:00,0.02134302276472343,80.06699569171424,79.30878145689029,32.05833333333333,62.324999999999996,23.875,976.4,511.5833333333333,1.925,4.283333333333333,5.766666666666667,8.741666666666667,6.1,0.0,0.0,645.0,351.5
2025-05-20 14:00:00,0.02009103290689685,77.79624892810263,77.25452427055883,32.208333333333336,61.03333333333333,23.758333333333336,975.4416666666666,516.5833333333334,1.425,6.766666666666667,8.508333333333333,10.666666666666666,5.0,0.0,0.0,645.0,350.0
2025-05-20 15:00:00,0.039425547919955964,3.1953619833674676,3.1120538422838973,29.345454545454547,77.05454545454546,24.7,975.3727272727273,17.454545454545453,1.6272727272727272,8.781818181818181,10.936363636363636,14.163636363636364,7.3,3.0,0.5,645.5,152.0
2025-05-20 16:00:00,0.054387899171465526,0.2005650051779516,0.19045150724114548,26.25,92.50833333333333,24.958333333333332,976.0166666666668,4.0,1.4000000000000001,9.416666666666666,10.458333333333334,14.166666666666666,3.6,3.0,0.75,645.75,151.0
2025-05-20 17:00:00,0.06874611784761797,0.05508074132902304,0.05154660995871912,25.983333333333334,93.74166666666667,24.974999999999998,976.8083333333334,1.4166666666666667,1.0416666666666667,12.658333333333333,14.049999999999999,19.008333333333333,2.7,3.0,1.0,646.0,150.5
2025-05-20 18:00:00,0.0747829382118617,0.0346681649041146,0.0324584689920318,25.5,95.0,24.6,977.4,1.0,1.1,18.7,20.7,28.0,1.9,0.0,1.0,646.0,157.0
2025-05-21 06:00:00,0.11401571463762196,16.71332035509855,11.847373988722005,25.758333333333336,95.04166666666667,24.941666666666666,979.0500000000001,48.833333333333336,0.4916666666666667,9.75,10.799999999999999,14.658333333333333,1.4,0.0,0.0,654.75,179.5
2025-05-21 07:00:00,0.07485464120615613,70.1886919935131,64.4102545361122,27.808333333333334,82.54166666666667,24.55,979.4499999999999,103.5,0.575,8.125,9.033333333333333,12.233333333333334,1.6,0.0,0.0,654.75,255.5
2025-05-21 08:00:00,0.022457029051364267,81.74648177520054,80.7840280870713,30.241666666666664,68.35000000000001,23.766666666666666,980.1666666666666,444.5,0.8500000000000001,6.391666666666667,7.616666666666667,10.325000000000001,2.8,0.0,0.0,654.75,287.5
2025-05-21 09:00:00,0.024853700893078076,80.27704686215573,78.95035005989914,31.566666666666666,60.19166666666666,22.925,980.6750000000001,652.3333333333334,1.0833333333333333,4.308333333333334,6.083333333333333,8.875,3.0,0.0,0.0,654.75,84.5
2025-05-21 10:00:00,0.02505122009316299,80.63618397581097,79.32390531518031,31.933333333333334,58.98333333333333,22.933333333333334,980.375,651.25,1.0083333333333333,4.641666666666667,6.5249999999999995,10.408333333333333,3.3,0.0,0.0,654.75,169.5
2025-05-21 11:00:00,0.024151444806759834,79.46280034753278,78.28640076517136,32.9,57.38333333333333,23.366666666666664,979.9416666666666,658.1666666666666,1.0166666666666668,5.125,7.425,11.641666666666666,2.9,0.0,0.0,654.75,173.5
2025-05-21 12:00:00,0.024738441060686806,78.4080496651814,77.15574398586772,33.75833333333333,53.800000000000004,23.125,979.3583333333332,660.75,1.0083333333333333,5.133333333333334,6.616666666666667,11.975,3.7,0.0,0.0,654.75,292.0
2025-05-21 13:00:00,0.024642540182687567,78.401971470409,77.17141075653528,34.18333333333333,51.199999999999996,22.683333333333334,978.4583333333334,580.9166666666666,0.9583333333333334,5.258333333333334,7.95,16.058333333333334,3.2,0.0,0.0,654.75,308.5
2025-05-21 14:00:00,0.022033577348650843,79.05336200150562,78.14684945732725,34.166666666666664,50.275,22.358333333333334,977.5416666666666,473.5833333333333,1.0833333333333333,5.266666666666667,7.366666666666667,14.225,3.2,0.0,0.0,654.75,312.0
2025-05-21 15:00:00,0.021343250897933406,78.74512115592451,78.01363238783951,34.541666666666664,48.475,22.108333333333334,976.9250000000001,442.75,0.9583333333333334,6.266666666666667,8.758333333333333,16.224999999999998,3.1,0.0,0.0,654.75,316.5
2025-05-21 16:00:00,0.0191574783972604,61.305095782246106,61.070095738424776,33.63333333333333,50.21666666666667,21.883333333333336,976.2833333333333,216.91666666666666,1.0333333333333334,8.475,12.291666666666666,21.816666666666666,3.4,0.0,0.0,654.75,325.0
2025-05-21 17:00:00,0.03163893966099051,10.844345955188784,10.559999462500537,32.208333333333336,53.791666666666664,21.691666666666666,976.8666666666667,52.583333333333336,0.7333333333333334,10.566666666666666,14.758333333333333,25.15833333333333,2.1,0.0,0.0,654.75,52.0
2025-05-21 18:00:00,0.0297054451099807,1.7167256351468,1.67569868227617,31.5,56.6,21.9,977.2,18.0,0.9,13.0,20.1,30.2,2.7,0.0,0.0,654.75,308.0
2025-05-22 06:00:00,0.035728349067625224,5.728442765392606,5.532341393287985,25.775000000000002,72.02499999999999,20.358333333333334,980.6999999999999,30.666666666666668,0.5083333333333333,21.633333333333336,24.016666666666666,32.425000000000004,1.4,0.0,0.0,654.75,123.0
2025-05-22 07:00:00,0.03179487407422166,50.334955493813176,49.0767410735358,26.724999999999998,70.14999999999999,20.849999999999998,981.5333333333333,121.66666666666667,0.425,24.383333333333336,27.15833333333333,36.824999999999996,2.0,0.0,0.0,654.75,140.0
2025-05-22 08:00:00,0.021422835607566634,79.44572220962952,78.66505886540749,28.266666666666666,66.05833333333334,21.333333333333332,981.8666666666667,272.8333333333333,0.6583333333333333,23.391666666666666,31.883333333333336,54.725,1.8,0.0,0.0,654.75,121.0
2025-05-22 09:00:00,0.021656730092825375,82.0129122086283,81.20957922149873,30.233333333333334,60.60833333333333,21.791666666666668,982.2166666666667,533.4166666666666,0.9416666666666668,21.033333333333335,30.75,56.59166666666667,2.6,0.0,0.0,654.75,123.5
2025-05-22 10:00:00,0.0216756027616142,80.40336638456291,79.62425603033775,31.974999999999998,55.71666666666667,22.025000000000002,981.6166666666667,745.0833333333334,1.125,18.474999999999998,27.09166666666667,55.34166666666667,3.4,0.0,0.0,654.75,62.0
2025-05-22 11:00:00,0.023492428125155892,78.0178515289843,76.93605553605595,33.36666666666667,51.5,22.025000000000002,980.7083333333334,857.3333333333334,1.0666666666666667,17.45,27.0,50.50833333333333,3.6,0.0,0.0,654.75,217.0
2025-05-22 12:00:00,0.022129350106060732,77.26993524615175,76.43922010522607,34.666666666666664,47.925000000000004,22.008333333333336,979.5916666666667,900.6666666666666,1.0916666666666666,16.591666666666665,25.71666666666667,48.775,3.4,0.0,0.0,654.75,82.0
2025-05-22 13:00:00,0.021198882583436118,76.55351707210646,75.91529107527333,35.11666666666667,43.9,21.016666666666666,978.5583333333334,626.0833333333334,1.0333333333333334,16.95,27.425,52.050000000000004,3.2,0.0,0.0,654.75,312.5
2025-05-22 14:00:00,0.0211507295064908,77.8284165648476,77.18811661259278,34.74166666666667,44.69166666666666,20.974999999999998,977.775,417.9166666666667,0.8083333333333332,17.75,27.55,55.25833333333333,2.8,0.0,0.0,654.75,295.0
2025-05-22 15:00:00,0.020972057671069883,69.69699602049775,69.21621008431747,34.24166666666667,44.96666666666667,20.608333333333334,977.35,224.83333333333334,0.5666666666666667,21.416666666666668,33.5,67.40833333333333,2.8,0.0,0.0,654.75,333.5
2025-05-22 16:00:00,0.02250727754313026,55.430921076603994,54.943316444707314,33.5,48.425000000000004,21.15,977.0749999999999,148.66666666666666,0.2333333333333333,25.258333333333336,39.15,77.65833333333333,1.2,0.0,0.0,654.75,317.0
2025-05-22 17:00:00,0.02900846208663295,20.226841911991627,19.804991583938797,32.516666666666666,51.84166666666667,21.375,977.1666666666666,76.91666666666667,0.3666666666666667,27.325,41.65,79.675,1.5,0.0,0.0,654.75,313.0
2025-05-22 18:00:00,0.0274333845510498,3.625838629283592,3.551500418964456,31.9,53.4,21.2,977.3,30.0,0.4,28.1,40.7,83.4,1.0,0.0,0.0,654.75,301.0
2025-05-23 06:00:00,0.13881126719378964,23.33716989889818,14.579953654832343,27.05,68.925,20.908333333333335,978.775,52.333333333333336,0.1416666666666667,26.641666666666666,29.575,39.983333333333334,2.0,0.0,0.0,654.75,86.0
2025-05-23 07:00:00,0.08570925798147143,77.06539421171884,67.99067679463455,29.133333333333336,63.71666666666667,21.575,979.3833333333333,115.58333333333333,0.5499999999999999,29.0,39.05833333333333,60.46666666666667,1.9,0.0,0.0,654.75,77.0
2025-05-23 08:00:00,0.0225538023398047,81.39120454770183,80.43091191595677,30.65833333333333,58.824999999999996,21.700000000000003,979.7666666666668,406.0,0.8250000000000001,23.241666666666664,33.93333333333333,57.708333333333336,2.2,0.0,0.0,654.75,83.0
2025-05-23 09:00:00,0.02673894462834134,80.42385464158657,78.84838409483912,32.291666666666664,53.6,21.683333333333334,979.6999999999999,665.6666666666666,0.9583333333333334,19.425,28.974999999999998,50.99166666666667,2.7,0.0,0.0,654.75,98.0
2025-05-23 10:00:00,0.0280508033060341,78.53655390882925,76.82411061649427,34.166666666666664,47.86666666666667,21.566666666666666,979.0749999999999,815.6666666666666,1.0416666666666667,16.633333333333333,24.583333333333332,48.75833333333333,4.1,0.0,0.0,654.75,246.5
2025-05-23 11:00:00,0.027944775439865857,77.8498249927084,76.14359692694673,35.041666666666664,43.36666666666667,20.724999999999998,978.2083333333334,894.1666666666666,1.1833333333333333,13.733333333333334,21.2,40.25833333333333,3.1,0.0,0.0,654.75,305.5
2025-05-23 12:00:00,0.027904033526180556,77.38919285009185,75.71590183748084,36.041666666666664,40.583333333333336,20.558333333333334,977.375,914.0,1.2333333333333334,13.583333333333334,20.808333333333334,44.36666666666667,3.5,0.0,0.0,654.75,301.5
2025-05-23 13:00:00,0.02615456887478509,77.35966971132528,75.97394583557862,36.641666666666666,39.375,20.633333333333336,976.3083333333334,869.5833333333334,1.2333333333333334,9.691666666666666,15.174999999999999,31.03333333333333,4.5,0.0,0.0,654.75,301.5
2025-05-23 14:00:00,0.022987921284706864,76.60049494577794,75.69101556444578,36.94166666666667,38.699999999999996,20.599999999999998,975.3666666666667,701.9166666666666,1.1833333333333333,10.549999999999999,15.791666666666666,31.141666666666666,3.6,0.0,0.0,654.75,289.0
2025-05-23 15:00:00,0.024595875990552435,75.4224001237893,74.3290746945144,36.28333333333333,40.141666666666666,20.591666666666665,974.4499999999999,432.0833333333333,0.9583333333333334,12.6,19.316666666666666,42.89166666666667,3.3,0.0,0.0,654.75,310.0
2025-05-23 16:00:00,0.0009309460144703536,41.50272795104342,42.24473676327869,35.53636363636363,41.93636363636364,20.62727272727273,974.0272727272727,268.1818181818182,0.8272727272727273,12.163636363636364,17.927272727272726,38.50909090909091,2.5,0.0,0.0,654.75,299.0
2025-05-23 17:00:00,0.03396235913757086,13.799090806437901,13.48886519791015,33.475,47.041666666666664,20.633333333333333,974.5166666666668,53.75,0.5333333333333333,14.958333333333334,22.90833333333333,47.125,2.9,0.0,0.0,654.75,312.5
2025-05-23 18:00:00,0.0349435831222619,0.991790886159948,0.964145173954736,31.2,68.0,24.6,975.3,4.0,1.4,19.3,27.5,59.3,3.7,6.0,0.5,655.25,61.0
2025-05-24 06:00:00,0.03920385342912098,2.1067488752498833,2.049648428164478,26.766666666666666,82.24166666666666,23.508333333333336,977.9166666666666,18.0,0.26666666666666666,9.866666666666667,10.966666666666667,14.825000000000001,1.6,0.0,0.0,655.5,135.5
2025-05-24 07:00:00,0.03408964478719379,37.22189373496702,36.13685626775848,27.525000000000002,78.46666666666667,23.46666666666667,977.8416666666667,92.58333333333333,0.31666666666666665,11.716666666666667,13.0,17.591666666666665,1.2,0.0,0.0,655.5,82.5
2025-05-24 08:00:00,0.0245156802815947,74.67681666891151,73.57998405510774,28.891666666666666,72.3,23.416666666666668,978.3666666666667,215.83333333333334,0.6083333333333333,13.725,15.924999999999999,21.816666666666666,1.7,0.0,0.0,655.5,150.5
2025-05-24 09:00:00,0.022541899589023775,78.32714176109,77.36704149539305,29.833333333333332,66.45833333333333,22.941666666666666,978.4916666666667,257.4166666666667,0.7916666666666666,10.041666666666666,14.275,22.025000000000002,3.0,0.0,0.0,655.5,299.0
2025-05-24 10:00:00,0.02294595114692202,80.73872878373172,79.68129029942412,31.025000000000002,60.1,22.383333333333336,977.5666666666666,374.0833333333333,0.9583333333333334,8.991666666666667,11.758333333333333,19.2,4.0,0.0,0.0,655.5,277.5
2025-05-24 11:00:00,0.022117141906536634,80.46359144462876,79.55458915471134,31.933333333333334,55.4,21.916666666666668,977.1333333333333,401.9166666666667,1.0416666666666667,7.541666666666667,10.408333333333333,17.349999999999998,5.7,0.0,0.0,655.5,279.0
2025-05-24 12:00:00,0.02249053739305641,79.83260216331887,78.9814755345868,32.475,53.525,21.849999999999998,976.0749999999999,385.8333333333333,0.9666666666666667,7.5,10.141666666666666,16.675,4.3,0.0,0.0,655.5,248.5
2025-05-24 13:00:00,0.02364021148441209,79.96152785007541,78.88386830607809,33.4,52.35833333333333,22.34166666666667,975.3000000000001,467.5833333333333,0.8916666666666666,7.591666666666666,9.924999999999999,16.033333333333335,3.4,0.0,0.0,655.5,293.0
2025-05-24 14:00:00,0.02269715611413033,78.94023872741602,77.96567028651951,33.46666666666667,51.35833333333333,22.075,974.4916666666667,448.9166666666667,1.0583333333333333,6.883333333333333,8.908333333333333,14.741666666666667,3.7,0.0,0.0,655.5,284.0
2025-05-24 15:00:00,0.025364147791050066,62.09144604369658,61.145529811842216,33.00833333333333,53.475,22.316666666666666,974.6416666666668,208.75,1.0083333333333333,8.1,10.908333333333333,18.650000000000002,3.2,0.0,0.0,655.5,282.5
2025-05-24 16:00:00,0.026298508800523257,53.543725387639746,52.599639498591614,31.641666666666666,62.574999999999996,23.641666666666666,974.7083333333334,130.0,1.4583333333333333,9.183333333333334,12.158333333333333,19.283333333333335,3.8,0.0,0.0,655.5,169.0
2025-05-24 17:00:00,0.0304266575732431,17.3199093839298,16.87330345745512,31.599999999999998,61.38333333333333,23.28333333333333,974.8916666666668,69.0,0.8083333333333332,8.666666666666666,12.133333333333333,20.208333333333332,2.6,0.0,0.0,655.5,196.0
2025-05-24 18:00:00,0.0327993236613984,1.779545072888352,1.7269045912622698,31.5,61.4,23.2,975.4,19.0,0.7,10.9,13.8,20.1,1.2,0.0,0.0,655.5,266.0
2025-05-25 06:00:00,0.043823984700103936,10.33462556943345,9.686366051960357,27.491666666666664,71.89999999999999,22.0,978.1666666666666,42.5,0.7583333333333333,6.666666666666667,7.391666666666667,10.008333333333333,2.2,0.0,0.0,655.5,94.0
2025-05-25 07:00:00,0.03982649458579671,40.66720473772712,38.79729403854066,28.150000000000002,70.175,22.241666666666664,978.3916666666665,107.58333333333333,0.7916666666666666,11.6,12.866666666666667,17.416666666666668,2.0,0.0,0.0,655.5,214.5
2025-05-25 08:00:00,0.021335148116887328,75.12127340373583,74.50224314840796,29.108333333333334,65.69166666666666,22.058333333333334,978.5583333333334,217.58333333333334,0.775,10.508333333333335,13.908333333333333,21.891666666666666,2.1,0.0,0.0,655.5,230.0
2025-05-25 09:00:00,0.022732955006209324,79.96866476346733,79.13351805714788,30.758333333333336,59.9,22.083333333333332,978.3916666666665,425.8333333333333,0.9416666666666668,7.308333333333334,10.108333333333333,18.483333333333334,2.9,0.0,0.0,655.5,312.5
2025-05-25 10:00:00,0.020979478389497822,77.93129156260163,77.3912944412781,30.775000000000002,60.56666666666666,22.291666666666668,978.6916666666666,280.0833333333333,0.8333333333333334,7.191666666666666,10.208333333333334,14.358333333333334,2.5,0.0,0.0,655.5,248.0
2025-05-25 11:00:00,0.02532045804440039,80.32796406756178,79.02801303432159,31.733333333333334,57.025,22.191666666666666,978.5583333333334,363.0,0.9833333333333334,7.641666666666667,10.225,17.991666666666667,4.1,0.0,0.0,655.5,299.5
2025-05-25 12:00:00,0.02629504726132435,79.08305141035486,77.70434340903105,32.358333333333334,55.40833333333333,22.291666666666668,977.85,326.75,0.9500000000000001,8.316666666666666,10.541666666666666,18.008333333333333,4.3,0.0,0.0,655.5,302.5
2025-05-25 13:00:00,0.02563784460029275,76.6094157129003,75.4042843790267,32.50833333333333,54.833333333333336,22.258333333333336,976.525,328.8333333333333,1.1083333333333334,8.475,12.225,20.7,4.8,0.0,0.0,655.5,296.5
2025-05-25 14:00:00,0.024142959482554693,69.86601227925762,68.74604520771389,32.43333333333333,55.324999999999996,22.333333333333332,976.1,198.0,1.05,6.791666666666667,9.441666666666666,14.674999999999999,3.4,0.0,0.0,655.5,292.0
2025-05-25 15:00:00,0.020153741725852166,76.60235102219563,75.86697440845212,32.275,56.625,22.608333333333334,976.1833333333334,251.08333333333334,0.9416666666666668,4.558333333333334,6.066666666666666,9.608333333333333,2.7,0.0,0.0,655.5,302.5
2025-05-25 16:00:00,0.018066811434612782,70.84161084685412,70.459412253722,33.21666666666667,52.958333333333336,22.366666666666664,975.525,292.1666666666667,1.0416666666666667,3.85,5.458333333333333,8.908333333333333,3.8,0.0,0.0,655.5,282.0
2025-05-25 17:00:00,0.04631871275101589,22.34526984279041,20.530214988784092,32.233333333333334,54.93333333333334,22.03333333333333,976.0916666666667,79.25,1.0250000000000001,6.366666666666667,8.424999999999999,16.724999999999998,4.3,0.0,0.0,655.5,294.0
2025-05-25 18:00:00,0.035503409434321,2.26006932031227,2.1705860270205717,32.2,50.9,20.8,976.9,23.0,0.9,4.5,9.4,14.5,1.9,0.0,0.0,655.5,33.0
2025-05-26 06:00:00,0.04929584999112982,5.598086994812788,5.296350927170475,27.108333333333334,70.3,21.233333333333334,977.6333333333333,34.916666666666664,0.85,4.083333333333333,4.55,6.141666666666667,2.4,0.0,0.0,655.5,56.0
2025-05-26 07:00:00,0.04896641532700168,48.68872465575644,46.42388701842355,27.883333333333336,68.01666666666667,21.433333333333334,978.6166666666667,119.58333333333333,0.775,8.666666666666666,9.666666666666666,13.125,2.9,0.0,0.0,655.5,309.0
2025-05-26 08:00:00,0.04248086396338169,73.232715060265,70.83890416683342,28.833333333333332,65.3,21.683333333333334,978.8499999999999,201.33333333333334,0.8083333333333332,10.549999999999999,13.549999999999999,19.833333333333332,2.5,0.0,0.0,655.5,298.0
2025-05-26 09:00:00,0.04104413459199939,80.09597769477612,77.73928303883604,30.358333333333334,60.15833333333333,21.78333333333333,978.9916666666667,388.5833333333333,0.9833333333333334,9.091666666666667,12.716666666666667,21.3,3.9,0.0,0.0,655.5,112.5
2025-05-26 10:00:00,0.04170147128470202,81.35845802511186,78.77641737121834,31.066666666666666,57.15833333333333,21.616666666666664,978.9916666666667,422.9166666666667,1.2333333333333334,7.4750000000000005,11.775,22.508333333333336,3.9,0.0,0.0,655.5,111.0
2025-05-26 11:00:00,0.04250897103597346,81.6171331914881,78.88259575800883,32.44166666666667,54.625,22.133333333333336,978.0500000000001,648.6666666666666,1.3083333333333333,7.241666666666667,11.125,21.474999999999998,4.6,0.0,0.0,655.5,72.5
2025-05-26 12:00:00,0.0418717345619351,81.2774418219919,78.65215358202846,32.71666666666667,51.833333333333336,21.53333333333333,977.4250000000001,465.5,1.5,3.975,6.316666666666666,12.0,5.0,0.0,0.0,655.5,74.0
2025-05-26 13:00:00,0.042403662896798235,79.06715026967748,76.47285830402815,33.78333333333333,47.675000000000004,21.133333333333333,976.35,702.1666666666666,1.7249999999999999,2.908333333333333,4.708333333333333,9.575000000000001,5.4,0.0,0.0,655.5,92.0
2025-05-26 14:00:00,0.04255373481483624,75.02897883603079,72.53066875044594,33.641666666666666,48.041666666666664,21.150000000000002,975.4166666666666,347.4166666666667,1.3166666666666667,3.3000000000000003,4.866666666666666,10.891666666666666,4.1,0.0,0.0,655.5,107.5
2025-05-26 15:00:00,0.04272162133355015,71.42341321909846,68.98257278141423,32.75,49.75833333333333,20.908333333333335,974.9,208.91666666666666,0.9500000000000001,4.866666666666666,6.958333333333333,12.950000000000001,3.2,0.0,0.0,655.5,305.0
2025-05-26 16:00:00,0.04113482394494592,66.07191901706527,64.15070562481853,32.9,48.833333333333336,20.75,974.7583333333333,208.16666666666666,1.0250000000000001,6.25,8.691666666666666,16.366666666666667,4.1,0.0,0.0,655.5,314.5
2025-05-26 17:00:00,0.04985074516615501,24.5509365920213,23.49858333117184,32.208333333333336,50.81666666666666,20.741666666666667,974.9166666666666,86.83333333333333,0.875,7.566666666666666,11.308333333333332,20.7,3.8,0.0,0.0,655.5,309.0
2025-05-26 18:00:00,0.0414696292740762,3.800938299718124,3.673486180410334,31.7,52.0,20.7,975.1,32.0,0.9,7.4,8.8,12.2,1.6,0.0,0.0,655.5,299.0
2025-05-27 06:00:00,0.049731681350929764,2.821262970888769,2.699398086142222,27.09166666666667,64.91666666666667,19.991666666666667,976.4083333333333,21.0,0.9249999999999999,4.783333333333333,5.3999999999999995,7.583333333333333,2.9,0.0,0.0,655.5,81.0
2025-05-27 07:00:00,0.050286339677298154,43.85976615614589,41.85275576783953,27.366666666666664,67.075,20.758333333333333,976.9083333333333,110.41666666666667,0.9416666666666668,6.066666666666666,7.0,9.233333333333333,3.7,0.0,0.0,655.5,78.0
2025-05-27 08:00:00,0.04235428636624536,75.42755185952207,72.91268968404556,28.558333333333334,64.60000000000001,21.25,977.4250000000001,212.75,0.7833333333333333,8.608333333333333,11.799999999999999,17.608333333333334,2.7,0.0,0.0,655.5,294.5
2025-05-27 09:00:00,0.04270218218247476,80.2478423543086,77.62968884843126,29.900000000000002,61.11666666666667,21.608333333333334,977.525,388.5833333333333,0.9166666666666666,10.4,14.583333333333334,21.34166666666667,3.5,0.0,0.0,655.5,290.5
2025-05-27 10:00:00,0.044960493126563694,80.76279701868698,77.75061838279832,32.025,55.75833333333333,22.083333333333332,977.3333333333334,587.0833333333334,1.1333333333333333,9.708333333333334,14.108333333333334,23.891666666666666,3.2,0.0,0.0,655.5,259.5
2025-05-27 11:00:00,0.04703566257426095,70.33281773168332,67.4685175908741,32.5,56.291666666666664,22.691666666666666,977.1833333333334,292.0,0.9416666666666668,9.133333333333335,13.225,24.166666666666668,2.7,0.0,0.0,655.5,180.0
2025-05-27 12:00:00,0.04255062103329612,79.6049075060521,77.02899036408651,32.141666666666666,56.39166666666667,22.383333333333336,976.7916666666666,318.3333333333333,1.0666666666666667,9.383333333333333,13.791666666666666,23.616666666666664,3.6,0.0,0.0,655.5,68.5
2025-05-27 13:00:00,0.04418534642363051,79.98073435139555,77.1465834924905,32.766666666666666,56.64166666666667,23.05,975.775,389.5,0.9333333333333332,9.341666666666667,13.4,24.15833333333333,2.9,0.0,0.0,655.5,295.0
2025-05-27 14:00:00,0.044572353825989265,78.15023737234755,75.35491987106761,32.85,56.583333333333336,23.099999999999998,974.8916666666668,340.8333333333333,0.8833333333333334,10.924999999999999,15.200000000000001,25.825,2.7,0.0,0.0,655.5,299.5
2025-05-27 15:00:00,0.0446051188859392,70.93426924806165,68.39757562283033,32.96666666666667,56.63333333333333,23.2,974.1833333333334,225.91666666666666,0.7833333333333333,10.366666666666667,14.233333333333334,23.599999999999998,2.8,0.0,0.0,655.5,197.5
2025-05-27 16:00:00,0.0438419430718189,56.18801149955748,54.33065983555294,31.849999999999998,61.175000000000004,23.458333333333332,973.8666666666667,172.0,0.9833333333333334,14.283333333333333,20.641666666666666,33.050000000000004,3.9,0.0,0.0,655.5,224.0
2025-05-27 17:00:00,0.04820530389100671,11.087695151130253,10.627482826009254,31.3,63.25,23.491666666666664,973.6333333333333,58.25,0.6916666666666668,22.608333333333334,33.21666666666666,62.13333333333333,2.3,0.0,0.0,655.5,287.0
2025-05-27 18:00:00,0.0415521990474706,3.349471472596383,3.232852785854901,31.1,63.8,23.5,973.7,30.0,0.5,21.7,27.3,37.6,0.7,0.0,0.0,655.5,15.0
2025-05-28 06:00:00,0.07286390555668217,11.486009795063696,10.16765877639525,26.958333333333332,69.78333333333333,21.025000000000002,975.8166666666666,45.5,0.8416666666666667,8.508333333333333,9.441666666666666,12.791666666666666,2.8,0.0,0.0,656.5,110.0
2025-05-28 07:00:00,0.06421549045847073,66.37797545614704,62.002596250755374,28.391666666666666,65.08333333333333,21.233333333333334,976.0500000000001,148.83333333333334,1.0,7.766666666666667,8.966666666666667,12.533333333333333,3.1,0.0,0.0,656.5,301.0
2025-05-28 08:00:00,0.04251402439001951,80.91100569141386,78.19870665987055,29.5,62.39166666666667,21.59166666666667,976.4250000000001,290.75,1.2166666666666666,9.316666666666666,12.816666666666668,22.474999999999998,4.3,0.0,0.0,656.5,73.0
2025-05-28 09:00:00,0.04312781532100298,81.6627961131955,78.86685415005253,30.71666666666667,59.94166666666666,22.066666666666666,977.1916666666666,398.25,1.1333333333333335,10.241666666666667,15.016666666666666,24.8,4.3,0.0,0.0,656.5,138.5
2025-05-28 10:00:00,0.04223306601673273,81.57330590038747,78.82525535927878,32.041666666666664,55.26666666666667,21.958333333333332,976.9250000000001,546.0,1.2750000000000001,9.283333333333333,14.283333333333333,30.866666666666664,4.5,0.0,0.0,656.5,94.0
2025-05-28 11:00:00,0.042190435867586466,81.10847535372984,78.42055957458892,33.199999999999996,50.76666666666667,21.625,976.3583333333332,613.4166666666666,1.325,8.633333333333333,13.200000000000001,25.366666666666664,4.5,0.0,0.0,656.5,59.0
2025-05-28 12:00:00,0.042857038771489026,78.08547748456535,75.48404036785998,33.49166666666667,49.699999999999996,21.566666666666666,975.8249999999999,406.4166666666667,1.2583333333333333,7.308333333333334,11.116666666666667,19.849999999999998,4.0,0.0,0.0,656.5,66.0
2025-05-28 13:00:00,0.042037430514812936,79.01342952619964,76.51521070887821,34.13333333333333,48.10833333333333,21.616666666666664,974.9916666666667,520.3333333333334,1.2333333333333334,6.3500000000000005,9.591666666666667,16.516666666666666,3.2,0.0,0.0,656.5,57.0
2025-05-28 14:00:00,0.04331965513421401,79.1874951495186,76.56483762910663,34.025,48.025,21.483333333333334,974.4499999999999,368.25,1.3583333333333334,5.591666666666666,8.216666666666667,16.533333333333335,4.3,0.0,0.0,656.5,55.5
2025-05-28 15:00:00,0.04153800553290014,77.53381136074437,75.09663977102177,34.266666666666666,47.125,21.40833333333333,973.975,311.5833333333333,1.0166666666666668,6.991666666666667,9.85,20.566666666666666,4.0,0.0,0.0,656.5,42.0
2025-05-28 16:00:00,0.048764359125396145,52.0773451838923,49.970713673235686,33.65833333333333,48.53333333333333,21.308333333333334,973.875,155.75,0.8833333333333333,8.674999999999999,12.816666666666668,24.34166666666667,3.4,0.0,0.0,656.5,181.0
2025-05-28 17:00:00,0.053323608481574865,22.923418356107188,21.709758161164952,32.36666666666667,54.39166666666667,22.025000000000002,974.0833333333334,76.83333333333333,0.7833333333333333,12.416666666666666,17.966666666666665,33.28333333333333,3.7,0.0,0.0,656.5,291.5
2025-05-28 18:00:00,0.0558765000168649,1.2654494830075491,1.1902313705101522,31.8,56.1,22.0,974.3,15.0,0.7,14.4,22.3,35.5,1.2,0.0,0.0,656.5,298.0
2025-05-29 06:00:00,0.05420684220119423,1.5187178316154457,1.4578913725250302,27.816666666666666,63.68333333333333,20.316666666666666,976.0583333333334,13.916666666666666,0.9,9.308333333333334,11.6,16.849999999999998,2.7,0.0,0.0,656.5,144.5
2025-05-29 07:00:00,0.05056669348375287,44.121016634943594,42.16458519802507,28.474999999999998,62.4,20.650000000000002,976.8249999999999,118.08333333333333,1.0083333333333333,10.9,14.716666666666667,26.625,4.1,0.0,0.0,656.5,324.5
2025-05-29 08:00:00,0.04436674701446805,78.78657016757181,75.91074121878795,29.683333333333334,59.74166666666667,21.041666666666668,977.275,264.3333333333333,1.0666666666666667,11.433333333333332,16.900000000000002,30.875,3.3,0.0,0.0,656.5,307.0
2025-05-29 09:00:00,0.04488358703945595,80.65349175729466,77.63315855167805,30.883333333333336,56.23333333333333,21.158333333333335,977.3000000000001,371.0833333333333,1.2083333333333333,7.858333333333333,12.008333333333333,19.875,3.9,0.0,0.0,656.5,304.5
2025-05-29 10:00:00,0.044041021403892135,80.89190787237362,77.9999180504547,32.483333333333334,52.050000000000004,21.391666666666666,977.0666666666666,641.5,1.3666666666666665,9.983333333333333,14.375,23.683333333333334,5.3,0.0,0.0,656.5,94.0
2025-05-29 11:00:00,0.04555802391512894,77.19411181123452,74.14165102298918,34.375,47.550000000000004,21.65833333333333,976.4583333333334,753.0,1.2833333333333334,7.941666666666666,11.658333333333333,22.016666666666666,5.4,0.0,0.0,656.5,307.0
2025-05-29 12:00:00,0.043527925329499485,78.30285695866182,75.4277309801577,34.65833333333334,46.88333333333333,21.666666666666668,975.5916666666667,629.25,1.2333333333333334,7.533333333333334,11.016666666666666,19.858333333333334,5.2,0.0,0.0,656.5,306.0
2025-05-29 13:00:00,0.04265415658594638,78.31468485512305,75.6020738683457,35.1,45.041666666666664,21.383333333333336,974.9666666666667,729.9166666666666,1.2249999999999999,8.408333333333333,12.625,21.05,4.2,0.0,0.0,656.5,308.0
2025-05-29 14:00:00,0.04204281149721797,77.36692252170712,74.8139874926703,35.641666666666666,43.574999999999996,21.358333333333334,974.3000000000001,666.6666666666666,1.2583333333333333,7.808333333333334,11.566666666666668,22.366666666666664,5.1,0.0,0.0,656.5,221.0
2025-05-29 15:00:00,0.04167186908664785,73.24426533975682,70.8300924610635,34.09166666666667,47.4,21.316666666666666,973.875,248.25,1.05,7.75,11.450000000000001,21.308333333333334,4.2,0.0,0.0,656.5,311.0
2025-05-29 16:00:00,0.04246488318717755,61.06610412522258,58.90613425164391,33.391666666666666,49.15,21.258333333333333,973.4666666666667,166.75,0.975,7.341666666666666,12.533333333333333,28.15833333333333,4.5,0.0,0.0,656.5,302.0
2025-05-29 17:00:00,0.05052653307112152,22.004533087133286,20.906073710775594,32.74166666666667,50.25833333333333,21.075,973.75,83.08333333333333,0.9249999999999999,7.291666666666667,10.733333333333334,20.116666666666667,3.3,0.0,0.0,656.5,270.0
2025-05-29 18:00:00,0.0430490529326039,5.114958268724192,4.894516897320624,32.3,51.3,21.0,974.0,38.0,0.7,7.5,11.2,21.6,0.9,0.0,0.0,656.5,1.0
2025-05-30 06:00:00,0.09229756954130734,22.916922031138597,18.382581260966496,27.625,67.68333333333334,21.116666666666667,976.1416666666668,62.0,0.8083333333333335,11.708333333333334,13.266666666666666,18.141666666666666,2.0,0.0,0.0,656.5,109.5
2025-05-30 07:00:00,0.056355351749991546,31.620729320526195,29.42456568597196,28.291666666666668,67.02499999999999,21.625,976.8249999999999,98.08333333333333,0.75,14.65,19.349999999999998,31.900000000000002,2.3,0.0,0.0,656.5,114.0
2025-05-30 08:00:00,0.04499617074487411,56.83335537368836,54.666917722904934,28.633333333333336,66.46666666666667,21.816666666666666,977.4833333333332,141.75,0.75,19.125,25.125,36.916666666666664,1.7,0.0,0.0,656.5,112.5
2025-05-30 09:00:00,0.040682865503621525,75.06640763587583,72.64906224160434,29.583333333333332,64.14166666666667,22.099999999999998,977.8666666666667,210.5,0.8166666666666668,17.0,22.608333333333334,33.69166666666667,2.2,0.0,0.0,656.5,143.5
2025-05-30 10:00:00,0.04070433912984742,78.23669199189524,75.7416567752026,30.575,61.574999999999996,22.375,977.9083333333333,257.75,0.8666666666666667,15.899999999999999,21.908333333333335,33.81666666666667,4.1,0.0,0.0,656.5,186.0
2025-05-30 11:00:00,0.04054340074250836,79.6956235347994,77.20366131314996,31.724999999999998,59.275,22.825,977.6583333333333,335.5,0.8583333333333334,14.649999999999999,19.974999999999998,31.566666666666666,2.5,0.0,0.0,656.5,267.5
2025-05-30 12:00:00,0.04107204137921069,78.59210661631927,76.02720719553827,32.291666666666664,57.61666666666667,22.900000000000002,977.1666666666666,329.6666666666667,0.8833333333333333,16.583333333333332,23.425,44.449999999999996,3.1,0.0,0.0,656.5,310.5
2025-05-30 13:00:00,0.04174073133596597,80.13956707121532,77.41902578262379,32.68333333333333,55.56666666666666,22.666666666666668,976.3333333333334,391.6666666666667,0.9333333333333332,13.383333333333333,18.833333333333332,34.666666666666664,3.4,0.0,0.0,656.5,312.0
2025-05-30 14:00:00,0.040771413372820746,78.75188926364815,76.16488807602303,33.875,51.199999999999996,22.383333333333336,975.5833333333334,555.75,1.2166666666666668,11.375,17.783333333333335,31.575,3.5,0.0,0.0,656.5,300.0
2025-05-30 15:00:00,0.042455872836137644,69.12199567254356,66.65818002368941,32.40833333333333,55.15,22.241666666666664,975.2583333333333,195.16666666666666,0.9333333333333335,12.608333333333334,18.858333333333334,36.34166666666667,4.3,0.0,0.0,656.5,294.5
2025-05-30 16:00:00,0.04462963654722507,55.35802454247601,53.24313473172548,32.11666666666667,56.65,22.45,975.2166666666667,143.75,0.7583333333333333,14.791666666666666,21.283333333333335,39.86666666666667,2.0,0.0,0.0,656.5,237.0
2025-05-30 17:00:00,0.04615729168680325,14.311315025956695,13.719530016056886,30.958333333333332,62.88333333333333,23.058333333333334,975.375,56.916666666666664,0.8666666666666667,17.175,24.916666666666668,43.84166666666667,3.2,0.0,0.0,656.5,340.5
2025-05-30 18:00:00,0.058530896723167,0.349449964198144,0.290830187899976,29.2,70.8,23.3,975.8,6.0,1.3,20.9,23.7,32.3,2.4,0.0,0.0,656.5,357.0
2025-05-31 06:00:00,0.10101528402727121,19.785143833957427,15.473443632303882,26.708333333333332,71.71666666666667,21.175,979.4916666666667,54.416666666666664,0.9249999999999999,14.566666666666668,16.175,21.883333333333336,2.5,0.0,0.0,663.25,111.0
2025-05-31 07:00:00,0.045572433987364235,76.63943123322977,73.74018289741265,28.166666666666668,67.40833333333333,21.59166666666667,980.1083333333332,195.41666666666666,1.0,14.35,17.25,25.224999999999998,2.4,0.0,0.0,663.25,107.0
2025-05-31 08:00:00,0.04256340157984096,79.45909973150505,76.86148849819547,28.991666666666664,64.59166666666667,21.65833333333333,980.6750000000001,313.9166666666667,1.0,13.058333333333332,18.233333333333334,28.925,3.4,0.0,0.0,663.25,125.5
2025-05-31 09:00:00,0.04306638101731205,81.27239574989791,78.48748532648285,31.566666666666666,58.06666666666666,22.333333333333332,980.8499999999999,617.0833333333334,1.1333333333333333,12.883333333333333,18.55,29.241666666666664,3.4,0.0,0.0,663.25,87.0
2025-05-31 10:00:00,0.044028885995425586,79.65850215178322,76.768039453214,33.458333333333336,53.1,22.625,980.5666666666666,756.8333333333334,1.1083333333333334,13.933333333333332,20.083333333333332,35.65,3.9,0.0,0.0,663.25,303.5
2025-05-31 11:00:00,0.04163124079317749,78.335806612876,75.83252804450636,35.13333333333333,46.9,22.09166666666667,979.875,844.4166666666666,1.2750000000000001,13.616666666666667,20.166666666666668,38.46666666666667,4.8,0.0,0.0,663.25,66.5
2025-05-31 12:00:00,0.042396007381833335,78.2647224156389,75.64564938204349,35.608333333333334,45.324999999999996,21.991666666666664,979.375,763.75,1.2583333333333333,14.791666666666666,22.03333333333333,44.49166666666667,4.3,0.0,0.0,663.25,92.5
2025-05-31 13:00:00,0.04050986887814467,78.11750642671849,75.81416058354141,36.06666666666667,43.65833333333333,21.791666666666668,978.8416666666667,688.75,1.2333333333333334,14.241666666666667,22.116666666666664,39.016666666666666,3.8,0.0,0.0,663.25,142.0
2025-05-31 14:00:00,0.04043357063950593,77.76563554703706,75.5057514940447,36.44166666666667,42.233333333333334,21.583333333333332,978.25,484.0,1.075,15.433333333333332,23.666666666666668,41.61666666666667,3.1,0.0,0.0,663.25,55.5
2025-05-31 15:00:00,0.038868872876347306,76.91908953443155,74.9231708471767,36.46666666666667,40.93333333333333,21.09166666666667,977.8666666666667,440.5,1.075,15.533333333333333,24.516666666666666,48.525,3.7,0.0,0.0,663.25,43.0
2025-05-31 16:00:00,0.03833700397926619,64.38018642845054,62.784761897538125,35.36666666666667,43.35,21.025,977.6416666666668,220.25,0.9333333333333332,17.7,26.775000000000002,49.10833333333333,2.9,0.0,0.0,663.25,35.0
2025-05-31 17:00:00,0.047044653409586745,25.609704116848604,24.5604139083904,34.208333333333336,45.76666666666667,20.891666666666666,977.9333333333334,88.58333333333333,0.6333333333333333,20.150000000000002,30.366666666666664,59.166666666666664,2.1,0.0,0.0,663.25,43.0
2025-05-31 18:00:00,0.0407435523023052,4.106177568232694,3.955876797399156,33.4,47.6,20.8,978.1,33.0,0.0,22.7,30.0,65.0,0.0,0.0,0.0,663.25,339.0
2025-06-01 06:00:00,0.14548742333974798,15.690140486614409,10.281024259795501,27.05,70.72500000000001,21.291666666666668,981.8083333333334,45.833333333333336,0.8833333333333333,28.116666666666664,31.25,42.233333333333334,2.7,0.0,0.0,663.25,134.0
2025-06-01 07:00:00,0.0987475291818631,77.5454263924396,67.91506716222337,28.758333333333336,65.85833333333333,21.766666666666666,982.3916666666668,129.0,0.9583333333333334,29.925,36.19166666666667,53.708333333333336,2.9,0.0,0.0,663.25,139.5
2025-06-01 08:00:00,0.041087194834620394,82.59606173527992,80.07078979598435,30.416666666666668,60.425000000000004,21.941666666666666,982.8249999999999,390.75,1.075,22.21666666666667,32.375,56.23333333333333,3.7,0.0,0.0,663.25,113.5
2025-06-01 09:00:00,0.04387733802595225,81.26861771268885,78.34848479428058,32.25,54.6,21.974999999999998,982.9499999999999,648.5,1.1083333333333334,18.066666666666666,26.075,45.5,3.3,0.0,0.0,663.25,84.0
2025-06-01 10:00:00,0.044552844280477594,79.44013793244238,76.48908927083016,34.15,47.36666666666667,21.383333333333336,982.4499999999999,792.5,1.2583333333333333,14.033333333333333,21.108333333333334,37.5,3.6,0.0,0.0,663.25,113.5
2025-06-01 11:00:00,0.04292340564893496,77.87776892173802,75.2655787668828,35.708333333333336,41.24166666666667,20.541666666666668,981.65,875.3333333333334,1.25,12.433333333333332,19.833333333333332,37.34166666666667,3.6,0.0,0.0,663.25,49.0
2025-06-01 12:00:00,0.042862067329360314,76.7655971676299,74.17984916037308,36.983333333333334,38.458333333333336,20.541666666666668,980.75,886.25,1.1833333333333333,11.608333333333334,18.125,35.699999999999996,3.9,0.0,0.0,663.25,116.5
2025-06-01 13:00:00,0.04144819634964052,76.63809202555736,74.31310175675594,37.65833333333333,36.199999999999996,20.150000000000002,979.7666666666668,837.1666666666666,1.1916666666666667,10.341666666666667,15.241666666666667,30.933333333333334,3.6,0.0,0.0,663.25,47.0
2025-06-01 14:00:00,0.03967722156439081,73.6496667193746,71.67772117235644,38.19166666666667,35.175000000000004,20.150000000000002,978.8916666666668,663.1666666666666,1.1166666666666667,10.458333333333334,14.916666666666666,26.683333333333334,4.2,0.0,0.0,663.25,184.0
2025-06-01 15:00:00,0.03937623792706588,75.07439327845569,73.11035159151156,38.21666666666667,35.050000000000004,20.116666666666667,978.4499999999999,527.75,0.9500000000000001,10.875,16.066666666666666,28.575,2.9,0.0,0.0,663.25,157.0
2025-06-01 16:00:00,0.017517939737175813,46.98743808260311,48.45186403104682,36.85,37.458333333333336,19.983333333333334,978.4333333333334,266.9166666666667,0.8583333333333334,11.533333333333333,16.51666666666667,29.724999999999998,2.2,0.0,0.0,663.25,316.0
2025-06-01 17:00:00,0.048668428329798924,14.000961540581253,13.438101160484608,34.875,42.85833333333333,20.425,978.6999999999999,66.33333333333333,0.6749999999999999,14.033333333333333,19.974999999999998,35.475,2.4,0.0,0.0,663.25,315.5
2025-06-01 18:00:00,0.0400296061788316,4.077594254023416,3.945973017653564,34.0,46.1,20.8,979.0,35.0,0.7,15.2,21.8,46.5,1.0,0.0,0.0,663.25,302.0
2025-06-02 06:00:00,0.12890304820262136,26.02222244729551,17.64113449592996,27.599999999999998,64.00833333333334,20.208333333333332,981.9166666666666,59.416666666666664,0.7666666666666666,15.166666666666666,18.325,27.233333333333334,2.2,0.0,0.0,663.25,128.0
2025-06-02 07:00:00,0.07545232144443602,80.37039826216115,72.96946908199969,29.566666666666666,59.44166666666666,20.875,982.2416666666667,130.5,0.9500000000000001,17.0,23.641666666666666,39.891666666666666,3.8,0.0,0.0,663.25,149.0
2025-06-02 08:00:00,0.04229836271110198,82.04041006888374,79.43702151707127,31.116666666666664,54.96666666666667,21.016666666666666,982.4416666666666,403.5833333333333,1.1083333333333334,13.916666666666666,20.125,35.81666666666667,3.2,0.0,0.0,663.25,224.5
2025-06-02 09:00:00,0.04553914062411294,81.19503701864039,78.05036681304419,32.458333333333336,50.78333333333333,20.974999999999998,982.3416666666667,675.5833333333334,1.1916666666666667,12.233333333333334,17.75,31.316666666666666,4.0,0.0,0.0,663.25,75.5
2025-06-02 10:00:00,0.046309418425870684,79.46211632501993,76.26722577960643,33.824999999999996,47.708333333333336,21.183333333333334,981.8666666666667,814.3333333333334,1.2166666666666668,12.525,18.816666666666666,32.44166666666667,3.5,0.0,0.0,663.25,123.0
2025-06-02 11:00:00,0.044530960515573724,77.91495624080234,75.060894627676,35.19166666666667,43.958333333333336,21.091666666666665,981.0833333333334,852.6666666666666,1.1083333333333334,11.141666666666666,16.483333333333334,33.75833333333333,3.9,0.0,0.0,663.25,265.0
2025-06-02 12:00:00,0.04232816763518473,76.76590194480706,74.2895359593972,36.416666666666664,38.90833333333333,20.2,980.2333333333332,911.5833333333334,1.3,8.608333333333333,13.200000000000001,25.308333333333334,4.6,0.0,0.0,663.25,160.0
2025-06-02 13:00:00,0.04202903756366267,76.08046353694506,73.67332386626863,37.30833333333333,36.5,19.983333333333334,979.3916666666668,813.9166666666666,1.1666666666666667,8.366666666666667,12.35,25.275000000000002,3.8,0.0,0.0,663.25,285.0
2025-06-02 14:00:00,0.04179115028514005,76.19647192884207,73.81959260825069,36.88333333333333,36.34166666666667,19.533333333333335,978.7666666666668,492.5,1.0250000000000001,11.841666666666667,18.366666666666667,38.46666666666667,5.0,0.0,0.0,663.25,307.5
2025-06-02 15:00:00,0.04088091113097514,77.17214513333678,74.93387178086152,36.94166666666667,34.86666666666667,18.933333333333334,978.4333333333334,441.5,1.0583333333333333,11.475,18.916666666666668,40.69166666666667,3.8,0.0,0.0,663.25,303.5
2025-06-02 16:00:00,0.03201309001580469,57.83036977079491,57.21598501139155,35.86666666666667,36.449999999999996,18.683333333333334,978.4499999999999,254.66666666666666,1.075,13.583333333333334,21.616666666666664,47.675000000000004,3.4,0.0,0.0,663.25,287.5
2025-06-02 17:00:00,0.04791667976311049,20.437003462564984,19.56742847151389,34.375,40.81666666666667,19.183333333333334,978.7416666666667,76.33333333333333,0.8583333333333334,17.308333333333334,27.808333333333334,66.64999999999999,4.0,0.0,0.0,663.25,290.5
2025-06-02 18:00:00,0.0453389350419054,2.019626834540304,1.937949418758144,33.7,42.9,19.3,979.0,22.0,0.7,15.5,21.0,53.6,0.9,0.0,0.0,663.25,299.0
2025-06-03 06:00:00,0.15598581144865495,27.133244834737578,16.581637973464073,27.825,64.77499999999999,20.608333333333334,982.1916666666666,57.166666666666664,0.8583333333333334,14.933333333333332,18.05,26.133333333333336,2.3,0.0,0.0,663.25,125.0
2025-06-03 07:00:00,0.10431895420104226,70.85960485733135,60.66623247066087,29.766666666666666,59.35833333333333,21.0,982.5583333333334,116.58333333333333,0.975,13.975,19.833333333333332,33.75833333333333,3.8,0.0,0.0,663.25,205.5
2025-06-03 08:00:00,0.042907080084238096,82.41060986513638,79.63026757589917,31.016666666666666,55.675000000000004,21.108333333333334,983.0666666666666,371.75,1.1416666666666668,11.433333333333332,16.650000000000002,28.266666666666666,3.2,0.0,0.0,663.25,90.0
2025-06-03 09:00:00,0.04511846441192141,79.95682628870432,76.94818343003679,32.449999999999996,51.583333333333336,21.208333333333332,983.0583333333334,664.5833333333334,1.0916666666666666,11.933333333333332,17.625,29.150000000000002,2.9,0.0,0.0,663.25,258.0
2025-06-03 10:00:00,0.04519351283762776,79.11285305178247,76.1304840301932,33.958333333333336,47.64166666666667,21.266666666666666,982.5,706.4166666666666,1.0916666666666666,11.316666666666668,16.849999999999998,31.433333333333334,4.2,0.0,0.0,663.25,287.5
2025-06-03 11:00:00,0.04417518394171025,76.77972101140007,74.03185555560701,35.083333333333336,43.791666666666664,20.958333333333332,981.7083333333334,693.75,1.1,7.716666666666666,12.174999999999999,24.45,3.9,0.0,0.0,663.25,273.0
2025-06-03 12:00:00,0.04236638333218836,76.59024391981161,74.12153431364273,35.85833333333333,41.56666666666667,20.8,980.9083333333333,650.6666666666666,1.1166666666666667,8.816666666666666,13.916666666666666,29.025000000000002,3.2,0.0,0.0,663.25,113.5
2025-06-03 13:00:00,0.042143508451622715,76.17081483820182,73.77502559135391,36.625,39.641666666666666,20.708333333333332,980.0333333333333,719.25,1.1166666666666667,7.266666666666667,10.75,18.858333333333334,3.9,0.0,0.0,663.25,301.5
2025-06-03 14:00:00,0.04107551294150071,73.90717245507294,71.77684425567976,37.24166666666667,37.983333333333334,20.566666666666666,979.0500000000001,714.8333333333334,1.1833333333333333,6.7,9.825000000000001,19.283333333333335,3.6,0.0,0.0,663.25,274.5
2025-06-03 15:00:00,0.0402566575107442,74.95141975082912,72.88258553034501,37.225,36.725,19.991666666666667,978.3166666666666,490.75,1.0083333333333335,8.058333333333334,13.416666666666666,26.866666666666664,3.4,0.0,0.0,663.25,306.5
2025-06-03 16:00:00,0.03967315608006636,52.58948498613884,51.51729458375428,35.608333333333334,39.55833333333333,19.758333333333333,978.2666666666668,205.58333333333334,1.0333333333333334,12.333333333333334,20.599999999999998,47.23333333333334,4.0,0.0,0.0,663.25,309.0
2025-06-03 17:00:00,0.04874522085410024,17.016142015520117,16.12052158921428,33.425000000000004,45.93333333333334,20.216666666666665,978.875,68.33333333333333,0.9500000000000001,13.016666666666666,19.325,37.483333333333334,3.7,0.0,0.0,663.25,307.5
2025-06-03 18:00:00,0.0539268884904299,2.131741826885916,2.000214725077968,33.0,47.2,20.2,979.0,27.0,0.7,12.9,18.4,24.4,1.5,0.0,0.0,663.25,23.0
2025-06-04 06:00:00,0.18388409397318725,24.634571773165565,13.657679641597772,28.166666666666668,64.29166666666667,20.816666666666666,982.5166666666668,54.166666666666664,0.7583333333333333,24.349999999999998,27.683333333333334,38.125,1.9,0.0,0.0,663.25,163.5
2025-06-04 07:00:00,0.13558903862662927,78.21246926058059,63.91144359842598,29.608333333333334,59.96666666666667,21.025000000000002,982.625,82.08333333333333,1.0666666666666667,15.525,22.724999999999998,40.625,3.1,0.0,0.0,663.25,111.5
2025-06-04 08:00:00,0.04206593354287341,82.41493372360095,79.81135436234244,30.8,56.166666666666664,21.075,982.7666666666668,398.8333333333333,1.2083333333333333,15.308333333333332,23.2,39.050000000000004,3.2,0.0,0.0,663.25,80.5
2025-06-04 09:00:00,0.0438155057671139,80.24841034979592,77.44643902575056,32.725,50.40833333333333,21.091666666666665,982.8416666666667,666.4166666666666,1.05,14.333333333333334,21.183333333333334,38.541666666666664,3.2,0.0,0.0,663.25,119.5
2025-06-04 10:00:00,0.04447203324648783,78.6089943289415,75.7806273000342,34.358333333333334,46.050000000000004,21.09166666666667,982.4666666666667,802.25,1.1166666666666667,13.85,20.691666666666666,38.63333333333333,3.6,0.0,0.0,663.25,233.5
2025-06-04 11:00:00,0.044584427247500114,76.8840872962378,74.09206808994698,36.03333333333333,40.800000000000004,20.625,981.6916666666666,880.75,1.075,14.266666666666666,21.599999999999998,43.44166666666666,3.1,0.0,0.0,663.25,293.5
2025-06-04 12:00:00,0.04306522973634844,76.52390875330765,73.99192267296695,37.050000000000004,36.93333333333333,19.900000000000002,980.9166666666666,912.0,1.2583333333333335,11.85,18.183333333333334,36.324999999999996,5.3,0.0,0.0,663.25,211.5
2025-06-04 13:00:00,0.04335915039968039,75.19990280525506,72.67012552856006,37.949999999999996,33.49166666666667,19.141666666666666,979.8666666666667,810.0,1.0916666666666666,10.516666666666667,16.041666666666668,31.741666666666664,3.5,0.0,0.0,663.25,278.0
2025-06-04 14:00:00,0.043566706578102306,73.46993804834291,70.93568758906595,37.49166666666667,33.858333333333334,18.891666666666666,979.0166666666668,459.6666666666667,1.0166666666666668,10.883333333333333,17.283333333333335,31.400000000000002,3.5,0.0,0.0,663.25,65.5
2025-06-04 15:00:00,0.05285006541278547,57.86084424879044,54.79902456604174,35.40833333333334,39.65,19.591666666666665,978.5583333333334,141.16666666666666,1.175,14.216666666666667,21.283333333333335,44.94166666666666,4.9,0.0,0.0,663.25,30.5
2025-06-04 16:00:00,0.06406029214440641,20.258961556440138,18.566223257147836,33.21666666666667,49.725,21.091666666666665,978.7666666666668,67.08333333333333,1.3833333333333335,14.233333333333334,21.375,37.50833333333333,5.0,30.0,3.25,666.5,12.0
2025-06-04 17:00:00,0.05345763179439155,10.050475248979245,9.509178407499627,29.883333333333336,65.97500000000001,22.766666666666666,979.3166666666666,51.833333333333336,0.9,16.133333333333333,18.0,24.724999999999998,4.2,33.0,4.5,667.75,216.5
2025-06-04 18:00:00,0.0543739675242606,3.172989162929512,2.9657497118386917,29.6,72.9,24.3,979.3,31.0,0.6,22.9,25.4,34.3,0.7,0.0,4.5,667.75,135.0
2025-06-05 06:00:00,0.14835488297906965,16.43157383084473,10.563936694176617,26.541666666666668,75.16666666666667,21.816666666666666,982.9833333333332,48.083333333333336,0.48333333333333334,27.766666666666666,30.833333333333332,41.68333333333333,1.4,0.0,0.0,670.75,95.0
2025-06-05 07:00:00,0.1137314414141175,76.26452135148064,65.13022744674922,28.808333333333334,64.98333333333333,21.583333333333332,983.475,122.25,0.9083333333333333,25.71666666666667,30.65833333333333,44.275,2.3,0.0,0.0,670.75,104.0
2025-06-05 08:00:00,0.042319487878785755,81.92928985180214,79.40907566702636,30.416666666666668,57.71666666666667,21.133333333333336,983.7583333333333,386.4166666666667,1.05,21.23333333333333,31.016666666666666,55.0,2.9,0.0,0.0,670.75,95.5
2025-06-05 09:00:00,0.0461101471742578,81.11943167032159,77.99105851950783,31.933333333333334,51.99166666666667,20.858333333333334,983.5500000000001,641.8333333333334,1.1166666666666667,20.591666666666665,31.3,61.949999999999996,3.1,0.0,0.0,670.75,105.5
2025-06-05 10:00:00,0.04700537125093763,79.61295676119799,76.41258580524402,33.791666666666664,44.75,20.116666666666667,983.0416666666666,784.6666666666666,1.1666666666666667,18.083333333333332,30.166666666666668,60.333333333333336,3.3,0.0,0.0,670.75,65.5
2025-06-05 11:00:00,0.04555013011217638,77.82318095527724,74.93645046114497,35.0,40.30833333333333,19.533333333333335,982.2833333333333,873.6666666666666,1.25,17.150000000000002,28.474999999999998,58.675000000000004,6.8,0.0,0.0,670.75,29.5
2025-06-05 12:00:00,0.045783376092991636,76.46011701169779,73.60125097467456,36.041666666666664,37.391666666666666,19.258333333333333,981.4583333333334,891.9166666666666,1.2083333333333333,17.325,29.583333333333332,59.625,5.5,0.0,0.0,670.75,43.5
2025-06-05 13:00:00,0.043267367363659194,76.1623757111252,73.67989110756973,36.88333333333333,35.21666666666667,19.025000000000002,980.6,794.8333333333334,1.0916666666666668,16.816666666666666,26.575,57.9,4.1,0.0,0.0,670.75,51.0
2025-06-05 14:00:00,0.04106494322602262,74.8556555272096,72.63211655885628,37.90833333333333,33.550000000000004,19.116666666666664,979.9333333333334,673.9166666666666,0.9333333333333332,16.458333333333332,26.933333333333334,54.208333333333336,3.1,0.0,0.0,670.75,143.5
2025-06-05 15:00:00,0.040185185972908245,74.89549835939845,72.82682178969596,37.550000000000004,33.324999999999996,18.7,979.3916666666668,506.3333333333333,0.9416666666666668,16.791666666666668,26.15833333333333,56.625,2.8,0.0,0.0,670.75,153.5
2025-06-05 16:00:00,0.02649933709066409,47.1555986106228,47.63935303679593,36.916666666666664,33.949999999999996,18.45,979.0583333333334,278.4166666666667,0.5416666666666666,18.05,30.633333333333336,67.77499999999999,2.7,0.0,0.0,670.75,290.5
2025-06-05 17:00:00,0.050343887456429204,16.452081839862945,15.553800171864614,35.358333333333334,37.03333333333333,18.491666666666667,979.5166666666668,73.75,0.4333333333333333,21.308333333333334,35.425000000000004,76.53333333333333,1.7,0.0,0.0,670.75,157.0
2025-06-05 18:00:00,0.0466579608282413,5.955134502103017,5.634747583780261,35.0,37.7,18.4,980.0,40.0,0.4,17.8,28.4,66.5,0.7,0.0,0.0,670.75,92.0
2025-06-06 06:00:00,0.07519532471913327,12.299854013440173,10.898269516505527,27.65833333333333,81.76666666666667,24.266666666666666,983.35,48.5,0.5833333333333334,31.775000000000002,35.28333333333333,47.69166666666666,2.0,0.0,0.0,670.75,49.0
2025-06-06 07:00:00,0.0887990620124539,73.85670090262012,65.62783714312759,29.375,72.43333333333334,23.90833333333333,983.7166666666667,129.58333333333334,0.5499999999999999,28.46666666666667,31.675,42.824999999999996,1.7,0.0,0.0,670.75,149.5
2025-06-06 08:00:00,0.04417649129646679,81.50904948054122,78.69138714522795,31.099999999999998,63.85,23.433333333333334,983.6750000000001,374.3333333333333,0.9,29.25,39.86666666666667,65.94166666666666,2.4,0.0,0.0,670.75,138.5
2025-06-06 09:00:00,0.046282571264330725,80.299107161723,77.15428150641036,33.18333333333333,53.550000000000004,22.491666666666664,983.6416666666668,618.9166666666666,0.9833333333333334,26.125,40.291666666666664,73.33333333333333,2.7,0.0,0.0,670.75,141.5
2025-06-06 10:00:00,0.04665578631469692,78.77210334495747,75.58022744322201,34.800000000000004,47.65,22.075,983.2083333333334,763.5833333333334,1.05,21.816666666666666,33.358333333333334,63.23333333333333,3.5,0.0,0.0,670.75,157.5
2025-06-06 11:00:00,0.044334692965967655,77.23904906774396,74.5074481578699,36.083333333333336,43.81666666666666,21.849999999999998,982.4916666666667,871.5833333333334,1.0999999999999999,20.683333333333334,32.833333333333336,66.72500000000001,3.6,0.0,0.0,670.75,150.5
2025-06-06 12:00:00,0.04297283558789144,76.53594746991082,74.04779322120093,36.608333333333334,40.6,21.066666666666666,981.6750000000001,801.0833333333334,1.1166666666666667,18.866666666666667,30.075,59.1,3.4,0.0,0.0,670.75,161.5
2025-06-06 13:00:00,0.04162078925964304,75.82937196346263,73.55256471921359,37.49166666666667,37.916666666666664,20.75,980.7166666666667,687.0833333333334,0.9249999999999999,18.099999999999998,29.433333333333334,59.333333333333336,3.5,0.0,0.0,670.75,130.0
2025-06-06 14:00:00,0.04108130452428013,73.13364878453164,71.06386471863877,37.78333333333333,36.15,20.233333333333334,979.9083333333333,570.75,0.9666666666666667,16.608333333333334,26.325,51.550000000000004,3.4,0.0,0.0,670.75,15.0
2025-06-06 15:00:00,0.04195127918019819,75.70442665397185,73.40741190782371,37.375,37.425000000000004,20.45,979.1666666666666,494.6666666666667,1.2249999999999999,17.408333333333335,27.166666666666668,54.025,3.4,0.0,0.0,670.75,21.0
2025-06-06 16:00:00,0.057492368203279326,37.42698662746208,35.32063011584058,35.90833333333333,40.25,20.316666666666666,979.0333333333333,132.75,0.9916666666666667,18.325,28.941666666666666,59.30833333333334,3.2,0.0,0.0,670.75,349.5
2025-06-06 17:00:00,0.05824491289215487,16.93132612769728,15.968242577826883,35.016666666666666,44.36666666666667,21.108333333333334,979.2666666666668,61.75,1.0833333333333333,26.633333333333336,40.13333333333333,75.14166666666667,3.1,0.0,0.0,670.75,174.5
2025-06-06 18:00:00,0.0502961192699199,1.4407286093347842,1.368388556334048,34.2,47.5,21.5,979.5,18.0,1.3,22.8,37.4,72.2,2.9,0.0,0.0,670.75,174.0
2025-06-07 06:00:00,0.058698616616507965,0.9170824265540906,0.8577386429993262,26.3,88.64999999999999,24.308333333333334,983.6833333333334,9.75,0.9416666666666668,26.833333333333332,29.808333333333334,40.300000000000004,4.1,3.0,1.0,677.5,40.5
2025-06-07 07:00:00,0.05153376701688781,5.591704047136306,5.279333846423209,26.15833333333333,88.55833333333334,24.099999999999998,984.2333333333332,30.75,0.6583333333333333,25.891666666666666,28.733333333333334,38.824999999999996,1.6,3.0,1.25,677.75,200.0
2025-06-07 08:00:00,0.053481912841797645,48.66861606826842,46.10501134689782,27.183333333333334,85.11666666666666,24.474999999999998,984.0833333333334,113.91666666666667,0.8666666666666667,32.96666666666667,36.61666666666667,49.5,2.6,0.0,1.25,677.75,122.0
2025-06-07 09:00:00,0.04527608472818625,70.97574511732029,68.39297412160812,28.55,77.00833333333334,24.141666666666666,984.375,177.08333333333334,0.7416666666666667,33.05,36.7,49.61666666666667,2.4,0.0,1.25,677.75,95.5
2025-06-07 10:00:00,0.0430568023968527,79.94124412566343,77.33975142572204,30.241666666666664,68.99166666666667,23.925,983.975,331.4166666666667,0.7833333333333333,32.81666666666667,41.35,62.333333333333336,2.5,0.0,1.25,677.75,92.5
2025-06-07 11:00:00,0.04403389396935926,81.11499020509207,78.27319683799587,32.11666666666667,59.71666666666667,23.291666666666668,983.125,523.9166666666666,0.9166666666666666,22.791666666666668,32.108333333333334,56.44166666666666,3.2,0.0,1.25,677.75,186.5
2025-06-07 12:00:00,0.044200562206027576,78.14585825080006,75.35883228353747,34.083333333333336,53.125,23.2,982.0583333333334,664.75,0.9,18.05,26.816666666666666,49.63333333333333,3.5,0.0,1.25,677.75,95.5
2025-06-07 13:00:00,0.04353206287970185,76.52564493066592,73.9145376214653,36.108333333333334,45.90833333333333,22.650000000000002,980.8166666666666,830.25,0.8916666666666666,15.066666666666668,22.84166666666667,42.53333333333333,3.3,0.0,1.25,677.75,268.0
2025-06-07 14:00:00,0.04151567260554387,76.70626918992433,74.3595860018102,37.21666666666667,40.80833333333333,21.7,979.775,706.75,0.9083333333333333,13.716666666666667,21.041666666666668,40.391666666666666,3.7,0.0,1.25,677.75,324.5
2025-06-07 15:00:00,0.0406250502973127,75.09767277210811,72.97396342272663,37.49166666666667,38.13333333333333,20.841666666666665,978.9333333333334,486.8333333333333,0.7666666666666667,15.933333333333332,24.45,48.90833333333333,2.9,0.0,1.25,677.75,307.0
2025-06-07 16:00:00,0.03066250244536639,43.74465674709371,43.30561632082083,36.958333333333336,39.18333333333333,20.8,978.4333333333334,247.33333333333334,0.45,14.483333333333334,22.875,43.725,1.7,0.0,1.25,677.75,278.5
2025-06-07 17:00:00,0.04858173250993447,9.266685530947365,8.838511672998088,34.94166666666667,47.291666666666664,22.041666666666668,978.725,50.25,0.024999999999999998,16.133333333333333,24.7,52.041666666666664,0.7,0.0,1.25,677.75,326.5
2025-06-07 18:00:00,0.0460605883687152,2.264890849812562,2.161948805014856,34.0,50.6,22.3,979.0,21.0,0.0,16.5,25.5,46.6,0.0,0.0,1.25,677.75,339.0
2025-06-08 06:00:00,0.1780381615042063,15.704160196368997,8.715978962293976,28.099999999999998,66.25,21.208333333333332,981.8666666666667,39.833333333333336,0.6749999999999999,26.125,29.46666666666667,40.25833333333333,2.2,0.0,0.0,677.75,119.5
2025-06-08 07:00:00,0.1319761174710635,76.39546927192552,62.96061901029549,30.183333333333334,60.51666666666667,21.733333333333334,982.1999999999999,97.91666666666667,0.8583333333333334,22.858333333333334,29.599999999999998,46.01666666666667,2.8,0.0,0.0,677.75,83.5
2025-06-08 08:00:00,0.04108095334072979,81.50303656614948,78.99073002855282,31.691666666666666,55.625,21.766666666666666,982.3416666666667,383.5833333333333,0.9916666666666667,16.958333333333332,24.491666666666664,39.11666666666667,2.7,0.0,0.0,677.75,104.0
2025-06-08 09:00:00,0.044913529752930524,79.79695830099351,76.71142000885358,33.81666666666667,49.68333333333334,21.875,982.2916666666666,642.1666666666666,0.8833333333333333,12.924999999999999,18.791666666666668,32.275,2.4,0.0,0.0,677.75,285.5
2025-06-08 10:00:00,0.04548816496992133,78.23293319950777,75.15571925869777,35.69166666666667,43.1,21.208333333333332,981.6166666666667,786.5,1.1083333333333334,9.841666666666667,14.108333333333334,24.916666666666668,3.2,0.0,0.0,677.75,78.0
2025-06-08 11:00:00,0.044445558619015786,76.51840505980171,73.66972454020876,36.71666666666667,39.041666666666664,20.541666666666668,980.7416666666667,831.3333333333334,1.3083333333333333,8.558333333333334,12.85,23.791666666666668,7.3,0.0,0.0,677.75,27.0
2025-06-08 12:00:00,0.044944325371397836,72.84235293614572,70.17923081044589,36.775,37.949999999999996,20.125,979.9250000000001,691.1666666666666,1.5,8.491666666666665,12.549999999999999,24.583333333333332,6.2,0.0,0.0,677.75,41.5
2025-06-08 13:00:00,0.04223699411551551,73.80322859859585,71.46725453639499,37.25833333333333,36.61666666666667,19.974999999999998,979.0666666666666,543.4166666666666,1.0833333333333333,8.508333333333333,12.791666666666666,23.391666666666666,6.3,0.0,0.0,677.75,51.5
2025-06-08 14:00:00,0.047590428234112796,60.3608165396175,58.14939153400467,37.05833333333333,37.28333333333334,20.016666666666666,978.2083333333334,341.4166666666667,1.0,8.941666666666666,13.033333333333333,22.099999999999998,4.7,0.0,0.0,677.75,36.0
2025-06-08 15:00:00,0.05050122246629779,9.361936255765698,8.929488732453368,29.03333333333333,68.23333333333333,22.325,978.8583333333332,41.083333333333336,2.0166666666666666,12.241666666666667,15.358333333333334,26.650000000000002,8.7,102.0,25.0,702.75,167.5
2025-06-08 16:00:00,0.04919774305913846,19.948929406709116,19.233779360794294,26.441666666666666,85.425,23.816666666666666,978.375,66.41666666666667,0.9583333333333334,13.766666666666666,15.291666666666666,20.683333333333334,2.3,3.0,25.0,702.75,171.5
2025-06-08 17:00:00,0.05260861071921235,1.630503847736968,1.6183737913099403,27.883333333333336,76.64166666666667,23.433333333333334,978.7416666666667,21.083333333333332,1.2166666666666666,14.616666666666667,16.224999999999998,21.941666666666666,4.3,0.0,25.0,702.75,137.5
2025-06-08 18:00:00,0.0489714441776948,1.637436489334316,1.6818643648485898,28.1,78.6,24.1,979.0,24.0,0.8,14.3,15.9,21.5,1.4,0.0,25.0,702.75,21.0
2025-06-09 06:00:00,0.05905396472488,5.681192620352966,5.4352406320364395,26.666666666666668,74.85000000000001,21.883333333333336,980.6666666666666,32.75,0.725,11.558333333333332,12.833333333333334,17.358333333333334,2.2,0.0,0.0,702.75,111.5
2025-06-09 07:00:00,0.05818721920995896,38.33519369384746,36.05673942397893,27.508333333333336,72.125,22.066666666666666,981.35,105.75,0.7916666666666666,12.958333333333334,14.383333333333333,19.45,2.0,0.0,0.0,702.75,106.0
2025-06-09 08:00:00,0.04389149149612507,80.90990513628968,78.10232526403797,29.483333333333334,65.375,22.291666666666668,981.3416666666667,352.6666666666667,0.9416666666666668,13.158333333333333,16.466666666666665,25.71666666666667,3.3,0.0,0.0,702.75,125.0
2025-06-09 09:00:00,0.045200732069878145,81.79737399949933,78.718276080781,31.991666666666664,57.550000000000004,22.575,981.25,649.1666666666666,1.1583333333333334,11.549999999999999,16.541666666666668,29.141666666666666,3.2,0.0,0.0,702.75,86.5
2025-06-09 10:00:00,0.045299499857835546,79.89203380817861,76.88719887955615,33.80833333333333,50.425000000000004,22.058333333333334,980.6999999999999,786.6666666666666,1.25,10.891666666666666,15.633333333333333,27.208333333333332,3.3,0.0,0.0,702.75,69.0
2025-06-09 11:00:00,0.045481027644705886,78.21202010798119,75.27258656107644,35.4,45.625,21.900000000000002,979.9,854.5,1.2083333333333333,11.575000000000001,17.891666666666666,36.824999999999996,5.2,0.0,0.0,702.75,42.0
2025-06-09 12:00:00,0.04423846887543614,77.27344147174152,74.58381382463584,35.791666666666664,44.25833333333333,21.758333333333336,978.9,548.0,1.1083333333333334,10.058333333333334,15.6,30.075,3.9,0.0,0.0,702.75,45.5
2025-06-09 13:00:00,0.04465167612882214,72.73607883017385,70.18697669712184,35.1,45.15,21.458333333333332,977.9583333333334,284.75,0.9166666666666666,9.950000000000001,14.766666666666666,28.483333333333334,4.0,0.0,0.0,702.75,13.0
2025-06-09 14:00:00,0.04208585266447975,77.14275943378588,74.81023708971092,36.25833333333333,40.625,20.766666666666666,977.025,562.3333333333334,1.075,9.808333333333334,13.966666666666667,24.108333333333334,4.0,0.0,0.0,702.75,41.5
2025-06-09 15:00:00,0.047052050567540304,58.49223269575328,56.34802599804428,33.608333333333334,51.449999999999996,22.016666666666666,976.625,258.9166666666667,1.375,11.775,16.891666666666666,28.133333333333336,5.1,0.0,0.0,702.75,192.5
2025-06-09 16:00:00,0.050391658542630474,27.948852991451655,26.828158877463427,30.108333333333334,62.28333333333333,22.116666666666664,976.6666666666666,88.66666666666667,1.175,14.658333333333333,19.516666666666666,30.441666666666666,3.4,0.0,0.0,702.75,148.5
2025-06-09 17:00:00,0.05209474916124262,1.6183593503998077,1.5525583123917703,28.0,67.68333333333334,21.46666666666667,977.3333333333334,15.25,2.375,10.808333333333332,13.433333333333332,21.325,6.7,0.0,0.0,702.75,352.0
2025-06-09 18:00:00,0.0602816426005731,0.280446839332233,0.267766337754399,26.8,68.9,20.7,977.7,4.0,0.8,11.7,13.0,17.6,2.0,0.0,0.0,702.75,267.0
2025-06-10 06:00:00,0.11976664911210115,27.60422230419715,20.59248697037329,27.15833333333333,73.05,21.96666666666667,977.7583333333333,66.41666666666667,0.7666666666666666,25.766666666666666,28.616666666666664,38.699999999999996,2.3,0.0,0.0,702.75,119.0
2025-06-10 07:00:00,0.1063491450861586,76.59945518205753,65.87602286647896,28.925,65.56666666666666,21.875,978.1083333333335,119.41666666666667,0.9333333333333332,19.158333333333335,22.275000000000002,31.191666666666666,2.6,0.0,0.0,702.75,83.0
2025-06-10 08:00:00,0.04420744113040604,82.05405227226383,79.20102404177065,30.516666666666666,59.34166666666667,21.708333333333332,978.2166666666667,371.3333333333333,0.9500000000000001,16.391666666666666,23.991666666666664,41.625,2.9,0.0,0.0,702.75,125.0
2025-06-10 09:00:00,0.04826431848903014,81.24474453937601,77.80130940657273,32.266666666666666,53.666666666666664,21.7,978.2083333333334,616.8333333333334,1.0083333333333333,15.591666666666667,22.883333333333336,40.550000000000004,3.1,0.0,0.0,702.75,322.0
2025-06-10 10:00:00,0.04760154224963709,79.41830235845534,76.11739336753472,33.93333333333333,50.050000000000004,22.066666666666666,977.6083333333332,734.25,1.0083333333333335,15.841666666666667,23.65833333333333,43.71666666666667,3.7,0.0,0.0,702.75,321.0
2025-06-10 11:00:00,0.04789816638767901,77.37507709109649,74.13676511673854,35.291666666666664,47.583333333333336,22.483333333333334,976.4499999999999,828.75,1.0166666666666666,16.283333333333335,25.175,50.05833333333334,5.3,0.0,0.0,702.75,312.0
2025-06-10 12:00:00,0.04564916780409967,75.17012166533816,72.44003631271404,36.43333333333333,42.28333333333333,21.541666666666668,975.75,686.5833333333334,1.3666666666666665,14.291666666666666,21.400000000000002,40.59166666666666,5.8,0.0,0.0,702.75,40.5
2025-06-10 13:00:00,0.04478488368567627,77.35538501773402,74.68895868329282,36.800000000000004,38.94166666666667,20.575,975.2666666666668,542.9166666666666,1.1500000000000001,13.083333333333334,20.525000000000002,42.81666666666666,3.5,0.0,0.0,702.75,32.5
2025-06-10 14:00:00,0.04412144459579268,75.73215248840421,73.23269057672807,36.96666666666667,39.925000000000004,21.125,974.4833333333332,449.0833333333333,0.9500000000000001,13.783333333333333,19.075,34.983333333333334,2.7,0.0,0.0,702.75,33.0
2025-06-10 15:00:00,0.0445020836457334,72.7919151006153,70.40677223886776,36.324999999999996,40.550000000000004,20.808333333333334,974.0666666666666,259.0,1.0666666666666667,15.424999999999999,23.383333333333336,48.541666666666664,4.2,0.0,0.0,702.75,26.0
2025-06-10 16:00:00,0.04088320279100086,66.8717041921207,65.01397576866319,35.983333333333334,40.916666666666664,20.650000000000002,973.6833333333334,216.41666666666666,0.9750000000000001,14.666666666666666,22.191666666666666,42.4,4.6,0.0,0.0,702.75,20.0
2025-06-10 17:00:00,0.05118188374899472,8.543275115365333,8.098161925395479,35.05833333333333,42.791666666666664,20.55,973.9083333333333,41.0,1.05,15.625,22.541666666666668,40.38333333333333,3.1,0.0,0.0,702.75,11.5
2025-06-10 18:00:00,0.0573103598322692,0.7991218102388,0.74956657604796,34.3,45.0,20.7,974.1,10.0,0.8,28.8,37.3,65.3,2.3,0.0,0.0,702.75,87.0
2025-06-11 06:00:00,0.05470304428569008,5.711008775556347,5.357234567551362,25.916666666666668,81.21666666666667,22.46666666666667,976.7333333333332,32.5,0.775,26.183333333333334,29.058333333333334,39.300000000000004,2.1,0.0,0.5,703.5,147.0
2025-06-11 07:00:00,0.05498443852694806,48.581781630364134,45.99803471533192,27.016666666666666,76.825,22.658333333333335,977.375,122.16666666666667,0.7916666666666666,22.608333333333334,25.125,33.94166666666667,2.4,0.0,0.5,703.5,117.5
2025-06-11 08:00:00,0.04514611756916809,80.1474728267046,77.34528308626089,28.883333333333336,70.28333333333333,22.95,977.5083333333333,270.8333333333333,0.9500000000000001,22.733333333333334,28.21666666666667,40.550000000000004,3.2,0.0,0.5,703.5,101.0
2025-06-11 09:00:00,0.04502987669917958,80.79833265788439,77.9901438442141,30.40833333333333,65.45833333333333,23.2,977.5749999999999,344.0,0.85,22.59166666666667,31.616666666666664,48.541666666666664,2.8,0.0,0.5,703.5,123.0
2025-06-11 10:00:00,0.046931592613554916,81.24460909648228,78.12501327845432,32.30833333333333,59.050000000000004,23.316666666666666,977.3916666666668,509.6666666666667,0.875,23.141666666666666,33.85,58.5,2.6,0.0,0.5,703.5,301.0
2025-06-11 11:00:00,0.04519332120646081,78.98959067381274,76.14916010385177,33.75,54.80833333333334,23.433333333333334,977.025,472.6666666666667,0.8333333333333334,23.041666666666668,33.583333333333336,52.675000000000004,2.6,0.0,0.5,703.5,312.0
2025-06-11 12:00:00,0.043895055429318014,77.69833191687945,75.16204576656382,34.00833333333333,52.175000000000004,22.858333333333334,976.4166666666666,399.6666666666667,0.8583333333333334,17.383333333333333,25.641666666666666,46.18333333333334,2.4,0.0,0.5,703.5,91.5
2025-06-11 13:00:00,0.042207533784085406,79.24734540210389,76.87531211433587,34.208333333333336,50.525,22.491666666666664,975.4083333333333,421.3333333333333,1.1083333333333334,15.9,23.241666666666664,39.208333333333336,3.7,0.0,0.5,703.5,42.5
2025-06-11 14:00:00,0.04167129977751096,78.66863644599322,76.40528040926122,34.875,48.71666666666667,22.508333333333336,974.5,483.25,1.175,17.05,24.09166666666667,41.78333333333333,3.4,0.0,0.5,703.5,40.0
2025-06-11 15:00:00,0.04311657822835899,75.89457904426583,73.52306872773313,34.699999999999996,47.89166666666667,22.058333333333334,973.5416666666666,317.3333333333333,1.0666666666666667,17.458333333333332,24.641666666666666,39.016666666666666,4.5,0.0,0.5,703.5,38.0
2025-06-11 16:00:00,0.04593981675278915,65.08049698875998,62.75978451856179,33.99166666666667,48.71666666666667,21.683333333333334,973.3249999999999,176.33333333333334,0.85,20.95,29.599999999999998,48.975,2.9,0.0,0.5,703.5,28.0
2025-06-11 17:00:00,0.051922297604754634,25.38050189552959,24.26262523809106,33.333333333333336,50.458333333333336,21.675,973.6916666666666,82.16666666666667,0.5333333333333333,22.650000000000002,31.991666666666664,51.975,1.2,0.0,0.5,703.5,190.5
2025-06-11 18:00:00,0.0472274599654329,4.0160371452651304,3.840933080075353,32.4,54.1,22.0,973.9,30.0,0.0,26.8,36.3,61.1,0.0,0.0,0.5,703.5,319.0
2025-06-12 06:00:00,0.05884132559896957,10.370537112708517,9.783951225664202,26.599999999999998,77.125,22.275000000000002,976.6416666666668,42.583333333333336,0.3416666666666666,12.041666666666666,13.391666666666666,18.099999999999998,1.5,0.0,0.0,705.5,112.5
2025-06-12 07:00:00,0.05140009493324051,54.38774714507315,51.90291822798923,27.675,72.40833333333333,22.275000000000002,976.8666666666667,132.91666666666666,0.6583333333333333,14.491666666666667,16.091666666666665,21.791666666666668,2.0,0.0,0.0,705.5,153.5
2025-06-12 08:00:00,0.045246707938444125,79.27628566916529,76.40911187062567,29.008333333333336,66.03333333333333,22.03333333333333,977.025,355.0833333333333,0.9416666666666668,14.058333333333332,17.075,24.90833333333333,2.9,0.0,0.0,705.5,111.5
2025-06-12 09:00:00,0.04720875404985162,81.76688657605791,78.51519783579768,31.141666666666666,58.80833333333334,22.141666666666666,977.0583333333334,542.3333333333334,1.0833333333333333,12.483333333333334,16.849999999999998,26.233333333333334,3.3,0.0,0.0,705.5,265.5
2025-06-12 10:00:00,0.049759032806200636,79.89696355170395,76.36655743835594,33.34166666666667,53.35833333333333,22.59166666666667,976.7166666666667,789.0833333333334,1.0333333333333334,13.1,18.25,30.308333333333334,3.5,0.0,0.0,705.5,270.5
2025-06-12 11:00:00,0.048304140519448376,78.60014738097844,75.34456802180013,34.53333333333334,49.80833333333334,22.575,976.0083333333333,836.5,1.1083333333333334,12.416666666666666,16.383333333333333,29.675,3.2,0.0,0.0,705.5,272.0
2025-06-12 12:00:00,0.04733546522630195,78.1931303699668,75.12810823144937,34.53333333333333,49.61666666666667,22.491666666666664,975.1833333333334,680.4166666666666,1.1666666666666667,13.408333333333333,18.941666666666666,30.066666666666666,6.5,0.0,0.0,705.5,272.5
2025-06-12 13:00:00,0.04438166398647673,78.83525391093214,76.18181213471608,34.766666666666666,48.64166666666667,22.366666666666664,974.3666666666667,607.5833333333334,1.0333333333333334,14.35,19.75,32.449999999999996,5.8,0.0,0.0,705.5,299.5
2025-06-12 14:00:00,0.04623220833584535,76.15604796957163,73.38993020758859,34.666666666666664,48.475,22.21666666666667,973.6083333333332,458.5833333333333,1.1583333333333334,12.516666666666666,17.858333333333334,27.583333333333332,4.4,0.0,0.0,705.5,269.5
2025-06-12 15:00:00,0.04555505409352461,76.7022785870911,74.04603879624048,35.06666666666667,46.275,21.775000000000002,972.8416666666667,454.0833333333333,0.9583333333333334,14.975,22.900000000000002,47.76666666666666,3.5,0.0,0.0,705.5,288.5
2025-06-12 16:00:00,0.03370085591161578,49.25283025854404,49.10696660559564,34.75833333333333,45.75833333333333,21.358333333333334,972.4916666666667,254.41666666666666,1.1916666666666667,9.033333333333333,12.424999999999999,22.791666666666668,4.4,0.0,0.0,705.5,222.5
2025-06-12 17:00:00,0.05048975530196021,12.373414258879812,12.017181615472424,33.475,48.525,21.150000000000002,973.0583333333334,48.666666666666664,1.0416666666666667,15.366666666666667,23.00833333333333,37.541666666666664,3.3,0.0,0.0,705.5,233.0
2025-06-12 18:00:00,0.0629747597576069,0.15182467693786,0.143358660995726,32.7,50.1,21.0,973.4,3.0,0.7,13.8,21.2,34.2,1.6,0.0,0.0,705.5,319.0
2025-06-13 06:00:00,0.20739274988848155,24.512962629371838,11.801689183035668,27.116666666666664,74.675,22.21666666666667,976.8249999999999,51.583333333333336,0.3333333333333333,12.383333333333333,13.733333333333333,18.558333333333334,1.9,0.0,0.0,706.25,104.0
2025-06-13 07:00:00,0.15275734070368327,79.15629134487308,62.85057389946991,29.474999999999998,63.98333333333334,21.966666666666665,977.2833333333333,80.66666666666667,0.8333333333333334,10.758333333333333,13.525,20.808333333333334,2.5,0.0,0.0,706.25,164.0
2025-06-13 08:00:00,0.04651606434854786,78.6133091844748,75.5301694262523,30.84166666666667,58.699999999999996,21.833333333333332,977.9250000000001,263.6666666666667,0.8583333333333334,9.191666666666666,13.433333333333332,22.733333333333334,2.7,0.0,0.0,706.25,291.0
2025-06-13 09:00:00,0.05050102687648244,80.65064159960282,76.98097735386928,31.991666666666664,54.458333333333336,21.666666666666668,978.1916666666667,615.0833333333334,1.0333333333333334,8.566666666666666,11.9,21.083333333333332,3.4,0.0,0.0,706.25,284.0
2025-06-13 10:00:00,0.04872492157146622,79.88837623303515,76.53751378787116,32.733333333333334,52.375,21.724999999999998,978.1166666666667,517.25,1.0666666666666667,7.666666666666667,10.883333333333333,18.883333333333333,3.1,0.0,0.0,706.25,272.0
2025-06-13 11:00:00,0.0481641130448413,79.41065974920906,76.15123583595421,33.6,50.458333333333336,21.933333333333334,977.5333333333333,567.9166666666666,0.9,7.766666666666667,11.091666666666667,18.191666666666666,3.3,0.0,0.0,706.25,301.0
2025-06-13 12:00:00,0.04735644182470081,77.7220801507106,74.65950636856633,34.858333333333334,47.36666666666667,22.008333333333336,976.5416666666666,903.8333333333334,1.2416666666666667,6.416666666666667,8.841666666666667,14.358333333333334,4.5,0.0,0.0,706.25,202.0
2025-06-13 13:00:00,0.045617943193121596,76.37346959305908,73.62761455092149,35.71666666666666,45.25,22.041666666666668,975.7833333333333,897.1666666666666,1.1583333333333334,5.383333333333333,7.5,13.491666666666667,5.7,0.0,0.0,706.25,297.0
2025-06-13 14:00:00,0.0446457808260809,77.12061181782288,74.50843883581469,35.05833333333333,46.13333333333333,21.758333333333336,975.0583333333334,460.9166666666667,1.1166666666666667,4.75,6.5249999999999995,10.483333333333333,4.6,0.0,0.0,706.25,291.5
2025-06-13 15:00:00,0.04597680590829936,74.31614761665094,71.60172061439975,35.06666666666667,46.10833333333333,21.78333333333333,974.6,324.0,0.875,6.5,10.041666666666666,20.7,4.0,0.0,0.0,706.25,293.5
2025-06-13 16:00:00,0.042767122096739385,63.2042044687065,61.39967787558198,34.60833333333333,46.85833333333333,21.616666666666664,974.4416666666666,241.0,0.8500000000000001,9.458333333333334,13.591666666666667,24.366666666666664,2.6,0.0,0.0,706.25,302.5
2025-06-13 17:00:00,0.053261720894810384,17.1455366310724,16.223298014047607,33.25833333333333,49.824999999999996,21.358333333333334,974.5583333333334,69.25,0.7999999999999999,8.058333333333332,11.233333333333334,21.766666666666666,2.9,0.0,0.0,706.25,291.0
2025-06-13 18:00:00,0.0553411717136093,0.8807076703333719,0.83476727557262,32.9,51.2,21.5,974.9,14.0,0.6,7.5,9.1,14.7,1.0,0.0,0.0,706.25,315.0
2025-06-14 06:00:00,0.22152181050105446,11.27908131672296,5.275332817456279,27.391666666666666,75.45833333333333,22.675,978.0916666666667,30.333333333333332,0.39999999999999997,8.891666666666667,9.866666666666665,13.358333333333334,1.4,0.0,0.0,706.25,107.0
2025-06-14 07:00:00,0.11320352711583771,69.04542831142247,59.61414462933852,28.983333333333334,68.39166666666667,22.566666666666666,978.2666666666668,68.08333333333333,0.6583333333333333,10.391666666666667,12.225,16.75,2.3,0.0,0.0,706.25,116.0
2025-06-14 08:00:00,0.041543929812338544,82.30460223169875,79.66489678379368,30.90833333333333,59.333333333333336,22.041666666666668,978.8000000000001,419.75,1.0916666666666666,7.741666666666667,10.65,17.141666666666666,4.5,0.0,0.0,706.25,241.5
2025-06-14 09:00:00,0.045609231680562405,80.67673456070408,77.48270824003342,32.266666666666666,54.14166666666667,21.849999999999998,979.0833333333334,638.8333333333334,1.1416666666666666,6.766666666666667,9.65,13.85,3.3,0.0,0.0,706.25,279.5
2025-06-14 10:00:00,0.04734008746440852,77.08732466999962,73.8616361542693,33.15,52.166666666666664,22.03333333333333,978.85,728.5,1.1500000000000001,8.125,11.616666666666667,19.25,5.9,0.0,0.0,706.25,262.5
2025-06-14 11:00:00,0.04734616043273059,79.22469467787157,75.94468692043948,34.21666666666667,49.083333333333336,22.0,978.125,848.3333333333334,1.1166666666666667,7.516666666666667,10.241666666666665,15.525,4.9,0.0,0.0,706.25,269.5
2025-06-14 12:00:00,0.04720094715727577,76.69597527416732,73.61869120847722,35.69166666666667,44.09166666666667,21.575000000000003,977.3333333333334,887.9166666666666,1.1166666666666667,7.958333333333333,11.633333333333333,19.166666666666668,4.3,0.0,0.0,706.25,298.5
2025-06-14 13:00:00,0.046727931142300054,76.34711415746843,73.33990825536365,35.85,43.11666666666667,21.366666666666664,976.5666666666666,706.5833333333334,1.2083333333333333,6.733333333333333,9.791666666666666,18.466666666666665,4.8,0.0,0.0,706.25,286.5
2025-06-14 14:00:00,0.04479231608005179,78.25358122913667,75.4475065858283,35.666666666666664,43.375,21.333333333333332,976.025,588.9166666666666,1.2166666666666666,5.391666666666667,7.983333333333333,14.875,5.8,0.0,0.0,706.25,290.0
2025-06-14 15:00:00,0.045111229269780985,73.1376496821154,70.63276539914646,35.05833333333333,44.78333333333333,21.266666666666666,975.4499999999999,389.0833333333333,1.225,6.8500000000000005,10.583333333333334,21.625,4.9,0.0,0.0,706.25,286.0
2025-06-14 16:00:00,0.05641232485623928,45.08929702078248,42.87674529626537,33.85,47.6,21.166666666666668,975.4166666666666,113.41666666666667,0.875,8.083333333333334,12.283333333333333,26.066666666666666,3.1,0.0,0.0,706.25,303.5
2025-06-14 17:00:00,0.05580400019946461,16.377754882958428,15.708589802069861,33.458333333333336,48.875,21.266666666666666,975.6416666666668,67.33333333333333,0.8916666666666667,7.966666666666666,11.0,19.458333333333332,2.9,0.0,0.0,706.25,199.5
2025-06-14 18:00:00,0.0443204243761852,4.654605998209417,4.569472844590962,33.0,50.9,21.5,976.1,36.0,0.8,8.2,10.8,15.3,2.1,0.0,0.0,706.25,318.0
2025-06-15 06:00:00,0.05954919247704341,6.117423870603939,5.819372815514555,27.775000000000002,61.21666666666667,19.658333333333335,977.5666666666666,34.0,0.7416666666666667,5.7749999999999995,7.983333333333333,13.441666666666668,1.9,0.0,0.0,706.25,256.0
2025-06-15 07:00:00,0.05524367053106528,57.12786997112095,54.45805946313521,28.383333333333336,60.375,20.008333333333333,978.1083333333332,146.83333333333334,0.7000000000000001,8.125,10.741666666666667,18.358333333333334,2.4,0.0,0.0,706.25,184.5
2025-06-15 08:00:00,0.04431923739263044,81.13071141401964,78.35803015373068,30.041666666666668,56.23333333333333,20.391666666666666,978.6166666666667,359.4166666666667,0.8583333333333334,7.1000000000000005,10.416666666666666,17.275000000000002,3.5,0.0,0.0,706.25,172.0
2025-06-15 09:00:00,0.042728040117567784,80.7462818839087,78.0028521885191,31.075,54.19166666666666,20.766666666666666,978.8083333333334,457.5,0.9833333333333334,5.8,8.125,13.475,4.2,0.0,0.0,706.25,244.0
2025-06-15 10:00:00,0.0419576016442608,80.5250232222076,77.81756954320255,32.025,52.541666666666664,21.108333333333334,978.4666666666667,498.5,1.0833333333333333,6.191666666666666,9.333333333333334,16.033333333333335,4.5,0.0,0.0,706.25,279.5
2025-06-15 11:00:00,0.04450009345013517,75.41589509231055,72.58975871100307,32.608333333333334,51.699999999999996,21.40833333333333,977.7583333333333,362.8333333333333,0.9166666666666666,5.491666666666667,7.75,14.316666666666668,3.2,0.0,0.0,706.25,287.5
2025-06-15 12:00:00,0.04325594181542117,78.93016925211327,76.13627199018553,32.68333333333334,52.15833333333333,21.625,977.0500000000001,423.0,1.0666666666666667,6.433333333333334,9.116666666666667,15.200000000000001,4.7,0.0,0.0,706.25,293.5
2025-06-15 13:00:00,0.042436308585927694,79.72740105098637,76.94168386049544,33.46666666666667,50.36666666666667,21.758333333333336,976.3666666666667,455.8333333333333,1.1,4.825,6.383333333333333,10.466666666666667,3.4,0.0,0.0,706.25,306.5
2025-06-15 14:00:00,0.04158826700866324,78.71181107988652,76.07336818042565,33.141666666666666,50.60833333333333,21.575,975.8249999999999,380.25,1.0999999999999999,4.958333333333333,6.766666666666667,9.933333333333334,4.7,0.0,0.0,706.25,291.5
2025-06-15 15:00:00,0.04078265812899796,78.85748564311619,76.37457911455698,34.18333333333333,48.65833333333333,21.875,974.9499999999999,438.4166666666667,1.0250000000000001,4.2,5.458333333333333,9.466666666666667,4.0,0.0,0.0,706.25,302.0
2025-06-15 16:00:00,0.04185659811254829,70.37020635217984,68.07846897624184,33.75,49.03333333333333,21.575,974.975,263.5,1.2333333333333332,4.166666666666667,5.558333333333334,9.049999999999999,6.7,0.0,0.0,706.25,293.5
2025-06-15 17:00:00,0.052884500732085005,30.311688313766492,28.88826175021218,32.75833333333333,49.583333333333336,20.84166666666667,975.8249999999999,97.5,1.1500000000000001,4.75,7.133333333333333,12.666666666666666,4.0,0.0,0.0,706.25,294.5
2025-06-15 18:00:00,0.0570201835069719,10.33658162268914,9.71221089218923,32.2,48.2,19.9,976.3,54.0,1.6,4.9,7.4,19.5,4.5,0.0,0.0,706.25,307.0
2025-06-16 06:00:00,0.05948746706184425,6.785447857639983,6.249821582860361,27.858333333333334,60.21666666666667,19.491666666666667,978.0749999999999,33.5,0.7666666666666666,8.125,11.233333333333334,18.758333333333336,2.2,0.0,0.0,706.25,106.0
2025-06-16 07:00:00,0.06431300956844183,37.22224915295061,34.36785757254816,28.508333333333336,58.925000000000004,19.724999999999998,978.4499999999999,97.66666666666667,0.7583333333333333,9.633333333333333,13.416666666666666,22.075,1.9,0.0,0.0,706.25,296.0
2025-06-16 08:00:00,0.04154680008752361,71.47750964661537,69.05637938330452,29.058333333333334,57.69166666666666,19.908333333333335,978.875,184.25,1.0083333333333333,8.608333333333333,12.799999999999999,21.233333333333334,3.7,0.0,0.0,706.25,310.5
2025-06-16 09:00:00,0.04080325668556991,79.80912458098831,77.20777608284467,30.316666666666666,54.775,20.191666666666666,978.875,302.0833333333333,1.0583333333333333,8.491666666666667,12.25,20.883333333333333,3.7,0.0,0.0,706.25,197.5
2025-06-16 10:00:00,0.040247791578985094,81.8042524688045,79.16721123942192,31.691666666666666,49.550000000000004,19.883333333333333,978.6583333333333,419.25,1.225,8.641666666666667,12.458333333333334,24.65833333333333,4.8,0.0,0.0,706.25,87.0
2025-06-16 11:00:00,0.04264676316421387,81.77947552963603,78.82736278392431,33.09166666666667,45.65,19.849999999999998,978.0666666666666,607.9166666666666,1.3,8.958333333333334,13.716666666666667,26.525000000000002,4.1,0.0,0.0,706.25,310.5
2025-06-16 12:00:00,0.04293854700130714,80.20292165180868,77.25954479296712,33.69166666666667,44.81666666666666,20.066666666666666,977.5833333333334,485.25,1.2416666666666667,11.066666666666668,16.608333333333334,30.458333333333332,4.5,0.0,0.0,706.25,297.5
2025-06-16 13:00:00,0.04114833410157339,78.99076273599017,76.35430282631165,33.43333333333333,44.675000000000004,19.791666666666668,977.1999999999999,316.3333333333333,1.3583333333333334,8.483333333333333,12.391666666666666,21.75,4.7,0.0,0.0,706.25,128.5
2025-06-16 14:00:00,0.0402144895489282,78.74553898093147,76.25016523135592,33.675000000000004,44.5,19.933333333333334,976.6916666666666,311.0,1.2750000000000001,6.533333333333334,10.0,17.625,4.7,0.0,0.0,706.25,159.0
2025-06-16 15:00:00,0.04148642282481444,72.8556148340321,70.36310415339624,33.6,44.699999999999996,19.95,976.4916666666667,212.83333333333334,1.0250000000000001,7.2,10.708333333333334,19.666666666666668,4.0,0.0,0.0,706.25,181.0
2025-06-16 16:00:00,0.04786888657051139,58.064406394713636,55.470483156939316,32.99166666666667,47.49166666666667,20.349999999999998,976.4833333333332,135.58333333333334,0.8333333333333334,11.066666666666668,16.35,28.708333333333332,3.6,0.0,0.0,706.25,289.5
2025-06-16 17:00:00,0.05680012983373369,23.890463586331606,22.456563717251797,32.300000000000004,49.175000000000004,20.291666666666668,976.8583333333335,79.66666666666667,0.9,11.358333333333333,16.875,29.066666666666666,4.3,0.0,0.0,706.25,282.0
2025-06-16 18:00:00,0.048346669953653,2.882392080903372,2.750917248095158,31.8,50.1,20.2,977.2,22.0,0.9,11.2,16.7,28.8,1.8,0.0,0.0,706.25,288.0
2025-06-17 06:00:00,0.08564356788166365,10.876324830019058,9.391767033727225,27.0,68.48333333333333,20.75,980.4583333333334,42.833333333333336,0.20833333333333334,15.375,17.083333333333332,23.083333333333332,1.6,0.0,0.0,706.25,141.0
2025-06-17 07:00:00,0.06517992739036084,60.692015294514285,56.80653350792763,28.066666666666666,65.40833333333333,21.008333333333333,980.9833333333332,134.66666666666666,0.7000000000000001,14.683333333333332,18.391666666666666,28.416666666666668,2.0,0.0,0.0,706.25,84.0
2025-06-17 08:00:00,0.04272936908734312,77.80769542651183,75.0981498833378,29.858333333333334,60.4,21.391666666666666,981.4166666666666,256.0,0.7916666666666666,13.383333333333333,19.391666666666666,32.0,2.3,0.0,0.0,706.25,199.0
2025-06-17 09:00:00,0.043170983490071944,80.95063827881187,77.98159419058413,31.45,55.35,21.441666666666666,981.5,552.3333333333334,1.0250000000000001,10.558333333333334,15.25,25.666666666666668,3.6,0.0,0.0,706.25,250.0
2025-06-17 10:00:00,0.044667239364736246,80.31761611370702,77.14786566503126,33.36666666666667,49.98333333333333,21.541666666666668,981.0583333333334,668.75,1.0833333333333333,9.358333333333333,13.325000000000001,22.983333333333334,3.4,0.0,0.0,706.25,262.5
2025-06-17 11:00:00,0.04447818060159938,80.31361981411997,77.19781835009853,33.916666666666664,48.833333333333336,21.683333333333334,980.3166666666666,692.3333333333334,1.2416666666666667,8.966666666666667,12.991666666666667,25.483333333333334,4.6,0.0,0.0,706.25,268.0
2025-06-17 12:00:00,0.043668436139108056,78.73201846249964,75.78773142253068,33.800000000000004,49.18333333333334,21.683333333333334,979.7916666666666,470.9166666666667,1.175,9.541666666666666,13.950000000000001,24.40833333333333,4.8,0.0,0.0,706.25,280.5
2025-06-17 13:00:00,0.0432695114825852,79.23135041871947,76.34930030562127,33.824999999999996,49.25,21.733333333333334,979.025,342.5833333333333,1.0833333333333333,6.841666666666666,9.941666666666666,19.25,3.2,0.0,0.0,706.25,291.5
2025-06-17 14:00:00,0.043377548745980064,77.3081504465957,74.52475701037056,33.81666666666667,48.458333333333336,21.441666666666666,978.3166666666666,276.75,0.9500000000000001,5.05,7.391666666666667,13.65,3.0,0.0,0.0,706.25,296.0
2025-06-17 15:00:00,0.04365245030707182,73.90593599982954,71.23308675834399,33.90833333333333,47.09166666666667,21.058333333333334,977.8249999999999,229.75,1.0666666666666667,7.6499999999999995,11.658333333333333,23.258333333333336,3.6,0.0,0.0,706.25,303.0
2025-06-17 16:00:00,0.04997306844798346,54.004495402038465,51.55374124646047,33.44166666666667,47.925000000000004,20.925,977.7666666666668,136.83333333333334,1.0083333333333333,7.2,10.716666666666667,22.46666666666667,4.6,0.0,0.0,706.25,310.5
2025-06-17 17:00:00,0.051735483385823545,33.53952970055399,32.11997396676717,33.30833333333333,46.13333333333333,20.2,978.0333333333333,104.16666666666667,1.1083333333333334,6.916666666666667,9.466666666666667,18.583333333333332,5.4,0.0,0.0,706.25,92.0
2025-06-17 18:00:00,0.0590725857910108,7.59657719780784,7.1288104650465,32.9,45.6,19.6,978.4,45.0,1.2,6.1,7.2,14.9,2.3,0.0,0.0,706.25,102.0
2025-06-18 06:00:00,0.1705561960851868,18.39325323196317,10.61663072733299,26.78333333333333,68.46666666666667,20.508333333333333,981.25,45.166666666666664,0.9416666666666668,12.991666666666667,14.450000000000001,19.508333333333333,3.2,0.0,0.0,706.25,111.5
2025-06-18 07:00:00,0.09907479915325777,77.68308145283034,67.32450701208755,28.683333333333334,62.916666666666664,20.966666666666665,981.5749999999999,114.33333333333333,0.9750000000000001,12.975,18.175,30.53333333333333,4.7,0.0,0.0,706.25,210.5
2025-06-18 08:00:00,0.042580433257158413,82.57820195558979,79.74966630749545,30.058333333333334,58.55833333333334,21.041666666666668,981.8083333333334,384.3333333333333,1.1166666666666667,12.391666666666666,18.175,33.800000000000004,4.1,0.0,0.0,706.25,156.5
2025-06-18 09:00:00,0.04464177350143921,79.93587203032294,76.84888155018096,31.891666666666666,53.51666666666667,21.275000000000002,981.8499999999999,484.8333333333333,1.05,11.108333333333334,16.3,30.758333333333336,3.4,0.0,0.0,706.25,283.5
2025-06-18 10:00:00,0.04339976785672276,80.37073577238247,77.47392907403027,32.65833333333333,51.28333333333333,21.316666666666666,981.3166666666666,410.9166666666667,0.875,11.466666666666667,17.083333333333332,31.383333333333336,3.1,0.0,0.0,706.25,285.0
2025-06-18 11:00:00,0.04372998181449444,80.37760410965394,77.4164115141911,33.766666666666666,47.74166666666667,21.150000000000002,980.6166666666667,572.6666666666666,1.0416666666666667,11.325000000000001,16.425,31.016666666666666,4.0,0.0,0.0,706.25,286.0
2025-06-18 12:00:00,0.042474409905409134,79.0549151987057,76.33743181469542,35.43333333333333,42.875,20.900000000000002,979.5500000000001,701.25,1.2583333333333333,9.808333333333334,14.616666666666667,26.3,4.0,0.0,0.0,706.25,135.5
2025-06-18 13:00:00,0.043025818616291824,78.95306093919496,76.19712777501559,36.324999999999996,40.041666666666664,20.599999999999998,978.775,766.6666666666666,1.3166666666666667,8.183333333333334,11.866666666666667,22.474999999999998,5.0,0.0,0.0,706.25,210.0
2025-06-18 14:00:00,0.0413909974919007,75.4330254351397,73.1192100133326,37.016666666666666,37.958333333333336,20.341666666666665,978.2333333333332,676.1666666666666,1.3166666666666667,6.866666666666667,11.133333333333333,23.816666666666666,3.7,0.0,0.0,706.25,86.0
2025-06-18 15:00:00,0.039982527100962416,78.19438405439631,75.93983086536035,36.93333333333333,37.975,20.275,977.75,540.3333333333334,1.2166666666666666,7.108333333333333,11.091666666666667,24.383333333333336,3.7,0.0,0.0,706.25,206.0
2025-06-18 16:00:00,0.039222916715039156,48.86206234229869,47.60423821133699,35.836363636363636,40.663636363636364,20.400000000000002,977.6,291.8181818181818,1.0818181818181818,8.536363636363637,12.781818181818181,26.772727272727273,3.6,0.0,0.0,706.25,87.0
2025-06-18 17:00:00,0.051359221288731806,14.211082698362743,13.517461428204108,34.458333333333336,43.51666666666667,20.266666666666666,977.875,69.83333333333333,0.7416666666666667,12.158333333333333,18.875,35.85,2.2,0.0,0.0,706.25,305.5
2025-06-18 18:00:00,0.0477094772895181,3.099996317158225,2.9600991251201547,34.0,44.9,20.4,978.3,29.0,0.7,13.2,19.4,42.3,0.9,0.0,0.0,706.25,326.0
2025-06-19 06:00:00,0.0936462138562462,11.03614539933268,9.048449599258392,27.3,67.70833333333333,20.858333333333334,980.4416666666666,40.666666666666664,0.8500000000000001,17.041666666666668,18.925,25.608333333333334,2.8,0.0,0.0,706.25,142.5
2025-06-19 07:00:00,0.09636366454657751,70.68726837372611,62.050242257568264,28.483333333333334,64.60833333333333,21.175,980.9083333333333,135.91666666666666,0.8916666666666666,16.791666666666668,21.8,36.175000000000004,3.0,0.0,0.0,706.25,112.5
2025-06-19 08:00:00,0.04378373017879051,80.98574675773723,78.06549611609141,29.925,58.84166666666667,21.033333333333335,981.3083333333333,283.6666666666667,1.1500000000000001,15.183333333333332,22.391666666666666,41.050000000000004,4.0,0.0,0.0,706.25,328.0
2025-06-19 09:00:00,0.044064119126284516,81.4814663377859,78.52916678215233,30.875,55.583333333333336,20.983333333333334,981.4,360.4166666666667,1.05,14.075000000000001,20.775000000000002,36.80833333333333,3.4,0.0,0.0,706.25,297.5
2025-06-19 10:00:00,0.044806685067585984,81.7160250439783,78.58884829186017,32.766666666666666,50.35833333333333,21.075,981.225,570.5833333333334,1.0166666666666666,15.491666666666667,22.65833333333333,38.13333333333333,3.2,0.0,0.0,706.25,303.5
2025-06-19 11:00:00,0.04596938878031608,79.92743749264592,76.71284620409095,34.225,45.26666666666667,20.716666666666665,980.725,731.0,1.2166666666666666,13.85,20.291666666666668,35.99166666666667,5.0,0.0,0.0,706.25,275.0
2025-06-19 12:00:00,0.044844779655667986,79.5187910268704,76.4541703773115,35.050000000000004,42.05833333333333,20.241666666666667,980.125,646.5833333333334,1.1500000000000001,12.591666666666667,18.283333333333335,37.18333333333333,3.9,0.0,0.0,706.25,295.5
2025-06-19 13:00:00,0.04386576632019872,79.37924282038607,76.389405652543,35.666666666666664,39.71666666666667,19.875,979.1333333333333,643.75,1.1416666666666666,10.766666666666666,16.625,28.15833333333333,4.4,0.0,0.0,706.25,299.5
2025-06-19 14:00:00,0.04390097660567466,79.32079724451533,76.44191794868748,35.483333333333334,39.81666666666667,19.775000000000002,978.3333333333334,473.0,1.1416666666666668,12.174999999999999,17.5,33.15,4.4,0.0,0.0,706.25,309.5
2025-06-19 15:00:00,0.04223954453146311,78.50442500366346,75.86887465657448,35.824999999999996,39.53333333333333,19.95,977.7333333333332,453.8333333333333,1.1500000000000001,14.275,21.583333333333332,41.641666666666666,3.8,0.0,0.0,706.25,305.0
2025-06-19 16:00:00,0.04200841317342623,67.68659375085322,65.46487314092315,34.94166666666667,40.875,19.7,977.5500000000001,212.91666666666666,1.0083333333333333,15.6,22.775000000000002,43.81666666666666,3.4,0.0,0.0,706.25,290.5
2025-06-19 17:00:00,0.04571065172393477,14.501246020842174,13.912425414471913,33.80833333333333,43.291666666666664,19.616666666666667,978.0666666666666,61.416666666666664,0.6916666666666668,19.224999999999998,27.483333333333334,48.416666666666664,2.6,0.0,0.0,706.25,311.0
2025-06-19 18:00:00,0.0455118189872318,1.0557398369028932,1.010417908949487,33.0,45.4,19.7,978.4,15.0,0.7,22.1,29.4,52.9,0.7,0.0,0.0,706.25,304.0
2025-06-20 06:00:00,0.12310796351514726,11.93722806087239,8.417404922067346,27.0,68.94166666666666,20.849999999999998,981.6333333333333,37.333333333333336,0.7583333333333333,24.983333333333334,27.741666666666664,37.483333333333334,2.2,0.0,0.0,706.25,168.0
2025-06-20 07:00:00,0.09971832678440624,64.13096985425499,56.18605489897507,28.133333333333336,66.00833333333334,21.2,982.0666666666666,121.08333333333333,0.9083333333333333,23.53333333333333,29.583333333333332,42.81666666666666,2.8,0.0,0.0,706.25,108.0
2025-06-20 08:00:00,0.04526501633715365,82.34213006997467,79.2345661806706,29.65833333333333,60.824999999999996,21.316666666666666,982.5,367.9166666666667,1.0666666666666667,18.366666666666667,25.049999999999997,40.916666666666664,3.0,0.0,0.0,706.25,131.5
2025-06-20 09:00:00,0.0460308346730078,81.81975602441031,78.52432856119684,31.84166666666667,53.35833333333333,21.2,982.6333333333333,590.6666666666666,1.0666666666666667,15.241666666666667,21.266666666666666,36.63333333333333,3.0,0.0,0.0,706.25,278.0
2025-06-20 10:00:00,0.04862125263483608,79.73974413876695,76.16571496212863,33.93333333333333,47.458333333333336,21.175,982.0,811.8333333333334,1.1416666666666666,14.691666666666668,20.875,35.49166666666667,4.5,0.0,0.0,706.25,292.5
2025-06-20 11:00:00,0.047118091050033166,78.74670852534724,75.40380824399023,35.43333333333333,42.89166666666667,20.883333333333333,981.0583333333334,858.4166666666666,1.125,15.1,21.283333333333335,38.11666666666667,3.8,0.0,0.0,706.25,278.5
2025-06-20 12:00:00,0.04698375957404216,76.44433579747788,73.23637596952747,36.608333333333334,38.40833333333333,20.166666666666668,979.8333333333334,852.1666666666666,1.2583333333333333,13.0,18.7,34.84166666666667,4.1,0.0,0.0,706.25,271.0
2025-06-20 13:00:00,0.045207225333445865,74.67240947054596,71.85297384732074,37.34166666666667,36.025,19.791666666666668,978.8166666666666,738.0,1.1500000000000001,10.758333333333333,15.549999999999999,26.75,4.2,0.0,0.0,706.25,270.0
2025-06-20 14:00:00,0.043345446980990195,78.95689415980554,76.24469739157188,37.891666666666666,33.84166666666667,19.25,978.1083333333332,678.5,1.175,11.591666666666667,16.791666666666668,29.016666666666666,3.7,0.0,0.0,706.25,318.5
2025-06-20 15:00:00,0.04175138646653692,73.75357171004909,71.43434262306641,37.708333333333336,33.199999999999996,18.8,977.6,511.0833333333333,1.1166666666666667,12.35,18.883333333333333,34.733333333333334,3.9,0.0,0.0,706.25,322.0
2025-06-20 16:00:00,0.020771533719605075,42.33286236664417,43.088567638138706,36.56666666666667,35.11666666666667,18.708333333333332,977.5916666666667,260.4166666666667,0.9833333333333334,12.625,18.133333333333333,36.35,3.3,0.0,0.0,706.25,301.5
2025-06-20 17:00:00,0.05030600832025658,11.06894556302666,10.58637169337972,35.15,38.800000000000004,19.058333333333334,977.8249999999999,61.25,0.8166666666666668,17.125,25.666666666666668,53.824999999999996,3.0,0.0,0.0,706.25,303.5
2025-06-20 18:00:00,0.0522789051419976,1.1308772774596592,1.07109980314665,34.4,41.0,19.3,977.9,14.0,0.9,17.4,24.5,52.6,2.9,0.0,0.0,706.25,301.0
2025-06-21 06:00:00,0.05797381912655631,7.699995256952036,7.1810715976979855,26.808333333333334,73.36666666666666,21.683333333333334,981.5833333333334,36.5,0.16666666666666666,13.116666666666667,14.566666666666668,19.675,1.2,0.0,0.0,709.5,88.5
2025-06-21 07:00:00,0.057683257179791274,52.41930491282414,49.52850325460755,27.808333333333334,70.18333333333334,21.916666666666668,982.0916666666667,127.83333333333333,0.3916666666666666,16.616666666666667,18.466666666666665,24.974999999999998,1.5,0.0,0.0,709.5,163.0
2025-06-21 08:00:00,0.04368215886146203,77.65940030387273,74.87439420770981,29.016666666666666,65.16666666666667,21.849999999999998,982.375,228.75,0.8666666666666667,17.525000000000002,23.116666666666664,34.983333333333334,2.6,0.0,0.0,709.5,127.0
2025-06-21 09:00:00,0.043211899435856814,81.9742216487155,79.100041575785,30.608333333333334,59.1,21.741666666666664,982.4833333333332,414.8333333333333,0.9333333333333332,16.308333333333334,23.099999999999998,37.55833333333333,3.1,0.0,0.0,709.5,133.5
2025-06-21 10:00:00,0.0433117215288153,81.50052300827996,78.57533876153911,32.36666666666667,51.833333333333336,21.208333333333332,982.025,555.25,1.1166666666666667,13.5,18.925,29.958333333333332,3.4,0.0,0.0,709.5,74.5
2025-06-21 11:00:00,0.043168965220889276,80.56287976598205,77.74056383091458,33.65,46.208333333333336,20.516666666666666,981.2416666666667,551.9166666666666,1.1916666666666667,12.075000000000001,17.358333333333334,29.833333333333332,3.9,0.0,0.0,709.5,65.5
2025-06-21 12:00:00,0.04269675003796378,79.81552969573492,77.11279349835422,34.458333333333336,43.34166666666667,20.216666666666665,980.2416666666667,465.25,1.1333333333333335,12.758333333333333,18.433333333333334,30.716666666666665,3.8,0.0,0.0,709.5,78.5
2025-06-21 13:00:00,0.04273272481208037,79.57296280548071,76.88892897886755,34.63333333333333,42.81666666666666,20.175,979.475,383.0,1.075,10.316666666666666,14.674999999999999,24.291666666666668,3.8,0.0,0.0,709.5,112.0
2025-06-21 14:00:00,0.0425746292603689,76.50800672598784,73.91785459295048,34.475,43.09166666666667,20.150000000000002,978.7666666666668,251.66666666666666,0.9333333333333335,12.975,18.283333333333335,28.916666666666668,3.1,0.0,0.0,709.5,57.5
2025-06-21 15:00:00,0.04329362283512206,73.86557242129473,71.28160612040878,34.40833333333333,43.59166666666667,20.258333333333333,978.2166666666667,217.41666666666666,0.7416666666666667,16.341666666666665,24.375,44.31666666666666,3.0,0.0,0.0,709.5,327.0
2025-06-21 16:00:00,0.04229580828485915,56.99724934023027,55.17679114075838,34.075,43.958333333333336,20.099999999999998,978.0666666666666,167.5,0.325,17.775000000000002,26.233333333333334,42.15833333333333,1.6,0.0,0.0,709.5,308.5
2025-06-21 17:00:00,0.05541173546312075,15.903786733481963,15.00258820359212,32.81666666666667,48.68333333333334,20.6,978.3083333333334,68.66666666666667,0.40833333333333327,26.933333333333334,37.025,63.93333333333334,1.4,0.0,0.0,709.5,298.0
2025-06-21 18:00:00,0.0525375970402428,11.60106887991966,11.01977410553478,32.5,49.2,20.5,978.6,59.0,0.7,27.0,37.5,58.5,1.8,0.0,0.0,709.5,304.0
2025-06-22 06:00:00,0.14534010087890503,14.94925794515332,9.225163567799177,27.625,64.89166666666667,20.425,980.4666666666667,40.583333333333336,1.0333333333333334,14.083333333333334,15.975,21.683333333333334,3.8,0.0,0.0,709.5,97.5
2025-06-22 07:00:00,0.14411181155336042,72.7820655885488,58.488463180191474,28.683333333333334,62.63333333333333,20.9,980.9250000000001,100.41666666666667,1.0916666666666666,14.325000000000001,18.041666666666668,26.5,3.3,0.0,0.0,709.5,99.5
2025-06-22 08:00:00,0.04249223918026051,82.86357617549666,80.01251880494958,30.458333333333332,57.28333333333333,21.091666666666665,981.2916666666666,375.75,1.1500000000000001,13.008333333333333,18.441666666666666,29.066666666666666,4.3,0.0,0.0,709.5,79.0
2025-06-22 09:00:00,0.04342205864814306,81.54633287589884,78.60305551281918,31.71666666666667,52.76666666666667,20.933333333333334,981.1750000000001,476.1666666666667,1.2333333333333334,10.916666666666666,15.85,25.7,3.7,0.0,0.0,709.5,80.5
2025-06-22 10:00:00,0.04232133148440204,81.5801541169788,78.77645486008235,32.49166666666667,49.699999999999996,20.658333333333335,980.8000000000001,443.5,1.2083333333333333,10.016666666666667,14.191666666666668,24.3,4.0,0.0,0.0,709.5,78.5
2025-06-22 11:00:00,0.043418646015853324,81.1064001959408,78.18100100744402,33.80833333333333,45.30833333333334,20.333333333333332,980.375,591.9166666666666,1.2333333333333334,10.9,15.208333333333334,25.525000000000002,4.4,0.0,0.0,709.5,201.0
2025-06-22 12:00:00,0.043110783137100116,79.80438836981102,77.00041576772698,34.733333333333334,42.775000000000006,20.25,979.7166666666667,535.5833333333334,1.1166666666666667,10.983333333333334,15.108333333333333,26.425,3.1,0.0,0.0,709.5,278.5
2025-06-22 13:00:00,0.042220121357017505,78.82534067391664,76.17910350163304,34.40833333333333,43.199999999999996,20.125,978.9000000000001,344.9166666666667,1.1,11.808333333333332,16.908333333333335,31.45,4.2,0.0,0.0,709.5,70.0
2025-06-22 14:00:00,0.04317012500512524,76.51355483401824,73.88564376496625,34.175000000000004,42.71666666666667,19.75,978.5500000000001,253.66666666666666,0.975,12.166666666666666,17.150000000000002,28.474999999999998,3.6,0.0,0.0,709.5,242.0
2025-06-22 15:00:00,0.041239799571130685,74.3226621439456,71.88555011454588,34.275,42.75833333333333,19.84166666666667,978.0500000000001,219.25,0.8416666666666667,11.766666666666666,16.516666666666666,25.224999999999998,3.0,0.0,0.0,709.5,85.5
2025-06-22 16:00:00,0.043760270932627354,64.48923844278592,62.06323946954924,34.041666666666664,43.824999999999996,20.033333333333335,977.475,159.0,0.5499999999999999,12.041666666666666,16.141666666666666,27.833333333333332,1.9,0.0,0.0,709.5,318.5
2025-06-22 17:00:00,0.053081924788582945,31.085193580979915,29.39168918205647,33.699999999999996,45.49166666666667,20.291666666666668,977.6083333333332,93.33333333333333,0.05833333333333333,14.583333333333334,20.533333333333335,31.925,0.7,0.0,0.0,709.5,316.0
2025-06-22 18:00:00,0.0535191606384124,8.1274940330025,7.6838240363625,33.5,47.6,20.9,977.8,49.0,0.0,14.9,19.7,32.3,0.0,0.0,0.0,709.5,55.0
2025-06-23 06:00:00,0.055207600273305964,4.4677529798723326,4.057666292279377,27.583333333333332,63.725,20.108333333333334,980.3249999999999,27.916666666666668,1.075,7.95,9.216666666666667,12.783333333333333,4.8,0.0,0.0,709.5,100.0
2025-06-23 07:00:00,0.06073124154041665,31.30067077269307,29.14868404248993,27.875,60.99166666666667,19.691666666666666,980.2166666666667,86.66666666666667,1.1500000000000001,9.075000000000001,12.133333333333333,18.908333333333335,4.2,0.0,0.0,709.5,109.5
2025-06-23 08:00:00,0.04627571404789843,68.73015684565443,66.05637339496921,28.483333333333334,58.4,19.541666666666668,980.5500000000001,181.75,1.175,9.758333333333335,13.299999999999999,20.45,3.9,0.0,0.0,709.5,98.5
2025-06-23 09:00:00,0.04346597464250488,77.03658020421248,74.33624424400789,29.591666666666665,54.10833333333333,19.341666666666665,980.7333333333332,239.41666666666666,1.2083333333333333,8.725,12.341666666666667,19.491666666666667,6.3,0.0,0.0,709.5,92.0
2025-06-23 10:00:00,0.04437836426641534,82.11166560913189,79.17930362996212,31.425,49.625,19.650000000000002,980.5166666666668,441.6666666666667,1.3416666666666668,8.891666666666667,12.583333333333334,20.650000000000002,4.0,0.0,0.0,709.5,118.5
2025-06-23 11:00:00,0.044383456176536024,82.22858406714558,79.31384857357453,32.333333333333336,47.55833333333334,19.791666666666668,979.9083333333333,448.4166666666667,1.3,9.700000000000001,15.041666666666666,26.09166666666667,4.5,0.0,0.0,709.5,81.0
2025-06-23 12:00:00,0.04459318450231548,81.22051429141182,78.32555947804093,33.1,45.324999999999996,19.733333333333334,979.2833333333333,437.8333333333333,1.3499999999999999,8.825000000000001,12.808333333333332,23.0,4.6,0.0,0.0,709.5,80.5
2025-06-23 13:00:00,0.044224486592294616,80.57562859376331,77.7659013365136,33.65,42.9,19.325,978.5333333333333,408.6666666666667,1.1916666666666667,7.9750000000000005,11.733333333333334,21.974999999999998,3.9,0.0,0.0,709.5,99.5
2025-06-23 14:00:00,0.04652812486797048,75.7436998805898,72.8441245587686,33.49166666666667,43.30833333333334,19.316666666666666,978.0083333333333,232.75,1.0833333333333333,10.225,14.516666666666666,26.858333333333334,4.5,0.0,0.0,709.5,68.0
2025-06-23 15:00:00,0.04610180366835561,73.29891071986141,70.54133788443285,33.25833333333333,44.76666666666667,19.658333333333335,977.6,200.58333333333334,0.9083333333333333,12.883333333333333,18.825,34.199999999999996,3.0,0.0,0.0,709.5,205.5
2025-06-23 16:00:00,0.05345108786975186,55.69213780197171,52.91618223132367,33.11666666666667,46.708333333333336,20.2,977.3666666666667,139.16666666666666,0.65,15.816666666666668,23.016666666666666,43.21666666666667,1.7,0.0,0.0,709.5,331.0
2025-06-23 17:00:00,0.05591412328687976,13.201662478547641,12.402530768840952,32.425000000000004,49.40833333333333,20.491666666666667,977.2916666666666,60.25,0.008333333333333333,18.333333333333332,25.86666666666667,44.59166666666667,0.7,0.0,0.0,709.5,309.0
2025-06-23 18:00:00,0.0464781819775802,4.093155055382847,3.909725926407392,32.0,50.0,20.3,977.5,33.0,0.0,19.6,29.6,49.9,0.0,0.0,0.0,709.5,1.0
2025-06-24 06:00:00,0.058214726919938925,5.04328123998237,4.702356527544452,27.858333333333334,62.65,20.091666666666665,979.0,27.583333333333332,0.7416666666666667,13.283333333333333,16.183333333333334,25.416666666666668,2.0,0.0,0.0,709.5,152.0
2025-06-24 07:00:00,0.056872432705813186,56.06772066254231,53.07061428797505,28.78333333333333,60.824999999999996,20.466666666666665,979.6333333333333,133.58333333333334,0.8083333333333332,14.816666666666668,20.741666666666667,33.949999999999996,2.1,0.0,0.0,709.5,174.5
2025-06-24 08:00:00,0.04382290565362964,79.933879139191,77.01855746751367,30.15833333333333,56.96666666666667,20.708333333333332,979.775,312.1666666666667,0.9666666666666667,16.224999999999998,23.608333333333334,38.375,3.4,0.0,0.0,709.5,310.0
2025-06-24 09:00:00,0.04487146219758755,81.2729076618407,78.18339493454872,31.683333333333334,52.375,20.758333333333333,979.7416666666667,450.1666666666667,1.125,14.174999999999999,20.083333333333332,39.108333333333334,4.3,0.0,0.0,709.5,309.0
2025-06-24 10:00:00,0.04532839082475767,81.11583471042397,78.00762497299091,33.025,47.50833333333333,20.408333333333335,979.2083333333334,561.0833333333334,1.25,12.549999999999999,18.458333333333332,31.566666666666666,4.2,0.0,0.0,709.5,93.0
2025-06-24 11:00:00,0.0440886225376645,80.59430525184685,77.6841603139684,34.05833333333333,44.06666666666666,20.133333333333333,978.6333333333333,553.0,1.3833333333333335,11.941666666666668,17.533333333333335,31.858333333333334,4.6,0.0,0.0,709.5,103.0
2025-06-24 12:00:00,0.04399737774523751,80.63153977599664,77.80198390381493,35.13333333333333,39.93333333333333,19.491666666666667,977.9333333333334,673.9166666666666,1.55,11.1,16.541666666666668,30.958333333333332,4.7,0.0,0.0,709.5,75.0
2025-06-24 13:00:00,0.04378753838794933,80.56225208332721,77.7755817614186,35.38333333333333,39.041666666666664,19.341666666666665,977.1666666666666,607.5833333333334,1.6333333333333335,10.450000000000001,15.299999999999999,28.275000000000002,6.1,0.0,0.0,709.5,104.5
2025-06-24 14:00:00,0.04574888496778468,77.30344145533213,74.35547640625707,34.708333333333336,41.36666666666667,19.7,976.5833333333334,334.75,1.2,11.091666666666667,16.091666666666665,28.875,3.5,0.0,0.0,709.5,307.5
2025-06-24 15:00:00,0.044070760844974806,79.15767361647887,76.40552926217725,35.108333333333334,41.266666666666666,20.0,975.875,440.25,1.2666666666666666,13.041666666666666,18.900000000000002,33.458333333333336,4.3,0.0,0.0,709.5,293.5
2025-06-24 16:00:00,0.04586648735232476,64.57942671885672,62.23398290936972,34.44166666666667,40.824999999999996,19.224999999999998,975.5749999999999,214.91666666666666,1.1416666666666666,12.291666666666666,18.308333333333334,35.708333333333336,4.1,0.0,0.0,709.5,329.0
2025-06-24 17:00:00,0.056942114095158564,22.73236875079806,21.372131784290488,33.375,41.05833333333333,18.383333333333333,976.0083333333333,81.91666666666667,1.05,13.883333333333333,21.483333333333334,37.800000000000004,5.1,0.0,0.0,709.5,313.5
2025-06-24 18:00:00,0.055569473629794,7.597560262895461,7.179690507538379,33.2,41.4,18.4,976.4,46.0,1.0,12.3,17.2,33.2,3.1,0.0,0.0,709.5,332.0
2025-06-25 06:00:00,0.05741739338640087,5.388534503665301,5.04807709562467,27.891666666666666,63.541666666666664,20.349999999999998,978.7083333333334,28.083333333333332,0.8166666666666668,15.366666666666667,17.808333333333334,25.03333333333333,3.1,0.0,0.0,709.5,102.5
2025-06-25 07:00:00,0.061028850794357194,47.47378744524671,44.56294222376692,28.441666666666666,62.699999999999996,20.675,979.3166666666666,113.5,0.75,17.616666666666667,23.15833333333333,34.141666666666666,2.4,0.0,0.0,709.5,246.0
2025-06-25 08:00:00,0.04406098640466568,73.56304149477275,70.88686755017842,29.416666666666668,60.050000000000004,20.908333333333335,979.5749999999999,198.5,0.8083333333333332,18.966666666666665,27.008333333333336,43.74166666666667,2.2,0.0,0.0,709.5,252.0
2025-06-25 09:00:00,0.04098295999465918,80.67195809831094,78.09086017719973,30.666666666666668,56.1,20.958333333333332,979.8583333333332,328.3333333333333,0.9666666666666667,14.924999999999999,20.883333333333333,32.475,3.1,0.0,0.0,709.5,226.5
2025-06-25 10:00:00,0.04006982197118085,80.40736302903335,77.97561540965137,31.46666666666667,53.93333333333334,21.033333333333335,979.8416666666667,334.1666666666667,1.0583333333333333,14.549999999999999,20.691666666666666,34.4,3.9,0.0,0.0,709.5,147.0
2025-06-25 11:00:00,0.04190455655305967,80.6049617196983,77.87185203837392,32.9,49.73333333333333,21.033333333333335,979.4250000000001,472.5,0.9416666666666668,14.525,20.40833333333333,31.691666666666666,3.5,0.0,0.0,709.5,288.5
2025-06-25 12:00:00,0.042378103284112796,80.24365721690748,77.46508907128431,33.90833333333334,46.81666666666666,20.983333333333334,978.65,496.5,1.0083333333333333,13.608333333333334,19.183333333333334,30.700000000000003,3.3,0.0,0.0,709.5,297.0
2025-06-25 13:00:00,0.040380554199860245,80.22044296628665,77.73992416479268,33.583333333333336,47.449999999999996,20.90833333333333,978.0083333333333,435.0,1.2666666666666666,10.950000000000001,15.65,27.90833333333333,5.6,0.0,0.0,709.5,268.5
2025-06-25 14:00:00,0.0417433100477615,79.34644154175118,76.68078544772955,34.050000000000004,46.51666666666667,21.008333333333333,977.0666666666666,435.6666666666667,1.1833333333333333,11.308333333333332,16.516666666666666,28.599999999999998,6.0,0.0,0.0,709.5,296.0
2025-06-25 15:00:00,0.04255525100876281,77.56731803455669,74.8667881279584,33.775,47.025,20.933333333333334,976.2916666666666,310.1666666666667,1.1166666666666667,14.299999999999999,20.941666666666666,37.69166666666666,5.1,0.0,0.0,709.5,290.5
2025-06-25 16:00:00,0.04438193734293683,67.40054893608122,64.92638028712183,33.391666666666666,47.68333333333334,20.833333333333332,975.8000000000001,189.5,0.9,11.333333333333334,16.133333333333333,30.016666666666666,3.5,0.0,0.0,709.5,292.0
2025-06-25 17:00:00,0.056827579938991575,14.153000535370007,13.2487770294034,32.68333333333333,48.36666666666667,20.383333333333333,975.9250000000001,60.583333333333336,0.9249999999999999,13.275,18.766666666666666,33.30833333333333,3.8,0.0,0.0,709.5,284.0
2025-06-25 18:00:00,0.0511600564531071,3.6334511429944,3.428610418131808,32.4,49.4,20.5,976.1,30.0,0.8,14.9,24.8,41.1,1.3,0.0,0.0,709.5,278.0
2025-06-26 06:00:00,0.05278048199304062,3.33050301702728,3.1417548710414844,27.366666666666664,66.74166666666666,20.666666666666668,979.4499999999999,24.333333333333332,0.48333333333333334,13.583333333333334,15.133333333333333,20.416666666666668,1.6,0.0,0.0,709.5,199.0
2025-06-26 07:00:00,0.05693557351817032,10.072920682885254,9.419742889861586,27.758333333333336,66.03333333333333,20.875,980.1999999999999,51.833333333333336,0.5583333333333333,21.758333333333336,26.133333333333336,37.225,1.9,0.0,0.0,709.5,127.0
2025-06-26 08:00:00,0.05451991165220737,42.03117002020579,39.788982653328596,28.441666666666666,64.71666666666667,21.175,980.75,118.08333333333333,0.7083333333333334,24.141666666666666,31.425,48.19166666666666,1.9,0.0,0.0,709.5,134.5
2025-06-26 09:00:00,0.04173571788994146,80.78799548506122,78.13682741596915,30.916666666666668,56.949999999999996,21.40833333333333,980.725,370.9166666666667,0.8666666666666667,16.433333333333334,23.900000000000002,40.166666666666664,2.7,0.0,0.0,709.5,214.5
2025-06-26 10:00:00,0.0426760929594723,79.46434953515464,76.75080593024691,31.616666666666664,54.4,21.308333333333334,980.5833333333334,311.5833333333333,0.9500000000000001,13.583333333333334,19.8,32.25,4.1,0.0,0.0,709.5,268.0
2025-06-26 11:00:00,0.043168418562831844,80.22225069789708,77.39907581245855,32.69166666666667,51.56666666666666,21.441666666666666,979.8166666666666,383.75,0.9083333333333333,12.558333333333332,20.075,35.5,3.4,0.0,0.0,709.5,272.0
2025-06-26 12:00:00,0.042087008323658574,80.49171619151105,77.80704869815474,32.75,51.03333333333333,21.3,979.3916666666665,431.9166666666667,1.2416666666666667,12.966666666666667,17.608333333333334,31.791666666666668,4.8,0.0,0.0,709.5,251.5
2025-06-26 13:00:00,0.041575369397318616,79.14697124262847,76.58575706787268,32.71666666666667,51.13333333333333,21.316666666666666,978.8583333333332,348.25,1.0333333333333334,12.383333333333333,18.191666666666666,32.4,4.7,0.0,0.0,709.5,289.5
2025-06-26 14:00:00,0.041535998828740865,79.66851658754055,77.09259844012954,33.30833333333333,48.65,21.033333333333335,977.9916666666667,425.5,1.075,11.358333333333334,16.716666666666665,31.108333333333334,4.9,0.0,0.0,709.5,261.5
2025-06-26 15:00:00,0.04676922158555443,73.06690850625877,70.08919063054466,33.699999999999996,47.791666666666664,21.116666666666667,977.1083333333332,279.3333333333333,1.1166666666666667,12.325000000000001,18.458333333333332,32.791666666666664,4.5,0.0,0.0,709.5,260.5
2025-06-26 16:00:00,0.04950681624647208,61.27992432378074,58.481734444839994,33.09166666666667,48.975,20.974999999999998,976.775,150.83333333333334,0.8250000000000001,16.816666666666666,23.358333333333334,39.65,3.0,0.0,0.0,709.5,291.0
2025-06-26 17:00:00,0.06159043760986143,20.14325885174236,18.695314260206143,32.516666666666666,50.175000000000004,20.866666666666664,976.8916666666668,75.83333333333333,0.7000000000000001,17.983333333333334,25.71666666666667,43.025,3.2,0.0,0.0,709.5,292.0
2025-06-26 18:00:00,0.0533098149984208,5.1558455601066395,4.82691560165241,32.2,51.1,20.9,977.2,37.0,0.7,18.3,25.7,47.5,1.6,0.0,0.0,709.5,275.0
2025-06-27 06:00:00,0.07855601681465947,2.855051225469282,2.382345890645766,27.424999999999997,65.84166666666667,20.474999999999998,980.1416666666668,18.583333333333332,0.7083333333333334,12.491666666666667,14.174999999999999,19.633333333333333,1.9,0.0,0.0,709.5,113.0
2025-06-27 07:00:00,0.07240475587033035,45.60986459316829,41.998948109679,28.175,63.40833333333333,20.59166666666667,980.5416666666666,113.41666666666667,0.8500000000000001,14.375,18.583333333333332,30.758333333333336,3.0,0.0,0.0,709.5,146.0
2025-06-27 08:00:00,0.044405949313072124,80.73004866000286,77.65221479792869,30.0,56.708333333333336,20.5,980.8833333333333,425.5,1.1083333333333334,13.891666666666666,20.10833333333333,34.44166666666667,4.2,0.0,0.0,709.5,71.0
2025-06-27 09:00:00,0.04661878449932829,81.79127229637152,78.29988567700754,32.016666666666666,50.324999999999996,20.408333333333335,980.8833333333333,652.6666666666666,1.2333333333333332,12.441666666666668,18.058333333333334,32.36666666666667,4.1,0.0,0.0,709.5,303.0
2025-06-27 10:00:00,0.04747795441710448,80.35958285574063,76.87692766990371,33.025,48.041666666666664,20.6,980.65,698.5,1.1083333333333334,13.066666666666668,19.741666666666667,34.358333333333334,3.4,0.0,0.0,709.5,296.5
2025-06-27 11:00:00,0.046571521677149876,79.79208380269993,76.50414316868265,34.55833333333333,43.18333333333334,20.241666666666667,980.0500000000001,786.0833333333334,1.2416666666666667,12.049999999999999,18.8,36.975,4.9,0.0,0.0,709.5,241.5
2025-06-27 12:00:00,0.045522445129111695,77.49691163595273,74.48894147506235,36.59166666666667,38.25,20.091666666666665,979.3249999999999,883.5,1.2333333333333334,10.833333333333334,16.516666666666666,30.683333333333334,4.6,0.0,0.0,709.5,90.5
2025-06-27 13:00:00,0.04435556270471145,77.81571143339319,74.95498753551813,37.46666666666667,35.44166666666667,19.633333333333333,978.6583333333333,844.8333333333334,1.2833333333333334,10.316666666666666,15.450000000000001,26.566666666666666,4.5,0.0,0.0,709.5,44.0
2025-06-27 14:00:00,0.04455351898165402,78.18239239097177,75.2971436083267,37.28333333333333,35.733333333333334,19.616666666666667,978.0416666666666,678.5,1.3166666666666667,12.066666666666668,18.158333333333335,37.300000000000004,4.9,0.0,0.0,709.5,308.0
2025-06-27 15:00:00,0.04367858300846372,76.9382870829354,74.21716606645799,36.15,38.733333333333334,19.916666666666668,977.3333333333334,399.6666666666667,1.2,14.408333333333333,22.425,46.34166666666667,5.6,0.0,0.0,709.5,275.0
2025-06-27 16:00:00,0.04852226937133938,63.875924681754356,61.202701568435735,34.975,40.96666666666667,19.783333333333335,977.1999999999999,195.66666666666666,1.2249999999999999,15.491666666666667,23.183333333333334,42.69166666666666,4.6,0.0,0.0,709.5,257.0
2025-06-27 17:00:00,0.05893115316337067,32.725292225686125,30.659029452895552,34.69166666666667,41.775,19.841666666666665,977.2083333333334,101.25,1.075,20.525000000000002,31.28333333333333,53.81666666666666,4.0,0.0,0.0,709.5,236.0
2025-06-27 18:00:00,0.0625156874739507,8.5509318690048,7.93097661873861,34.3,44.8,20.6,977.5,56.0,1.1,17.2,23.7,39.0,3.0,0.0,0.0,709.5,256.0
2025-06-28 06:00:00,0.10718352511836082,18.189157288899885,14.367000481619982,27.433333333333334,66.15833333333333,20.599999999999998,980.8833333333333,52.416666666666664,0.6,15.583333333333334,17.716666666666665,24.266666666666666,1.9,0.0,0.0,709.5,118.5
2025-06-28 07:00:00,0.08951342403102787,64.40584409053902,56.82471739833687,28.566666666666666,63.21666666666667,20.941666666666666,981.4083333333333,134.33333333333334,0.7666666666666666,15.766666666666666,21.8,34.125,2.1,0.0,0.0,709.5,174.0
2025-06-28 08:00:00,0.045230463032635136,79.33586960867021,76.15079351163132,29.808333333333334,59.225,21.0,981.7583333333333,273.25,0.8583333333333334,17.258333333333333,24.566666666666666,42.050000000000004,3.5,0.0,0.0,709.5,254.0
2025-06-28 09:00:00,0.04446076042523592,81.0763051813765,77.97195590872414,31.433333333333334,53.99166666666667,21.0,981.7083333333334,442.5833333333333,1.0083333333333333,14.241666666666667,20.825,35.425000000000004,2.9,0.0,0.0,709.5,272.5
2025-06-28 10:00:00,0.044537665918012274,79.82411125229562,76.7472602245899,33.375,48.24166666666667,20.983333333333334,981.0666666666666,576.3333333333334,1.0666666666666667,12.441666666666668,18.583333333333332,27.066666666666666,4.6,0.0,0.0,709.5,261.5
2025-06-28 11:00:00,0.04686319046895704,77.88671792918485,74.52960336212806,34.891666666666666,43.73333333333333,20.75,980.3249999999999,769.0,1.2583333333333333,11.791666666666666,17.175,29.599999999999998,5.4,0.0,0.0,709.5,315.5
2025-06-28 12:00:00,0.04514670340575392,80.06596940989895,76.86636845110745,35.40833333333333,41.85,20.491666666666667,979.6083333333332,645.5,1.2,10.658333333333333,15.325000000000001,27.775000000000002,5.1,0.0,0.0,709.5,285.5
2025-06-28 13:00:00,0.0439844357688581,76.2964823795069,73.49019115796604,36.74166666666667,37.40833333333333,19.891666666666666,978.8333333333334,691.0,1.1583333333333334,9.141666666666667,14.041666666666666,27.34166666666667,3.3,0.0,0.0,709.5,291.0
2025-06-28 14:00:00,0.04328678678729498,77.79418279818171,75.05463641184743,36.449999999999996,37.199999999999996,19.533333333333335,978.1999999999999,512.6666666666666,1.2,10.583333333333334,15.649999999999999,30.2,4.4,0.0,0.0,709.5,317.5
2025-06-28 15:00:00,0.04238241469363411,74.36483637061856,71.81309896341794,35.75,37.6,19.083333333333332,977.6083333333332,268.1666666666667,1.0583333333333333,12.450000000000001,19.133333333333333,38.43333333333333,3.2,0.0,0.0,709.5,54.0
2025-06-28 16:00:00,0.0431761864278175,67.08153993683084,64.70211458839233,35.46666666666667,38.425000000000004,19.2,977.2166666666667,222.41666666666666,0.9,14.058333333333332,21.608333333333334,39.40833333333333,3.1,0.0,0.0,709.5,297.5
2025-06-28 17:00:00,0.057505880508140234,29.604179027823402,27.854885972535428,34.333333333333336,41.108333333333334,19.266666666666666,977.0916666666667,103.91666666666667,0.8833333333333333,14.775,22.150000000000002,39.175000000000004,3.3,0.0,0.0,709.5,301.0
2025-06-28 18:00:00,0.0528901349457857,4.85614528970508,4.558393641970398,33.7,42.4,19.2,977.1,42.0,0.8,13.7,19.9,40.0,1.7,0.0,0.0,709.5,299.0
2025-06-29 06:00:00,0.07110561418583244,6.461439191504468,5.803107841187294,27.866666666666664,62.475,20.066666666666666,979.8666666666667,32.083333333333336,1.0083333333333333,10.525,14.083333333333334,21.3,4.2,0.0,0.0,709.5,114.5
2025-06-29 07:00:00,0.06970809042136654,39.80001248143063,36.54209487812597,28.400000000000002,61.01666666666667,20.158333333333335,980.1916666666666,104.75,1.0833333333333333,12.183333333333332,16.849999999999998,27.941666666666666,3.1,0.0,0.0,709.5,57.5
2025-06-29 08:00:00,0.04394479020053149,77.58171621961942,74.64737177489624,29.541666666666668,57.333333333333336,20.216666666666665,980.475,277.0833333333333,1.3,12.833333333333334,18.933333333333334,30.45,4.0,0.0,0.0,709.5,91.0
2025-06-29 09:00:00,0.04482768222290379,82.12081551862457,78.8664922459986,32.275,49.68333333333334,20.441666666666666,980.6,655.5833333333334,1.2916666666666667,12.858333333333334,18.433333333333334,31.358333333333334,4.0,0.0,0.0,709.5,214.0
2025-06-29 10:00:00,0.04492682881558504,81.14141025797458,77.89412920269476,33.25,45.74166666666667,19.958333333333332,979.9499999999999,680.8333333333334,1.3416666666666668,12.174999999999999,18.25,36.458333333333336,5.0,0.0,0.0,709.5,57.0
2025-06-29 11:00:00,0.04443376085416811,79.10518269043963,76.0522956452377,35.025,39.78333333333333,19.333333333333332,979.2416666666667,824.1666666666666,1.375,11.058333333333332,16.908333333333335,31.166666666666668,4.3,0.0,0.0,709.5,163.0
2025-06-29 12:00:00,0.04364046848979004,79.17418611706927,76.26027382835282,35.59166666666667,38.875,19.458333333333332,978.375,726.5,1.4000000000000001,12.450000000000001,18.683333333333334,33.06666666666667,4.0,0.0,0.0,709.5,316.5
2025-06-29 13:00:00,0.04332830592978943,78.3875112830767,75.62097997696993,36.916666666666664,35.766666666666666,19.275000000000002,977.3583333333332,808.4166666666666,1.3333333333333333,10.816666666666668,15.850000000000001,29.833333333333332,3.7,0.0,0.0,709.5,313.5
2025-06-29 14:00:00,0.0421137113164636,77.60215869705733,75.09127800708289,37.891666666666666,32.608333333333334,18.675,976.7666666666668,677.5833333333334,1.2583333333333333,9.991666666666667,15.516666666666666,29.125,4.9,0.0,0.0,709.5,73.0
2025-06-29 15:00:00,0.04137522716784126,75.98724785330546,73.65390804995621,37.96666666666667,31.21666666666667,18.033333333333335,976.2833333333333,459.6666666666667,1.1500000000000001,11.241666666666667,17.125,30.65833333333333,4.2,0.0,0.0,709.5,46.0
2025-06-29 16:00:00,0.03968268001632256,67.287978741673,65.53140979267077,37.225,32.78333333333333,18.150000000000002,976.1416666666668,271.3333333333333,1.0333333333333334,10.683333333333332,15.783333333333333,31.65833333333333,2.9,0.0,0.0,709.5,61.0
2025-06-29 17:00:00,0.05373995679518923,34.41022168855176,32.68530066667933,35.81666666666667,35.125,18.058333333333334,976.3916666666665,107.33333333333333,0.7916666666666666,12.391666666666666,17.966666666666665,34.541666666666664,3.8,0.0,0.0,709.5,341.5
2025-06-29 18:00:00,0.0483322038434734,5.424621851808901,5.1487764792209125,35.1,36.5,18.0,976.6,40.0,0.8,12.5,19.5,33.6,2.0,0.0,0.0,709.5,308.0
2025-06-30 06:00:00,0.05808205906636546,3.881735528662485,3.619719440823211,27.5,60.654545454545456,19.245454545454546,979.4727272727273,24.90909090909091,0.7818181818181817,16.78181818181818,22.20909090909091,34.58181818181818,2.5,0.0,0.0,709.5,134.0
2025-06-30 07:00:00,0.06586545185359502,33.455939085828554,30.83564025410996,27.825,60.291666666666664,19.45,979.8916666666665,90.75,0.7916666666666666,17.625,24.041666666666668,41.61666666666667,2.4,0.0,0.0,709.5,98.5
2025-06-30 08:00:00,0.04627896438699133,72.96804095431447,70.05268140150798,28.575,58.43333333333334,19.650000000000002,980.2333333333332,193.41666666666666,0.9500000000000001,20.95,30.349999999999998,51.75833333333333,2.9,0.0,0.0,709.5,148.5
2025-06-30 09:00:00,0.04304699942102385,82.54766016086249,79.63881995553169,30.474999999999998,52.6,19.716666666666665,980.1416666666668,423.75,1.1583333333333334,17.691666666666666,25.333333333333332,44.05833333333334,4.0,0.0,0.0,709.5,104.0
2025-06-30 10:00:00,0.042795310585947315,81.98039502484937,79.09905295419424,32.35,47.48333333333333,19.825,980.2416666666667,551.1666666666666,1.1666666666666667,14.049999999999999,19.991666666666667,31.841666666666665,3.8,0.0,0.0,709.5,155.5
2025-06-30 11:00:00,0.04324455526770466,80.44499807584272,77.58338976504184,33.99166666666667,43.38333333333333,19.808333333333334,979.65,550.0,1.1666666666666667,12.316666666666668,18.166666666666668,28.791666666666668,3.7,0.0,0.0,709.5,201.5
2025-06-30 12:00:00,0.04352763850052913,79.66105058573406,76.77763678728107,34.11666666666667,43.48333333333333,19.958333333333332,978.7083333333334,403.75,0.9249999999999999,12.566666666666668,19.116666666666667,36.041666666666664,3.1,0.0,0.0,709.5,287.0
2025-06-30 13:00:00,0.042980173774557685,79.36022600058047,76.56358016284028,35.050000000000004,41.05833333333333,19.866666666666667,977.85,628.1666666666666,1.1666666666666667,11.041666666666666,16.0,29.59166666666667,5.3,0.0,0.0,709.5,282.0
2025-06-30 14:00:00,0.04306519319148402,77.99856153718612,75.28383278933786,36.38333333333333,36.916666666666664,19.333333333333332,977.0083333333333,532.0,1.0833333333333333,10.025,14.775,30.349999999999998,4.3,0.0,0.0,709.5,328.0
2025-06-30 15:00:00,0.04243273176611509,76.15047475459563,73.59960860311988,35.791666666666664,37.75,19.175,976.5166666666668,312.5,1.125,10.191666666666668,15.791666666666666,30.241666666666664,4.2,0.0,0.0,709.5,212.5
2025-06-30 16:00:00,0.045148217803437175,67.69555532771703,65.13639845314513,35.46666666666666,39.391666666666666,19.583333333333332,976.2583333333333,196.91666666666666,1.0250000000000001,12.716666666666667,19.083333333333332,37.425,4.0,0.0,0.0,709.5,289.5
2025-06-30 17:00:00,0.056539344022535264,37.767554211571856,35.66216851954038,34.00833333333333,42.18333333333333,19.383333333333333,976.3916666666668,110.0,0.9083333333333333,11.383333333333333,16.708333333333332,31.141666666666666,3.0,0.0,0.0,709.5,289.0
2025-06-30 18:00:00,0.0576267720171674,17.8454438378606,16.76502907526848,33.6,42.8,19.3,976.6,76.0,0.8,11.1,15.5,23.7,1.8,0.0,0.0,709.5,331.0
2025-07-01 06:00:00,0.062250189387941614,4.685387848894535,4.322271357883251,27.849999999999998,60.64166666666667,19.558333333333334,980.35,26.916666666666668,0.775,12.299999999999999,17.058333333333334,27.758333333333336,2.3,0.0,0.0,709.5,292.0
2025-07-01 07:00:00,0.060925165545098005,43.37981877307137,40.723460768865756,28.416666666666668,59.38333333333333,19.791666666666668,980.65,110.58333333333333,0.8916666666666667,13.008333333333333,18.76666666666667,30.558333333333334,2.5,0.0,0.0,709.5,287.5
2025-07-01 08:00:00,0.044024479801366645,80.34950737513657,77.37317115716941,29.633333333333336,56.324999999999996,20.041666666666668,980.9250000000001,301.6666666666667,0.9249999999999999,13.116666666666667,18.900000000000002,33.875,3.5,0.0,0.0,709.5,295.5
2025-07-01 09:00:00,0.04393802306455402,80.97036945786094,78.03206571838007,31.375,51.583333333333336,20.2,980.9583333333334,474.5833333333333,1.2083333333333333,12.575000000000001,18.608333333333334,32.63333333333333,4.9,0.0,0.0,709.5,215.0
2025-07-01 10:00:00,0.04230115339437485,82.25252869275188,79.60029623971296,32.166666666666664,49.26666666666667,20.183333333333334,980.7583333333333,529.75,1.325,13.066666666666668,18.816666666666666,30.625,3.9,0.0,0.0,709.5,190.5
2025-07-01 11:00:00,0.04406604099609865,80.04883074600679,77.20395220275017,34.666666666666664,41.75833333333333,19.708333333333332,980.1083333333332,846.75,1.3,11.633333333333333,16.591666666666665,31.28333333333333,3.8,0.0,0.0,709.5,139.5
2025-07-01 12:00:00,0.044185602060139904,78.49486068462063,75.70239505216011,36.61666666666667,34.86666666666667,18.633333333333333,979.4583333333334,830.0,1.3083333333333333,9.741666666666667,14.950000000000001,29.608333333333334,4.8,0.0,0.0,709.5,154.5
2025-07-01 13:00:00,0.04302423142378701,77.96828662970212,75.34328405203907,36.56666666666667,33.858333333333334,18.108333333333334,978.75,697.25,1.4416666666666667,9.424999999999999,14.049999999999999,27.608333333333334,5.1,0.0,0.0,709.5,74.0
2025-07-01 14:00:00,0.04266832715838607,78.70724949472802,76.13640425626326,36.425000000000004,35.36666666666667,18.708333333333332,978.0916666666667,548.0833333333334,1.2916666666666667,9.691666666666666,14.266666666666666,26.991666666666664,4.3,0.0,0.0,709.5,94.5
2025-07-01 15:00:00,0.04423543353187901,73.91426697663022,71.32316963566561,35.43333333333333,37.69166666666667,18.866666666666667,977.725,260.4166666666667,1.0833333333333333,9.924999999999999,15.058333333333332,30.875,3.7,0.0,0.0,709.5,171.5
2025-07-01 16:00:00,0.05066875925504366,54.81155044618074,52.47335551142523,34.74166666666667,39.425000000000004,18.958333333333332,977.7916666666666,149.5,0.85,11.85,17.95,33.43333333333333,2.3,0.0,0.0,709.5,148.0
2025-07-01 17:00:00,0.05684059124392608,17.811098297721948,16.727429000403237,33.858333333333334,41.775,19.083333333333332,977.775,68.0,0.7416666666666667,14.041666666666666,20.466666666666665,37.13333333333333,2.0,0.0,0.0,709.5,162.5
2025-07-01 18:00:00,0.0552029018929116,2.317360279129374,2.1810341538613502,33.2,43.8,19.3,977.9,22.0,0.9,16.9,22.9,45.1,2.6,0.0,0.0,709.5,82.0
2025-07-02 06:00:00,0.09859345390299433,8.059188017623525,6.335219583834596,27.791666666666668,63.074999999999996,20.125,979.6083333333332,34.75,0.7000000000000001,14.525,17.025000000000002,24.59166666666667,2.2,0.0,0.0,709.5,248.5
2025-07-02 07:00:00,0.13803967903834255,69.44227816739976,57.27655478761121,29.308333333333334,58.475,20.341666666666665,979.7083333333334,107.58333333333333,0.9083333333333333,13.766666666666666,18.8,30.758333333333336,2.7,0.0,0.0,709.5,296.0
2025-07-02 08:00:00,0.044660136985373404,76.7840276546875,73.90155566892018,29.849999999999998,56.800000000000004,20.358333333333334,980.1583333333333,221.41666666666666,1.0833333333333333,14.975,21.041666666666668,35.25,4.2,0.0,0.0,709.5,117.0
2025-07-02 09:00:00,0.043273888799363745,82.08800985888412,79.22077201569262,31.354545454545452,52.73636363636364,20.572727272727274,980.4909090909091,435.0,1.2,15.945454545454545,22.3,37.13636363636363,4.4,0.0,0.0,709.5,200.0
2025-07-02 10:00:00,0.04293166604410381,81.55263335014487,78.6926729619187,33.050000000000004,48.275,20.708333333333332,980.4166666666666,542.25,1.1416666666666668,11.775,17.025000000000002,28.05,3.7,0.0,0.0,709.5,194.5
2025-07-02 11:00:00,0.04255671973581057,80.5522031167761,77.79977063063909,33.96666666666667,45.69166666666666,20.608333333333334,979.8083333333334,466.0833333333333,1.1416666666666666,11.516666666666666,16.166666666666668,28.866666666666664,3.6,0.0,0.0,709.5,217.0
2025-07-02 12:00:00,0.04293357921326348,79.34327586049346,76.58753386858274,35.025,41.74166666666667,20.116666666666667,979.2416666666667,444.0833333333333,1.0833333333333333,11.208333333333334,16.900000000000002,31.208333333333332,3.2,0.0,0.0,709.5,197.0
2025-07-02 13:00:00,0.04188367052377273,79.38942873570566,76.7415230680718,36.05833333333333,38.61666666666667,19.783333333333335,978.5083333333333,514.4166666666666,1.0666666666666667,9.966666666666667,14.591666666666667,24.641666666666666,3.8,0.0,0.0,709.5,94.0
2025-07-02 14:00:00,0.026498938347912834,77.44554428374191,76.06210793899248,35.958333333333336,38.483333333333334,19.625,977.7083333333334,365.1666666666667,1.0250000000000001,10.391666666666667,15.424999999999999,27.741666666666664,4.5,0.0,0.0,709.5,162.0
2025-07-02 15:00:00,0.02194963758484755,73.62194710541984,72.64105738883062,35.61666666666667,39.041666666666664,19.583333333333332,977.0333333333333,235.25,0.9083333333333333,12.933333333333332,19.891666666666666,36.833333333333336,2.4,0.0,0.0,709.5,285.0
2025-07-02 16:00:00,0.033439859851314514,51.41707318786893,50.07871109815329,35.074999999999996,40.858333333333334,19.833333333333332,976.8249999999999,135.25,0.725,16.400000000000002,24.833333333333332,47.90833333333333,2.0,0.0,0.0,709.5,270.5
2025-07-02 17:00:00,0.03597738319338358,15.671948983982292,15.153747862207021,30.25,64.65833333333333,22.775000000000002,977.4083333333333,56.416666666666664,1.0416666666666667,15.558333333333332,19.816666666666666,31.525000000000002,6.0,9.0,0.75,710.25,78.0
2025-07-02 18:00:00,0.0400217421539564,2.277192431000449,2.163127856266688,29.3,61.0,21.0,977.7,25.0,1.0,10.4,15.1,27.3,3.0,0.0,0.75,710.25,158.0
2025-07-03 06:00:00,0.04680720187631627,1.1774235480528532,1.1210118515627305,27.163636363636364,66.73636363636363,20.454545454545453,980.3,12.818181818181818,0.7818181818181817,6.918181818181818,7.672727272727273,10.39090909090909,2.3,0.0,0.0,710.25,94.0
2025-07-03 07:00:00,0.03961730236586429,10.845713710069822,10.31674518854063,27.46666666666667,65.77499999999999,20.533333333333335,980.6583333333333,51.0,0.5333333333333333,14.049999999999999,17.308333333333334,24.583333333333332,2.3,0.0,0.0,710.25,137.0
2025-07-03 08:00:00,0.02963572112904735,52.66354825066636,51.51738707063322,28.008333333333336,64.04166666666667,20.616666666666667,981.1999999999999,142.75,0.9916666666666667,14.041666666666666,17.758333333333333,28.075,3.2,0.0,0.0,710.25,100.0
2025-07-03 09:00:00,0.020192303047790433,80.07959031444655,79.16024117876027,29.683333333333334,58.21666666666667,20.625,981.4,293.25,1.0999999999999999,13.266666666666667,18.958333333333332,29.0,3.7,0.0,0.0,710.25,121.0
2025-07-03 10:00:00,0.020986781179666732,81.54432623168061,80.50641922567462,31.183333333333334,53.416666666666664,20.633333333333333,980.9333333333334,359.4166666666667,1.075,11.450000000000001,16.233333333333334,28.599999999999998,3.8,0.0,0.0,710.25,152.0
2025-07-03 11:00:00,0.020692576178373175,80.76441312035833,79.80989050813959,32.666666666666664,50.06666666666666,20.941666666666666,980.1833333333334,468.1666666666667,1.0416666666666667,12.191666666666668,17.325,27.816666666666666,3.3,0.0,0.0,710.25,184.0
2025-07-03 12:00:00,0.020452607779768473,79.34401720203654,78.47969695327681,33.108333333333334,48.60833333333333,20.875,979.3916666666668,325.9166666666667,1.1083333333333334,13.775,19.474999999999998,32.1,3.9,0.0,0.0,710.25,203.0
2025-07-03 13:00:00,0.02058935953355141,78.5690421783707,77.71415861679031,33.275,47.65,20.683333333333334,978.5583333333334,310.75,1.3666666666666665,13.008333333333333,18.791666666666668,30.40833333333333,4.9,0.0,0.0,710.25,192.0
2025-07-03 14:00:00,0.020497306134545482,81.04322524831015,80.09635377892039,34.958333333333336,41.108333333333334,19.825,978.0666666666666,515.1666666666666,1.3,10.6,15.816666666666668,30.458333333333332,4.4,0.0,0.0,710.25,310.5
2025-07-03 15:00:00,0.0194888882794822,76.85924608429211,76.18524287631917,35.65,39.89166666666667,19.974999999999998,977.5083333333333,508.6666666666667,1.2833333333333334,11.183333333333332,16.933333333333334,34.96666666666667,4.3,0.0,0.0,710.25,98.5
2025-07-03 16:00:00,-0.00019384095387681675,60.288162688572946,62.253827524224484,34.800000000000004,42.15,20.058333333333334,977.3666666666667,239.5,1.1416666666666668,11.816666666666668,17.575,34.63333333333333,4.7,0.0,0.0,710.25,222.0
2025-07-03 17:00:00,0.03562251864264815,25.798758182702425,24.8830291824288,33.86666666666667,44.38333333333333,20.066666666666666,977.9166666666666,85.66666666666667,0.975,14.6,22.974999999999998,45.00833333333333,3.1,0.0,0.0,710.25,216.0
2025-07-03 18:00:00,0.036932057235006,8.093214392584612,7.773531678952501,33.3,44.8,19.7,978.3,44.0,0.9,13.6,19.2,41.1,2.1,0.0,0.0,710.25,40.0
2025-07-04 06:00:00,0.0424970537380287,2.3583744900903905,2.2498122400646863,26.858333333333334,64.81666666666668,19.724999999999998,981.6833333333334,19.833333333333332,0.7916666666666666,13.875,15.633333333333333,22.366666666666664,2.4,0.0,0.0,710.25,219.0
2025-07-04 07:00:00,0.03879630944772899,37.94688775527438,36.40912111555284,27.59166666666667,63.01666666666667,19.958333333333332,982.3333333333334,96.5,0.8333333333333334,15.025,18.358333333333334,27.675,2.7,0.0,0.0,710.25,129.5
2025-07-04 08:00:00,0.021307915030628274,82.10370071976956,80.97091542360725,29.733333333333334,56.69166666666666,20.191666666666666,982.3416666666667,364.5833333333333,1.1333333333333333,13.466666666666667,20.466666666666665,39.56666666666667,4.9,0.0,0.0,710.25,88.0
2025-07-04 09:00:00,0.02249856314165,80.9752742456062,79.66123565810774,31.916666666666668,50.074999999999996,20.216666666666665,982.3833333333333,581.0833333333334,1.3416666666666668,11.375,18.008333333333333,35.36666666666667,4.2,0.0,0.0,710.25,116.0
2025-07-04 10:00:00,0.02154073812493443,81.11025903186221,79.96042578766578,32.68333333333333,48.01666666666667,20.266666666666666,981.7583333333333,512.25,1.1916666666666667,10.641666666666667,16.541666666666668,30.991666666666664,3.9,0.0,0.0,710.25,62.0
2025-07-04 11:00:00,0.02181956489426641,79.8335270943485,78.67198167672943,33.18333333333333,46.89166666666667,20.333333333333332,981.0749999999999,406.5,1.0833333333333333,12.525,19.1,38.949999999999996,5.6,0.0,0.0,710.25,289.0
2025-07-04 12:00:00,0.02141229253279356,79.46330112426068,78.39641809687829,34.55833333333333,43.175000000000004,20.208333333333332,980.4250000000001,543.3333333333334,1.1833333333333333,10.075000000000001,14.966666666666667,31.291666666666668,5.2,0.0,0.0,710.25,279.5
2025-07-04 13:00:00,0.02157769026978916,78.85572218709126,77.71262297586264,35.583333333333336,40.00833333333333,19.941666666666666,979.5916666666667,517.8333333333334,1.1583333333333334,7.891666666666667,11.341666666666667,22.316666666666666,3.6,0.0,0.0,710.25,299.5
2025-07-04 14:00:00,0.022039554073638126,77.96292294636277,76.84798920981716,35.0,41.75833333333333,20.108333333333334,978.8333333333334,369.1666666666667,1.05,9.083333333333334,14.366666666666667,30.016666666666666,4.3,0.0,0.0,710.25,288.5
2025-07-04 15:00:00,0.022297235930728205,75.59116512741038,74.48909832155202,35.083333333333336,42.041666666666664,20.283333333333335,978.2583333333333,285.0,0.9416666666666668,13.200000000000001,20.775000000000002,40.78333333333333,2.9,0.0,0.0,710.25,277.0
2025-07-04 16:00:00,0.022009928246033966,68.68114731474002,67.76496521967336,35.19166666666667,40.833333333333336,19.891666666666666,977.9916666666667,196.83333333333334,0.9500000000000001,13.333333333333334,20.275000000000002,40.95,3.0,0.0,0.0,710.25,176.5
2025-07-04 17:00:00,0.03114917931705281,30.660520631044193,29.842530728684817,34.65833333333333,41.391666666666666,19.666666666666668,978.25,99.08333333333333,0.9249999999999999,12.35,18.258333333333333,35.19166666666667,2.8,0.0,0.0,710.25,49.0
2025-07-04 18:00:00,0.0352833972415081,7.26432028836951,7.0111776541848405,34.1,43.2,19.9,978.7,44.0,0.7,13.9,20.2,39.9,1.5,0.0,0.0,710.25,22.0
2025-07-05 06:00:00,0.06893239034450194,9.582855009780483,8.226842231251307,27.8,61.4,19.716666666666665,981.5583333333334,38.0,0.9416666666666668,9.508333333333333,12.208333333333334,18.491666666666667,2.7,0.0,0.0,710.25,123.5
2025-07-05 07:00:00,0.05369689351035601,44.14916714087011,40.89561310067844,28.40833333333333,59.69166666666666,19.866666666666664,981.8333333333334,112.16666666666667,0.9500000000000001,11.516666666666666,17.591666666666665,34.541666666666664,3.1,0.0,0.0,710.25,113.0
2025-07-05 08:00:00,0.02270434998931325,77.54849722548745,76.22431934319737,29.583333333333332,56.19166666666666,19.925,981.7666666666668,302.5,1.1833333333333333,12.625,18.858333333333334,35.03333333333333,3.6,0.0,0.0,710.25,130.5
2025-07-05 09:00:00,0.02240441410680201,81.90563107634209,80.55594229219837,32.291666666666664,48.98333333333333,20.191666666666666,981.6333333333333,609.6666666666666,1.2750000000000001,9.116666666666667,13.716666666666667,26.59166666666667,5.1,0.0,0.0,710.25,222.0
2025-07-05 10:00:00,0.023414330647542957,80.44237228837962,78.95598879819424,33.550000000000004,46.041666666666664,20.349999999999998,981.3916666666668,689.75,1.2249999999999999,9.15,13.450000000000001,26.558333333333334,4.1,0.0,0.0,710.25,296.0
2025-07-05 11:00:00,0.02281549509264096,79.42745698522052,78.09821817313224,35.291666666666664,40.9,20.041666666666668,980.625,767.3333333333334,1.4083333333333332,8.766666666666667,12.816666666666668,26.28333333333333,4.4,0.0,0.0,710.25,98.5
2025-07-05 12:00:00,0.02151701993860299,79.22376741132449,78.12890415385424,35.81666666666667,39.475,19.933333333333334,979.9499999999999,707.6666666666666,1.4583333333333333,8.433333333333334,13.091666666666667,28.28333333333333,4.9,0.0,0.0,710.25,105.0
2025-07-05 13:00:00,0.021718660220692534,78.2690338324624,77.15530364264555,35.725,39.641666666666666,19.933333333333334,979.025,542.75,1.4416666666666667,7.608333333333333,11.125,23.175,3.7,0.0,0.0,710.25,252.5
2025-07-05 14:00:00,0.020003115745503567,79.08444774369265,78.19431106951193,35.708333333333336,40.083333333333336,20.058333333333334,978.1750000000001,567.9166666666666,1.3,7.641666666666667,11.85,21.191666666666666,4.3,0.0,0.0,710.25,263.5
2025-07-05 15:00:00,0.017966923978179557,76.62862060175475,76.08673781668469,36.28333333333333,38.69166666666667,20.008333333333333,977.375,506.9166666666667,1.4083333333333332,7.9750000000000005,12.424999999999999,23.900000000000002,4.9,0.0,0.0,710.25,189.5
2025-07-05 16:00:00,0.022330047163116568,54.31967130737589,53.78697355406919,35.09166666666667,41.28333333333333,19.991666666666667,977.4416666666666,214.25,1.3166666666666667,8.158333333333333,12.700000000000001,23.891666666666666,4.0,0.0,0.0,710.25,110.0
2025-07-05 17:00:00,0.032884763469267816,18.84523454846874,18.155170075364268,33.916666666666664,43.86666666666667,19.933333333333334,977.9083333333333,75.25,1.1500000000000001,8.041666666666666,11.958333333333334,21.78333333333333,3.9,0.0,0.0,710.25,106.5
2025-07-05 18:00:00,0.0344335803294559,3.146350752537082,3.012868336260048,33.3,44.3,19.5,978.2,29.0,1.3,7.4,11.4,28.1,3.6,0.0,0.0,710.25,43.0
2025-07-06 06:00:00,0.04892770655436862,6.593723021061383,6.049511419398182,27.125,67.09166666666667,20.533333333333335,980.4666666666667,34.166666666666664,0.6916666666666668,11.65,12.941666666666668,17.51666666666667,2.1,0.0,0.0,710.25,157.5
2025-07-06 07:00:00,0.05857667702236435,58.22388825987519,53.63151352922646,28.291666666666668,62.90833333333333,20.566666666666666,980.8249999999999,122.91666666666667,0.8833333333333333,14.091666666666667,18.316666666666666,31.78333333333333,2.6,0.0,0.0,710.25,166.5
2025-07-06 08:00:00,0.020488130234693792,81.0760029503994,80.08390368951397,30.191666666666666,56.324999999999996,20.55,981.0500000000001,292.0,1.0583333333333333,10.066666666666666,15.058333333333332,27.075000000000003,4.1,0.0,0.0,710.25,137.0
2025-07-06 09:00:00,0.021106683814067176,82.06774328797745,80.94708190728439,31.2,52.791666666666664,20.433333333333334,981.0583333333334,444.0833333333333,1.2333333333333334,9.291666666666666,14.491666666666667,24.983333333333334,4.8,0.0,0.0,710.25,293.0
2025-07-06 10:00:00,0.021977250110744542,79.65128435378962,78.45784783563458,33.18333333333333,47.041666666666664,20.400000000000002,980.475,672.1666666666666,1.3583333333333334,8.766666666666667,12.958333333333334,23.299999999999997,5.7,0.0,0.0,710.25,290.5
2025-07-06 11:00:00,0.022514642470546225,78.13645383843136,76.85166446748208,34.55833333333333,42.75,20.075,979.7333333333332,694.3333333333334,1.4000000000000001,7.825,11.950000000000001,24.891666666666666,4.6,0.0,0.0,710.25,217.0
2025-07-06 12:00:00,0.02043148225001148,79.48732652430499,78.56094460262236,35.141666666666666,41.175000000000004,20.0,979.0,604.25,1.45,7.966666666666666,12.85,25.883333333333336,6.8,0.0,0.0,710.25,282.5
2025-07-06 13:00:00,0.020807789068229533,80.21255269939813,79.15627513608119,35.425000000000004,40.15833333333333,19.85833333333333,977.9833333333332,634.0833333333334,1.4833333333333334,7.675,11.6,22.25,4.2,0.0,0.0,710.25,311.5
2025-07-06 14:00:00,0.01909836379510019,79.30338833729496,78.60341438764566,36.699999999999996,36.9,19.633333333333333,977.1,748.75,1.5916666666666668,7.233333333333333,11.641666666666666,23.641666666666666,5.0,0.0,0.0,710.25,291.0
2025-07-06 15:00:00,0.021999701947959197,73.66703400789943,72.69591626953132,36.1,38.74166666666667,19.866666666666667,976.8166666666666,386.3333333333333,1.4333333333333333,7.466666666666666,11.225,24.150000000000002,4.0,0.0,0.0,710.25,286.0
2025-07-06 16:00:00,0.03055038197707696,44.321137205559715,43.38040820648462,34.96666666666667,40.233333333333334,19.466666666666665,976.9,147.91666666666666,1.4166666666666667,9.450000000000001,14.116666666666667,24.900000000000002,5.0,0.0,0.0,710.25,91.0
2025-07-06 17:00:00,0.032004271701783084,14.055353259849532,13.643329017460745,33.583333333333336,42.125,18.966666666666665,977.3000000000001,64.83333333333333,1.425,9.166666666666666,14.225,25.483333333333334,5.6,0.0,0.0,710.25,271.5
2025-07-06 18:00:00,0.0293805762426632,3.138081478975404,3.05364725042062,32.9,44.9,19.4,977.8,30.0,1.4,10.1,15.0,28.4,3.5,0.0,0.0,710.25,65.0
2025-07-07 06:00:00,0.07300396435188365,11.308671828010247,9.706704876012923,27.391666666666666,63.14166666666667,19.8,979.8416666666667,44.083333333333336,0.8166666666666668,11.816666666666668,13.141666666666666,17.958333333333332,2.2,0.0,0.0,710.25,93.5
2025-07-07 07:00:00,0.05914089887705076,55.64282610316591,51.70476441051745,28.308333333333334,60.98333333333333,20.075,980.2916666666666,130.16666666666666,0.8166666666666668,13.408333333333333,18.158333333333335,30.108333333333334,2.3,0.0,0.0,710.25,103.0
2025-07-07 08:00:00,0.020663534317888126,81.68649804303668,80.60502839537091,29.933333333333334,56.125,20.25,980.6750000000001,355.0,1.125,13.4,21.216666666666665,42.166666666666664,4.1,0.0,0.0,710.25,113.5
2025-07-07 09:00:00,0.022641174212300344,82.69622640085542,81.35275054197461,31.633333333333336,51.1,20.291666666666668,980.6333333333333,565.0,1.3583333333333334,11.483333333333334,17.233333333333334,33.333333333333336,4.5,0.0,0.0,710.25,89.5
2025-07-07 10:00:00,0.022785298852949998,81.50412684480523,80.24478812307582,33.03333333333333,45.925000000000004,19.866666666666667,980.5166666666668,504.5833333333333,1.3416666666666668,12.125,18.616666666666664,37.608333333333334,4.2,0.0,0.0,710.25,291.0
2025-07-07 11:00:00,0.02436362025181249,79.61180985992915,78.14928594683768,34.6,42.141666666666666,19.933333333333334,980.025,628.0833333333334,1.3083333333333333,13.700000000000001,20.458333333333332,39.166666666666664,5.1,0.0,0.0,710.25,299.5
2025-07-07 12:00:00,0.021035167728633883,80.34286927010278,79.43850223765769,34.791666666666664,40.975,19.616666666666667,979.3166666666666,524.3333333333334,1.4000000000000001,11.983333333333334,19.091666666666665,37.891666666666666,3.8,0.0,0.0,710.25,307.5
2025-07-07 13:00:00,0.021126493373074443,78.62677564916986,77.71266120118439,35.333333333333336,39.583333333333336,19.525000000000002,978.4333333333334,516.0,1.45,11.558333333333332,17.683333333333334,37.324999999999996,4.8,0.0,0.0,710.25,72.5
2025-07-07 14:00:00,0.020620774860762286,80.229937163019,79.38203508726052,36.15,37.63333333333333,19.416666666666668,977.775,592.9166666666666,1.4000000000000001,11.041666666666666,17.558333333333334,33.641666666666666,4.2,0.0,0.0,710.25,297.0
2025-07-07 15:00:00,0.018816897709218256,75.78176424692144,75.2886727606657,36.800000000000004,35.30833333333333,19.008333333333333,976.9666666666667,391.5,1.3583333333333334,11.733333333333334,17.841666666666665,39.46666666666667,5.8,0.0,0.0,710.25,140.5
2025-07-07 16:00:00,0.019026088863468932,67.04538090423809,66.63661052801622,36.49166666666667,36.016666666666666,19.05,976.6416666666668,271.0833333333333,1.1916666666666667,12.158333333333333,20.041666666666668,40.30833333333333,3.9,0.0,0.0,710.25,281.0
2025-07-07 17:00:00,0.027676144446651226,18.926161563360637,18.54306482674666,35.18333333333333,37.93333333333333,18.724999999999998,977.0083333333333,78.08333333333333,1.1,13.391666666666666,20.95,43.81666666666666,3.3,0.0,0.0,710.25,103.5
2025-07-07 18:00:00,0.0243189723483594,3.3613685215348053,3.29954253607543,34.7,37.6,18.1,977.4,30.0,0.8,13.9,20.3,37.3,1.6,0.0,0.0,710.25,335.0
2025-07-08 06:00:00,0.09266307338310087,8.778300186721333,6.73347564993529,27.041666666666668,64.7,19.849999999999998,980.9166666666666,35.916666666666664,0.7916666666666666,15.666666666666666,17.483333333333334,23.833333333333332,2.1,0.0,0.0,710.25,107.5
2025-07-08 07:00:00,0.10635103596332907,69.45762295237368,59.23021933103721,28.491666666666664,60.98333333333333,20.241666666666667,981.4916666666667,116.75,0.8083333333333335,19.75,27.366666666666664,48.6,2.1,0.0,0.0,710.25,140.5
2025-07-08 08:00:00,0.019484196665860567,81.81024689957265,81.02271032064003,30.2,56.175000000000004,20.525000000000002,981.4833333333332,330.4166666666667,0.9666666666666667,21.108333333333334,31.016666666666666,58.43333333333334,3.2,0.0,0.0,710.25,228.5
2025-07-08 09:00:00,0.02075065262650425,81.46563413663931,80.48097160591338,32.458333333333336,49.550000000000004,20.55,981.4,597.75,1.125,15.966666666666667,23.758333333333336,43.38333333333333,3.9,0.0,0.0,710.25,239.0
2025-07-08 10:00:00,0.022645184300688306,79.87055294265446,78.68448053609097,34.75833333333333,42.541666666666664,20.175,980.75,750.3333333333334,1.3,13.116666666666667,19.591666666666665,37.333333333333336,5.2,0.0,0.0,710.25,117.5
2025-07-08 11:00:00,0.023707340848542435,77.13596507454899,75.83692205285833,36.15,38.625,19.858333333333334,979.7833333333333,772.5833333333334,1.2916666666666667,13.275,21.066666666666666,43.71666666666667,4.2,0.0,0.0,710.25,280.5
2025-07-08 12:00:00,0.021790968696545385,79.43148360237232,78.38583172421478,37.0,36.0,19.483333333333334,978.8000000000001,760.75,1.2916666666666667,14.383333333333333,22.075,45.525,4.4,0.0,0.0,710.25,294.0
2025-07-08 13:00:00,0.018144094870424125,77.15548917413516,76.67672149753031,37.69166666666667,33.84166666666667,19.091666666666665,978.1333333333333,712.9166666666666,1.45,12.783333333333333,20.650000000000002,39.025,4.8,0.0,0.0,710.25,179.5
2025-07-08 14:00:00,0.019288558111494516,77.63314322617349,76.98117749647248,37.6,33.6,18.900000000000002,977.4250000000001,484.5,1.3499999999999999,11.766666666666666,18.650000000000002,38.050000000000004,4.3,0.0,0.0,710.25,291.5
2025-07-08 15:00:00,0.019358321550568967,75.70763523593651,75.07696239850004,37.449999999999996,33.50833333333333,18.733333333333334,976.8833333333333,376.9166666666667,1.3,13.174999999999999,21.46666666666667,45.025,3.6,0.0,0.0,710.25,220.0
2025-07-08 16:00:00,0.02174497155406625,64.7544220478868,63.94603678863984,36.65,35.275,18.875,976.8166666666666,190.0,1.0083333333333335,14.016666666666666,21.566666666666666,45.30833333333334,3.3,0.0,0.0,710.25,297.5
2025-07-08 17:00:00,0.028377680865574084,25.837781945238735,25.245484140963786,35.449999999999996,37.875,18.941666666666666,977.0,82.91666666666667,0.8166666666666668,16.958333333333332,26.683333333333334,53.175000000000004,2.9,0.0,0.0,710.25,288.5
2025-07-08 18:00:00,0.0215623734908845,3.157919918207268,3.113953598903992,34.7,39.8,19.1,977.2,27.0,0.8,21.3,34.5,65.5,1.9,0.0,0.0,710.25,300.0
2025-07-09 06:00:00,0.11432510323744223,7.172323661648289,5.1127877326962725,27.875,60.84166666666667,19.650000000000002,980.8916666666665,29.666666666666668,0.9083333333333333,14.525,19.316666666666666,32.891666666666666,2.8,0.0,0.0,710.25,155.5
2025-07-09 07:00:00,0.11983002100261363,67.89443875833088,56.83232681165605,29.2,57.074999999999996,19.883333333333333,981.2166666666667,109.5,0.9333333333333335,15.983333333333334,22.96666666666667,41.15,3.1,0.0,0.0,710.25,295.5
2025-07-09 08:00:00,0.021346581416892167,82.06531659867501,80.90938337808815,30.358333333333334,53.88333333333333,20.008333333333333,981.6666666666666,321.5833333333333,1.1916666666666667,15.391666666666666,23.349999999999998,45.15833333333333,3.9,0.0,0.0,710.25,118.0
2025-07-09 09:00:00,0.02255112102254098,82.1496592945122,80.80673605351065,32.166666666666664,49.025,20.108333333333334,981.8416666666667,592.8333333333334,1.2333333333333334,16.466666666666665,24.03333333333333,40.9,3.9,0.0,0.0,710.25,152.0
2025-07-09 10:00:00,0.02305062710564591,80.63422454077364,79.27930537417078,34.858333333333334,41.458333333333336,19.858333333333334,981.2333333333332,751.5,1.3,13.558333333333332,20.183333333333334,33.74166666666667,3.8,0.0,0.0,710.25,148.0
2025-07-09 11:00:00,0.0224561551663142,79.46532037685654,78.26887364202828,36.425000000000004,37.03333333333333,19.416666666666668,980.4916666666667,831.0,1.4000000000000001,13.158333333333333,20.375,37.43333333333333,4.6,0.0,0.0,710.25,141.0
2025-07-09 12:00:00,0.023288887174360683,76.14724709779591,74.89485884236534,36.99166666666667,35.35,19.166666666666668,979.65,693.5833333333334,1.2666666666666668,12.541666666666666,19.258333333333333,36.666666666666664,4.9,0.0,0.0,710.25,243.5
2025-07-09 13:00:00,0.02109956751837444,76.55483505023382,75.62623572445683,37.858333333333334,32.916666666666664,18.8,978.7333333333332,694.0833333333334,1.2666666666666666,11.174999999999999,16.75,32.6,4.9,0.0,0.0,710.25,104.0
2025-07-09 14:00:00,0.021045976200705443,74.62551405914449,73.6432583152212,37.56666666666667,32.86666666666667,18.5,977.8583333333332,388.4166666666667,1.05,11.841666666666667,17.833333333333332,34.53333333333333,3.5,0.0,0.0,710.25,273.0
2025-07-09 15:00:00,0.02159748972062051,73.24144396554716,72.33596829811086,38.25833333333333,31.383333333333336,18.366666666666667,976.9666666666667,406.25,1.125,12.716666666666667,20.025000000000002,41.275,3.5,0.0,0.0,710.25,281.5
2025-07-09 16:00:00,0.048145993126466426,42.63222250480675,40.410837414741316,36.449999999999996,34.90833333333333,18.5,976.7416666666667,121.66666666666667,1.0166666666666668,14.225,21.53333333333333,41.28333333333333,3.6,0.0,0.0,710.25,222.0
2025-07-09 17:00:00,0.05720225286782712,20.805846776881854,19.435556129256717,35.458333333333336,37.38333333333333,18.724999999999998,976.9916666666667,70.83333333333333,0.8833333333333333,13.858333333333334,20.966666666666665,42.074999999999996,3.6,0.0,0.0,710.25,199.5
2025-07-09 18:00:00,0.0526893088850736,4.78155475222724,4.394305802485737,35.0,39.2,19.0,977.4,33.0,0.7,15.4,22.8,44.7,1.0,0.0,0.0,710.25,304.0
2025-07-10 06:00:00,0.1309550414787106,9.99885907454541,6.65142634158546,27.099999999999998,66.70833333333333,20.391666666666666,980.65,35.416666666666664,0.575,23.108333333333334,25.691666666666666,34.733333333333334,1.8,0.0,0.0,710.25,87.0
2025-07-10 07:00:00,0.133695739300473,71.53875838691526,58.07416280029471,28.95,60.875,20.658333333333335,981.0583333333334,110.33333333333333,0.8083333333333332,20.333333333333332,27.525000000000002,45.85,3.3,0.0,0.0,710.25,147.0
2025-07-10 08:00:00,0.02166634153254399,82.26373702461628,81.27711422578804,30.5,55.39166666666667,20.558333333333334,981.4,343.0,1.0833333333333333,16.466666666666665,25.21666666666667,47.84166666666667,3.5,0.0,0.0,710.25,116.5
2025-07-10 09:00:00,0.024948464581320478,81.86535888623885,80.3466281536851,32.574999999999996,49.64166666666667,20.724999999999998,981.3333333333334,623.6666666666666,1.1333333333333333,14.5,21.683333333333334,38.375,3.5,0.0,0.0,710.25,216.5
2025-07-10 10:00:00,0.025601943530900877,78.86202485692151,77.30351901324177,34.416666666666664,44.725,20.7,980.8583333333332,736.9166666666666,1.1666666666666667,11.816666666666668,17.974999999999998,31.7,3.5,0.0,0.0,710.25,201.5
2025-07-10 11:00:00,0.024829273188641383,78.23693343578539,76.81003051595239,35.300000000000004,41.675000000000004,20.349999999999998,980.2666666666668,627.25,1.175,12.450000000000001,19.466666666666665,42.324999999999996,3.2,0.0,0.0,710.25,233.5
2025-07-10 12:00:00,0.022211600250452226,78.80491409215941,77.68503311061876,35.53333333333333,40.24166666666667,19.974999999999998,979.3833333333333,572.25,1.0999999999999999,9.608333333333333,15.283333333333333,30.183333333333334,3.8,0.0,0.0,710.25,287.0
2025-07-10 13:00:00,0.021388878898401884,77.5379959864962,76.62671300389586,36.19166666666667,37.541666666666664,19.433333333333334,978.3583333333332,503.25,1.1833333333333333,9.424999999999999,14.299999999999999,26.558333333333334,4.3,0.0,0.0,710.25,79.0
2025-07-10 14:00:00,0.023557853592283042,72.86543537582956,71.88536218234152,37.125,35.166666666666664,19.208333333333332,977.6,536.3333333333334,1.0833333333333333,12.066666666666668,19.125,37.425000000000004,4.6,0.0,0.0,710.25,142.0
2025-07-10 15:00:00,0.023797008783255275,71.95929292240571,70.85146661091879,36.233333333333334,36.13333333333333,18.875,976.9,309.5,0.9416666666666668,12.683333333333332,20.241666666666667,40.93333333333333,3.9,0.0,0.0,710.25,203.5
2025-07-10 16:00:00,0.04493079646713589,45.28899259412244,43.87515382518163,36.425000000000004,35.324999999999996,18.666666666666668,976.4416666666666,176.91666666666666,0.8583333333333334,15.658333333333333,24.55,51.28333333333333,3.1,0.0,0.0,710.25,283.5
2025-07-10 17:00:00,0.051084133546918264,13.584739152492356,12.77313920970287,34.49166666666667,42.21666666666667,19.783333333333335,976.4333333333334,55.416666666666664,0.5833333333333334,16.883333333333333,26.2,51.416666666666664,2.6,0.0,0.0,710.25,302.0
2025-07-10 18:00:00,0.0559421107978159,11.38581468344144,10.62454371720044,33.6,44.6,20.0,976.6,54.0,0.5,23.0,34.8,58.5,0.7,0.0,0.0,710.25,324.0
2025-07-11 06:00:00,0.1487447828371823,9.380834801380047,5.629128647323661,27.541666666666668,68.24166666666667,21.175,979.6166666666667,33.083333333333336,0.8833333333333333,16.741666666666667,18.6,25.141666666666666,2.6,0.0,0.0,710.25,130.0
2025-07-11 07:00:00,0.1676602430087014,71.2976024764885,54.89150541195733,29.0,63.199999999999996,21.3,980.0,90.91666666666667,1.0416666666666667,18.891666666666666,25.208333333333332,41.333333333333336,3.4,0.0,0.0,710.25,105.0
2025-07-11 08:00:00,0.021046361275134207,82.39467280748686,81.43617928591385,30.458333333333332,57.84166666666667,21.216666666666665,980.1833333333334,330.0833333333333,1.1583333333333334,16.675,23.641666666666666,40.34166666666667,3.2,0.0,0.0,710.25,116.0
2025-07-11 09:00:00,0.02359219342035615,81.30273717960719,79.99362619344208,32.541666666666664,50.84166666666667,21.025000000000002,980.3416666666667,618.0,1.1416666666666666,13.191666666666668,19.341666666666665,35.166666666666664,3.5,0.0,0.0,710.25,114.5
2025-07-11 10:00:00,0.02421366150530671,79.64172728345291,78.3147010907697,34.583333333333336,44.61666666666667,20.791666666666668,980.1083333333332,763.5833333333334,1.1500000000000001,10.733333333333334,15.516666666666666,28.916666666666668,3.2,0.0,0.0,710.25,107.0
2025-07-11 11:00:00,0.022918291387744857,78.10679705423091,77.01967125874882,35.96666666666667,39.708333333333336,20.141666666666666,979.5083333333333,864.0,1.2583333333333333,9.933333333333334,15.35,28.191666666666666,3.9,0.0,0.0,710.25,93.0
2025-07-11 12:00:00,0.020864350685010524,76.52654545946525,75.70641594721118,36.925000000000004,36.78333333333333,19.758333333333333,978.9083333333333,840.5833333333334,1.125,9.158333333333333,13.725,25.316666666666666,3.9,0.0,0.0,710.25,193.5
2025-07-11 13:00:00,0.020026510102297734,73.66210515238976,73.04333474333593,37.725,33.775,19.091666666666665,977.9916666666667,693.25,1.1416666666666666,9.35,14.258333333333333,27.599999999999998,4.7,0.0,0.0,710.25,46.0
2025-07-11 14:00:00,0.01779888208978436,75.55396210284546,75.21592803928803,37.80833333333334,32.391666666666666,18.45,977.1666666666666,578.4166666666666,1.1333333333333333,9.833333333333334,15.266666666666666,28.008333333333336,4.1,0.0,0.0,710.25,147.0
2025-07-11 15:00:00,0.021751526356437775,71.07320975702964,70.3605065847345,37.43333333333333,34.275,19.066666666666666,976.2666666666668,433.8333333333333,0.9666666666666667,11.575000000000001,18.575,37.50833333333333,3.9,0.0,0.0,710.25,295.0
2025-07-11 16:00:00,0.042288543138420225,51.16044274420303,49.21240752276577,36.18333333333333,36.63333333333333,19.033333333333335,975.7666666666668,167.08333333333334,0.9249999999999999,12.75,19.183333333333334,38.958333333333336,4.2,0.0,0.0,710.25,280.0
2025-07-11 17:00:00,0.05859003873219328,19.569755814480402,18.08727176733993,35.59166666666667,37.49166666666667,18.900000000000002,975.6416666666668,75.08333333333333,0.8583333333333334,13.408333333333333,20.25,40.03333333333333,4.1,0.0,0.0,710.25,304.0
2025-07-11 18:00:00,0.0569611264097924,3.1942202859375124,2.919004320773509,35.0,38.2,18.7,975.9,26.0,0.7,14.5,23.0,50.9,0.7,0.0,0.0,710.25,309.0
2025-07-12 06:00:00,0.15640223869771383,7.5487784459961675,4.5708194741739385,27.96666666666667,63.791666666666664,20.508333333333333,980.3499999999999,28.833333333333332,0.7000000000000001,19.233333333333334,22.05,30.641666666666666,2.4,0.0,0.0,710.25,146.5
2025-07-12 07:00:00,0.2157907535327427,57.281122224822305,36.23387887451356,29.233333333333334,60.333333333333336,20.833333333333332,980.9,77.75,0.9249999999999999,20.025000000000002,27.258333333333336,46.51666666666667,4.3,0.0,0.0,710.25,118.5
2025-07-12 08:00:00,0.02463726494136413,77.81117640173402,76.78359914762916,30.78333333333333,55.05833333333334,20.725,981.2083333333334,355.0833333333333,1.0083333333333333,15.466666666666667,21.891666666666666,37.31666666666667,3.6,0.0,0.0,710.25,168.5
2025-07-12 09:00:00,0.02119549540959077,80.80911799305409,79.60553753443459,33.25833333333333,47.550000000000004,20.616666666666667,980.8249999999999,632.5,1.05,11.091666666666667,16.341666666666665,30.508333333333336,3.5,0.0,0.0,710.25,199.5
2025-07-12 10:00:00,0.024115109789778377,80.63219121826229,79.24822646122995,34.84166666666667,41.96666666666667,20.041666666666668,980.3166666666666,757.4166666666666,1.3416666666666668,9.799999999999999,15.141666666666666,30.316666666666666,4.5,0.0,0.0,710.25,64.0
2025-07-12 11:00:00,0.02520219526930215,76.10205044971694,74.73717300715758,36.15833333333333,38.766666666666666,19.933333333333334,979.7666666666668,861.0,1.3333333333333333,8.858333333333333,13.091666666666667,25.891666666666666,4.1,0.0,0.0,710.25,60.0
2025-07-12 12:00:00,0.02206836202171235,76.25822761862752,75.26412053490195,36.5,37.449999999999996,19.691666666666666,979.1083333333332,683.6666666666666,1.3583333333333334,7.358333333333333,11.700000000000001,23.233333333333334,3.8,0.0,0.0,710.25,82.0
2025-07-12 13:00:00,0.01982349522593189,75.09842288794324,74.32307277664871,36.94166666666667,36.90833333333333,19.841666666666665,978.4,572.1666666666666,1.2083333333333333,7.4750000000000005,11.941666666666668,21.349999999999998,4.4,0.0,0.0,710.25,187.0
2025-07-12 14:00:00,0.02003154933564594,76.78072785282319,75.9772121763103,36.574999999999996,37.574999999999996,19.75,977.7833333333333,444.9166666666667,1.1166666666666667,7.075,10.741666666666667,19.833333333333332,3.8,0.0,0.0,710.25,103.5
2025-07-12 15:00:00,0.03654899019033938,44.953138907597584,43.734577532540904,33.06666666666667,54.475,21.808333333333334,977.6166666666667,183.08333333333334,1.1666666666666667,9.266666666666667,13.941666666666668,28.0,5.2,3.0,0.25,710.5,190.5
2025-07-12 16:00:00,0.02510313222649947,43.55967178440459,43.16754491074041,30.008333333333336,66.43333333333332,23.016666666666666,977.9833333333332,118.41666666666667,0.8166666666666668,6.1499999999999995,7.341666666666666,10.950000000000001,2.6,0.0,0.25,710.5,101.0
2025-07-12 17:00:00,0.03750432163602064,7.062296079267736,6.76133462330917,32.016666666666666,50.75,20.55,978.1416666666668,43.5,1.0250000000000001,2.775,3.533333333333333,6.591666666666666,3.3,0.0,0.25,710.5,51.5
2025-07-12 18:00:00,0.0348577809170631,3.1594652217487647,3.0411560579369064,32.1,49.3,20.2,978.2,26.0,0.9,2.8,3.8,5.9,2.0,0.0,0.25,710.5,7.0
2025-07-13 06:00:00,0.07167207861733797,10.386204826132753,8.748298796385077,27.34166666666667,66.20833333333333,20.5,980.6333333333333,39.916666666666664,0.6666666666666666,23.691666666666666,26.34166666666667,35.583333333333336,1.9,0.0,0.0,710.5,83.0
2025-07-13 07:00:00,0.06888821881950474,67.73543981528786,61.34573313622516,28.650000000000002,62.09166666666667,20.683333333333334,981.15,134.16666666666666,0.8666666666666667,16.849999999999998,21.616666666666664,30.7,4.0,0.0,0.0,710.5,127.5
2025-07-13 08:00:00,0.017125060577460282,82.06302414802516,81.54703503148566,30.358333333333334,56.34166666666667,20.75,981.3583333333332,343.3333333333333,1.1083333333333334,14.308333333333332,20.258333333333333,31.650000000000002,4.0,0.0,0.0,710.5,113.0
2025-07-13 09:00:00,0.01955965473956148,81.53434636222981,80.6893684754016,32.03333333333333,51.875,20.933333333333334,981.3000000000001,538.6666666666666,1.0999999999999999,13.6,19.441666666666666,32.516666666666666,3.5,0.0,0.0,710.5,105.5
2025-07-13 10:00:00,0.021550498428837366,79.65731358726883,78.55426883220873,34.025,45.9,20.724999999999998,980.6666666666666,638.0,1.0583333333333333,11.491666666666667,17.233333333333334,27.866666666666664,3.3,0.0,0.0,710.5,326.0
2025-07-13 11:00:00,0.021247902982814967,76.9707419970826,76.03741527239677,35.19166666666667,41.425000000000004,20.141666666666666,980.0166666666668,639.6666666666666,1.1916666666666667,7.7749999999999995,11.058333333333332,19.925,4.1,0.0,0.0,710.5,63.0
2025-07-13 12:00:00,0.021247002242943524,76.94142914710125,75.99467094599565,35.34166666666667,40.574999999999996,19.95,979.1166666666667,531.25,0.9833333333333334,8.200000000000001,11.975,20.258333333333333,4.4,0.0,0.0,710.5,307.5
2025-07-13 13:00:00,0.02031474329575793,77.44439152746914,76.65778919354737,35.925000000000004,38.699999999999996,19.691666666666666,978.3000000000001,432.1666666666667,1.0666666666666667,8.25,12.783333333333333,27.166666666666668,3.4,0.0,0.0,710.5,186.5
2025-07-13 14:00:00,0.0194236145140165,76.90075454533698,76.25855306319112,36.050000000000004,37.733333333333334,19.383333333333333,977.8916666666668,335.25,1.0,7.45,11.183333333333332,20.825,2.9,0.0,0.0,710.5,106.5
2025-07-13 15:00:00,0.019463046600100134,73.6835714757269,73.01851707850996,35.65,38.791666666666664,19.483333333333334,977.4416666666666,253.33333333333334,0.8666666666666667,6.575,10.016666666666667,19.933333333333334,2.5,0.0,0.0,710.5,37.5
2025-07-13 16:00:00,0.030292751969774656,49.27822305814479,47.95493290743141,34.44166666666667,42.199999999999996,19.75,977.1750000000001,126.5,0.9750000000000001,6.791666666666667,10.058333333333334,15.575000000000001,4.7,0.0,0.0,710.5,142.0
2025-07-13 17:00:00,0.034065425665740494,17.42383654560623,16.804660462984696,32.550000000000004,53.1,21.775000000000002,977.0,65.91666666666667,0.6666666666666666,11.541666666666666,16.575,27.441666666666666,2.8,0.0,0.0,710.5,153.0
2025-07-13 18:00:00,0.026489782257587,3.799528703416458,3.716607328078848,32.8,52.5,21.8,977.2,30.0,0.7,13.5,18.0,33.6,0.7,0.0,0.0,710.5,109.0
2025-07-14 06:00:00,0.07511715330312196,6.42114630763281,5.183398846937232,27.275000000000002,66.55833333333334,20.508333333333333,980.3583333333332,29.583333333333332,0.5166666666666666,10.491666666666667,11.666666666666666,15.766666666666666,1.7,0.0,0.0,711.75,84.0
2025-07-14 07:00:00,0.09776151445682374,66.110701141286,58.34163459649974,28.791666666666668,61.44166666666666,20.658333333333335,980.7583333333333,111.83333333333333,0.7416666666666667,12.366666666666667,15.358333333333334,24.833333333333332,2.5,0.0,0.0,711.75,92.0
2025-07-14 08:00:00,0.019108129314768317,81.64666825488241,80.91607614361762,30.59166666666667,55.449999999999996,20.708333333333332,981.2833333333333,324.3333333333333,0.9666666666666667,10.983333333333334,15.841666666666667,24.875,3.3,0.0,0.0,711.75,143.5
2025-07-14 09:00:00,0.02206787622471995,82.27221246629556,81.0083057554488,32.108333333333334,50.166666666666664,20.433333333333334,981.2833333333333,572.5833333333334,1.0833333333333333,10.366666666666667,15.508333333333333,25.65833333333333,3.4,0.0,0.0,711.75,223.0
2025-07-14 10:00:00,0.02280937872513372,80.41374288706614,79.06551971865073,33.93333333333333,44.975,20.316666666666666,980.625,730.5,1.2583333333333333,9.758333333333333,14.216666666666667,27.21666666666667,4.0,0.0,0.0,711.75,65.5
2025-07-14 11:00:00,0.023119540887666965,77.91794675090493,76.64732787555378,35.416666666666664,40.824999999999996,20.108333333333334,979.975,845.75,1.375,8.883333333333333,13.174999999999999,23.733333333333334,3.7,0.0,0.0,711.75,212.0
2025-07-14 12:00:00,0.0213209462434569,79.30212085488581,78.294612788559,35.90833333333333,39.65,20.058333333333334,979.2833333333333,651.6666666666666,1.3083333333333333,8.933333333333334,13.375,25.233333333333334,3.9,0.0,0.0,711.75,121.5
2025-07-14 13:00:00,0.020287168650636723,77.37098495822084,76.51388607226235,37.075,36.40833333333333,19.741666666666667,978.4083333333333,807.3333333333334,1.3416666666666668,8.166666666666666,11.816666666666668,20.5,4.0,0.0,0.0,711.75,82.5
2025-07-14 14:00:00,0.02574329777787075,63.639390467908534,62.607211160655076,34.583333333333336,44.449999999999996,20.608333333333334,977.7833333333333,255.0,1.1583333333333334,6.991666666666667,10.483333333333333,19.316666666666666,4.0,0.0,0.0,711.75,61.5
2025-07-14 15:00:00,0.01869979120236116,76.00794462819181,75.39006416145484,36.375,38.86666666666667,20.141666666666666,976.9749999999999,410.0833333333333,0.9083333333333333,8.416666666666666,12.016666666666666,20.474999999999998,3.6,0.0,0.0,711.75,112.5
2025-07-14 16:00:00,0.020738993532888824,69.1758421886871,68.40150074390597,35.69166666666667,38.608333333333334,19.45,976.7666666666668,225.75,1.0916666666666668,11.091666666666667,16.224999999999998,29.666666666666668,3.8,0.0,0.0,711.75,264.5
2025-07-14 17:00:00,0.03130275835839604,33.152327338127236,32.33450288270563,35.175000000000004,39.25833333333333,19.241666666666667,976.875,98.58333333333333,0.875,9.241666666666667,12.6,23.433333333333334,2.8,0.0,0.0,711.75,93.0
2025-07-14 18:00:00,0.0300005034194583,5.94421542868216,5.748571220771142,34.6,41.3,19.5,977.3,37.0,0.7,10.3,14.1,25.1,0.9,0.0,0.0,711.75,344.0
2025-07-15 06:00:00,0.07643700931639716,10.288971812300987,8.437015303843653,27.400000000000002,63.43333333333334,19.875,979.8666666666667,38.25,0.9,9.966666666666667,12.216666666666667,18.508333333333333,3.1,0.0,0.0,711.75,113.5
2025-07-15 07:00:00,0.07497084949235829,66.29263906396898,59.123254241828555,28.541666666666668,60.68333333333334,20.208333333333332,980.0500000000001,107.66666666666667,0.9083333333333333,11.491666666666667,16.191666666666666,28.291666666666668,2.8,0.0,0.0,711.75,128.5
2025-07-15 08:00:00,0.02168689412939355,78.7799211092424,77.69702676209677,29.633333333333336,56.90833333333333,20.208333333333332,980.2166666666667,266.25,1.0416666666666667,11.225,16.675,31.008333333333336,3.5,0.0,0.0,711.75,98.5
2025-07-15 09:00:00,0.022630232269503184,81.72378496491956,80.45478988981178,32.225,48.80833333333334,20.099999999999998,980.1333333333333,622.0,1.1583333333333334,8.141666666666667,12.116666666666667,21.058333333333334,4.1,0.0,0.0,711.75,119.0
2025-07-15 10:00:00,0.022904805943997398,80.8165822451402,79.58253226423362,33.90833333333333,43.300000000000004,19.724999999999998,979.8833333333333,764.25,1.4083333333333332,8.358333333333333,12.216666666666667,23.575,4.7,0.0,0.0,711.75,99.0
2025-07-15 11:00:00,0.02262411582264502,79.11919298078179,77.99339941124906,35.708333333333336,39.36666666666667,19.775000000000002,979.0083333333333,854.0,1.3416666666666668,8.183333333333334,11.883333333333333,20.5,3.9,0.0,0.0,711.75,89.5
2025-07-15 12:00:00,0.023482805992191533,75.76706660693395,74.78860794549843,36.03333333333333,38.0,19.516666666666666,978.3583333333332,531.0,1.325,7.2749999999999995,11.075000000000001,19.05,3.6,0.0,0.0,711.75,123.0
2025-07-15 13:00:00,0.021877370050518482,76.65709289087393,75.78080873095875,36.166666666666664,37.18333333333333,19.233333333333334,977.6750000000001,478.8333333333333,1.2166666666666666,7.258333333333333,10.666666666666666,23.016666666666666,3.4,0.0,0.0,711.75,126.5
2025-07-15 14:00:00,0.016133770627431133,76.46136482518143,76.45983070303281,37.59166666666667,34.641666666666666,19.391666666666666,976.875,535.6666666666666,1.3166666666666667,5.616666666666667,8.091666666666667,17.016666666666666,4.6,0.0,0.0,711.75,101.0
2025-07-15 15:00:00,0.017182591943101577,74.35279767836685,74.16151803826848,37.641666666666666,34.891666666666666,19.55,975.9833333333332,489.0,1.2333333333333334,5.358333333333333,8.075000000000001,15.141666666666666,4.3,0.0,0.0,711.75,72.5
2025-07-15 16:00:00,0.02236663133632556,60.53060291359946,60.10031710247856,36.391666666666666,37.199999999999996,19.466666666666665,975.8833333333333,186.25,0.9916666666666667,5.875,8.933333333333334,14.133333333333333,3.1,0.0,0.0,711.75,173.5
2025-07-15 17:00:00,0.03851291026179573,12.179573041786782,11.54616956424377,31.599999999999998,59.291666666666664,22.191666666666666,976.4416666666666,47.0,0.9166666666666666,13.4,17.258333333333333,26.28333333333333,4.3,3.0,0.25,712.0,299.5
2025-07-15 18:00:00,0.0305045791673513,5.4080146370770565,5.227273271951054,29.1,70.6,23.2,976.8,35.0,0.0,18.4,20.5,27.7,0.0,0.0,0.25,712.0,356.0
2025-07-16 06:00:00,0.1366616988993734,9.800962851000513,5.716810222466338,27.2,64.79166666666667,20.058333333333334,979.1750000000001,31.083333333333332,0.875,16.483333333333334,18.683333333333334,25.849999999999998,2.7,0.0,0.0,712.0,92.5
2025-07-16 07:00:00,0.18381074844263182,72.71293417750483,54.07691309080179,28.7,60.88333333333333,20.425,979.2583333333333,86.08333333333333,1.0250000000000001,13.575000000000001,18.166666666666668,27.016666666666666,3.2,0.0,0.0,712.0,87.5
2025-07-16 08:00:00,0.020689463631392815,82.02609833354892,81.0988245492854,30.525000000000002,55.666666666666664,20.683333333333334,979.5833333333334,338.1666666666667,1.0666666666666667,12.816666666666668,18.216666666666665,29.525000000000002,3.0,0.0,0.0,712.0,129.5
2025-07-16 09:00:00,0.0212907761654304,81.24799912116872,80.17871177464947,32.983333333333334,48.708333333333336,20.775000000000002,979.4416666666666,634.4166666666666,1.125,11.891666666666666,16.783333333333335,26.691666666666666,3.7,0.0,0.0,712.0,193.5
2025-07-16 10:00:00,0.024027878745270265,79.01270274705233,77.57279138672472,35.30833333333333,42.708333333333336,20.733333333333334,978.8583333333332,779.5,1.0833333333333333,10.933333333333332,15.891666666666666,27.28333333333333,3.9,0.0,0.0,712.0,175.5
2025-07-16 11:00:00,0.023244894311106403,76.29865086654337,75.11479552047413,36.35,38.858333333333334,20.133333333333336,978.2666666666668,664.75,1.2083333333333333,8.15,12.266666666666666,23.633333333333336,4.3,0.0,0.0,712.0,35.5
2025-07-16 12:00:00,0.023891985219811878,74.78658746867863,73.59463517154929,36.55833333333333,38.725,20.266666666666666,977.4416666666666,571.0833333333334,0.9500000000000001,9.4,14.299999999999999,25.991666666666664,5.3,0.0,0.0,712.0,213.0
2025-07-16 13:00:00,0.021026901683342217,73.6169216943543,72.72749206001598,35.11666666666667,43.175000000000004,20.625,976.65,432.5,1.4416666666666667,7.825,11.358333333333334,21.516666666666666,5.1,0.0,0.0,712.0,331.0
2025-07-16 14:00:00,0.020703671536568317,75.36736167420038,74.45041604440088,34.65,46.6,21.45,975.8666666666667,485.4166666666667,1.5416666666666667,7.408333333333334,11.325000000000001,21.575,4.5,0.0,0.0,712.0,23.0
2025-07-16 15:00:00,0.017873330047189984,78.08731118396929,77.49873078647546,33.18333333333333,51.89166666666667,21.96666666666667,975.6583333333333,392.5,1.3666666666666665,5.95,8.933333333333334,17.575,5.5,0.0,0.0,712.0,23.5
2025-07-16 16:00:00,0.027174012216315085,58.89470997465725,57.608788729211234,33.050000000000004,49.73333333333333,21.150000000000002,975.3083333333334,163.5,0.9,7.925,11.975,22.78333333333333,3.3,0.0,0.0,712.0,168.0
2025-07-16 17:00:00,0.02629476476764674,28.457011564777037,27.839894969242554,31.666666666666668,55.98333333333333,21.84166666666667,975.1583333333333,97.5,1.2916666666666667,12.058333333333332,17.741666666666667,30.275000000000002,4.7,0.0,0.0,712.0,194.0
2025-07-16 18:00:00,0.0323982522918809,7.678121794323109,7.44706119921308,31.6,54.9,21.5,975.4,50.0,1.3,11.5,18.7,30.9,3.3,0.0,0.0,712.0,184.0
2025-07-17 06:00:00,0.04629438939264463,5.033397156633001,4.681534376306407,25.241666666666664,87.90833333333335,23.09166666666667,978.6333333333333,30.5,0.6916666666666668,14.608333333333334,16.241666666666667,21.925,3.0,0.0,1.0,732.25,122.0
2025-07-17 07:00:00,0.06964453569454669,67.12583360739644,60.448452063145275,26.891666666666666,79.23333333333333,22.983333333333334,979.0,117.75,0.9666666666666667,14.625,16.233333333333334,21.95,2.8,0.0,1.0,732.25,139.5
2025-07-17 08:00:00,0.0193564340864532,82.90284003642431,82.11572166593315,29.400000000000002,66.575,22.541666666666668,979.7083333333334,355.6666666666667,1.1916666666666667,8.233333333333333,9.816666666666666,14.616666666666667,4.2,0.0,1.0,732.25,120.0
2025-07-17 09:00:00,0.02235861584432597,82.36272713927492,81.14305741855044,30.666666666666668,61.73333333333333,22.491666666666664,979.9333333333334,590.9166666666666,1.1500000000000001,6.808333333333334,8.991666666666667,14.108333333333334,4.0,0.0,1.0,732.25,114.0
2025-07-17 10:00:00,0.023885078154953453,79.74133591575087,78.39728578162163,32.916666666666664,53.26666666666667,22.15833333333333,979.5416666666666,827.1666666666666,1.2416666666666667,5.058333333333334,7.1000000000000005,10.858333333333334,3.6,0.0,1.0,732.25,84.0
2025-07-17 11:00:00,0.02369977260740809,79.51806956071457,78.14904245783237,34.38333333333333,47.975,21.808333333333334,978.7333333333332,782.4166666666666,1.1833333333333333,4.683333333333334,6.883333333333333,11.933333333333332,4.4,0.0,1.0,732.25,86.0
2025-07-17 12:00:00,0.023141274469130474,75.81567283060764,74.69398076566857,35.141666666666666,45.525,21.65833333333333,977.8083333333334,744.25,1.1166666666666667,5.2749999999999995,7.825,15.066666666666668,4.6,0.0,1.0,732.25,48.5
2025-07-17 13:00:00,0.02216069060087916,74.5939870842578,73.68499538094979,36.541666666666664,41.575,21.40833333333333,977.0083333333333,842.8333333333334,1.2166666666666666,5.6000000000000005,8.625,17.474999999999998,3.5,0.0,1.0,732.25,42.0
2025-07-17 14:00:00,0.021880367228491116,77.72277784060465,76.86030105190578,36.99166666666667,40.175000000000004,21.25,976.4250000000001,500.1666666666667,0.9583333333333334,6.341666666666666,10.225,21.708333333333332,3.0,0.0,1.0,732.25,180.0
2025-07-17 15:00:00,0.021512920927750544,75.99830969869332,75.18186865989193,36.675000000000004,40.475,21.075,975.6750000000001,504.8333333333333,0.9249999999999999,6.308333333333334,10.225,20.991666666666667,2.7,0.0,1.0,732.25,190.5
2025-07-17 16:00:00,0.023987565119583693,65.8493414019181,64.9675809362584,35.074999999999996,44.75,21.258333333333333,975.375,243.16666666666666,0.7416666666666667,7.6000000000000005,11.708333333333334,25.366666666666664,2.6,0.0,1.0,732.25,296.5
2025-07-17 17:00:00,0.03297179167583089,30.95739736809335,30.054216492101713,33.266666666666666,50.46666666666667,21.558333333333334,975.65,86.75,0.9916666666666667,8.216666666666667,12.450000000000001,22.991666666666664,4.8,0.0,1.0,732.25,185.5
2025-07-17 18:00:00,0.025570900858865,3.81084837879222,3.747430890641771,31.8,54.9,21.7,975.8,27.0,0.8,8.9,12.0,19.5,1.6,0.0,1.0,732.25,186.0
2025-07-18 06:00:00,0.06367298768091821,3.011026457275136,2.7839982034492947,25.041666666666668,92.15833333333335,23.7,979.4,22.333333333333332,0.1416666666666667,14.983333333333334,16.633333333333333,22.491666666666664,1.7,0.0,0.25,743.25,101.5
2025-07-18 07:00:00,0.04516888866367109,45.75409390230083,43.90602982490327,25.941666666666666,84.93333333333334,23.208333333333332,980.225,116.75,0.39166666666666666,17.458333333333332,19.391666666666666,26.183333333333334,2.9,0.0,0.25,743.25,180.5
2025-07-18 08:00:00,0.022464623464756875,79.12096127983283,78.03592754429646,27.55,75.26666666666667,22.775000000000002,980.5500000000001,295.0833333333333,0.8916666666666666,16.466666666666665,18.275000000000002,24.733333333333334,3.3,0.0,0.25,743.25,129.5
2025-07-18 09:00:00,0.021616067117076226,82.31344048158725,81.31745118490495,30.09166666666667,64.46666666666667,22.683333333333334,980.6166666666667,559.4166666666666,1.0250000000000001,13.558333333333332,17.191666666666666,25.291666666666668,3.2,0.0,0.25,743.25,78.5
2025-07-18 10:00:00,0.022903895492076724,79.21481443313473,78.10143760770927,31.241666666666664,59.775,22.508333333333336,980.0749999999999,475.5,1.075,10.458333333333334,15.75,24.95,3.5,0.0,0.25,743.25,106.0
2025-07-18 11:00:00,0.022765595373659176,78.3919753315452,77.33719706238476,31.875,54.875,21.71666666666667,979.2333333333332,412.0833333333333,1.0583333333333333,8.85,13.5,23.233333333333334,3.4,0.0,0.25,743.25,55.0
2025-07-18 12:00:00,0.02082361765288879,79.61245216791642,78.71236090724749,33.375,50.80833333333334,21.816666666666666,978.3000000000001,598.0833333333334,1.0250000000000001,7.8999999999999995,11.875,20.691666666666666,3.7,0.0,0.25,743.25,52.0
2025-07-18 13:00:00,0.020313950221283083,75.73580765549784,74.93873294711408,33.833333333333336,49.65833333333333,21.875,977.625,334.3333333333333,0.9083333333333333,8.116666666666665,12.466666666666667,22.03333333333333,3.0,0.0,0.25,743.25,42.5
2025-07-18 14:00:00,0.02065717527441514,76.52734475655025,75.71591951040077,34.09166666666667,48.59166666666667,21.71666666666667,977.0416666666666,385.25,0.9833333333333334,7.833333333333333,11.866666666666667,20.966666666666665,3.8,0.0,0.25,743.25,27.0
2025-07-18 15:00:00,0.020749241432007518,75.60002495322279,74.83172125816328,34.75,45.85833333333333,21.391666666666666,976.5416666666666,353.25,0.8916666666666667,7.1499999999999995,10.491666666666667,20.900000000000002,3.5,0.0,0.25,743.25,27.5
2025-07-18 16:00:00,0.023121969013296956,67.31636641599425,66.43905879298087,33.550000000000004,48.949999999999996,21.358333333333334,975.9666666666667,181.0,0.8916666666666666,8.266666666666667,12.225,23.808333333333334,3.6,0.0,0.25,743.25,18.0
2025-07-18 17:00:00,0.03304191228123302,23.844711863425278,23.190437724021663,32.916666666666664,51.958333333333336,21.741666666666664,975.8249999999999,78.91666666666667,0.4583333333333333,9.525,14.575000000000001,26.116666666666664,1.8,0.0,0.25,743.25,21.0
2025-07-18 18:00:00,0.0284903228922084,6.031450294443318,5.859863418657486,32.4,54.7,22.1,976.1,38.0,0.0,14.9,21.2,35.3,0.0,0.0,0.25,743.25,83.0
2025-07-19 06:00:00,0.03797469470876141,2.184316474656467,2.0956487233872663,24.880000000000003,87.52000000000001,22.69,977.6,18.0,0.0,7.32,8.11,11.010000000000002,0.0,0.0,2.25,746.25,73.0
2025-07-19 07:00:00,0.03498052089876901,41.276665632655664,39.78270919825621,25.858333333333334,82.31666666666666,22.633333333333336,978.1750000000001,106.66666666666667,0.3,10.166666666666666,11.291666666666666,15.299999999999999,1.3,0.0,2.25,746.25,90.5
2025-07-19 08:00:00,0.0262725515912802,71.29101561997034,69.81523651817976,27.400000000000002,72.72500000000001,22.083333333333332,978.8916666666668,184.5,0.6,12.016666666666666,13.541666666666666,18.900000000000002,2.2,0.0,2.25,746.25,89.5
2025-07-19 09:00:00,0.02351289137227804,80.24156144546909,78.96675935260139,28.433333333333334,65.59166666666667,21.391666666666666,978.9333333333334,276.4166666666667,0.875,11.658333333333333,15.433333333333332,26.108333333333334,3.1,0.0,2.25,746.25,81.5
2025-07-19 10:00:00,0.024290737121859318,81.94419234803507,80.51657514868648,30.516666666666666,58.925000000000004,21.608333333333334,978.3333333333334,559.75,0.9,9.358333333333333,13.141666666666666,22.175,2.8,0.0,2.25,746.25,215.5
2025-07-19 11:00:00,0.025289330118223943,79.94509689377146,78.41506776935817,32.50833333333333,53.51666666666667,21.866666666666664,977.5749999999999,750.1666666666666,0.9666666666666667,8.575000000000001,12.183333333333335,21.7,3.2,0.0,2.25,746.25,190.5
2025-07-19 12:00:00,0.02622658734443599,77.13395218332155,75.65381261395886,33.233333333333334,51.84166666666667,22.025000000000002,976.6916666666666,471.6666666666667,0.9500000000000001,7.8,11.799999999999999,21.016666666666666,4.3,0.0,2.25,746.25,74.0
2025-07-19 13:00:00,0.0225968925418016,78.68010969865054,77.60220928109355,31.95,56.65833333333333,22.266666666666666,975.8583333333332,319.4166666666667,0.9333333333333335,8.583333333333334,12.633333333333333,21.308333333333334,3.1,0.0,2.25,746.25,168.5
2025-07-19 14:00:00,0.023407552390783678,74.70078164579574,73.7308193293032,30.291666666666668,66.86666666666666,23.28333333333333,975.2666666666668,221.25,1.3416666666666668,9.991666666666667,14.166666666666666,24.53333333333333,5.3,12.0,3.75,747.75,226.0
2025-07-19 15:00:00,0.035525511086207405,50.05511784016286,48.76856777217927,27.291666666666668,82.79166666666667,24.099999999999998,975.225,124.41666666666667,1.0250000000000001,12.258333333333333,13.633333333333333,18.441666666666666,4.0,42.0,14.5,758.5,195.5
2025-07-19 16:00:00,0.039230628773995975,10.67227124241744,10.260148737987928,25.7,94.15833333333335,24.691666666666666,974.7333333333332,50.25,0.7083333333333334,21.633333333333336,24.041666666666668,32.483333333333334,2.1,33.0,16.25,760.25,190.0
2025-07-19 17:00:00,0.04712069307925066,0.7955719134414257,0.7587610690257374,26.25,87.20833333333333,23.96666666666667,974.9833333333332,10.0,0.7916666666666666,17.016666666666666,18.891666666666666,25.525000000000002,4.1,12.0,17.75,761.75,150.0
2025-07-19 18:00:00,0.065181908231137,0.1132419745375231,0.1062910304187601,25.5,91.0,23.9,975.5,3.0,1.1,14.2,15.7,21.2,2.6,24.0,19.5,763.5,42.0
2025-07-20 06:00:00,0.0433114383711278,1.0662206928938411,1.0390339088158622,25.366666666666664,75.33333333333333,20.716666666666665,976.6999999999999,13.583333333333334,0.725,10.0,11.1,15.033333333333333,2.2,0.0,0.0,765.25,104.0
2025-07-20 07:00:00,0.03320591195912152,19.237683263218518,18.686182257402496,25.816666666666666,73.95,20.875,977.4,71.66666666666667,0.6666666666666666,13.941666666666668,15.441666666666668,20.925,1.8,0.0,0.0,765.25,106.5
2025-07-20 08:00:00,0.027114379556154075,66.04977840350874,64.56525979129188,26.84166666666667,70.73333333333333,21.1,977.9499999999999,155.33333333333334,0.7333333333333334,14.041666666666666,16.133333333333333,22.441666666666666,2.3,0.0,0.0,765.25,151.5
2025-07-20 09:00:00,0.022928642883025624,79.98815807027589,78.75605178867697,28.275000000000002,65.93333333333334,21.308333333333334,978.0666666666666,288.6666666666667,0.7833333333333333,12.841666666666667,17.525000000000002,26.483333333333334,2.3,0.0,0.0,765.25,93.0
2025-07-20 10:00:00,0.02350637481433634,81.51106492237538,80.20303257624464,30.058333333333334,59.31666666666666,21.266666666666666,977.7666666666668,389.5833333333333,0.8250000000000001,9.208333333333334,13.200000000000001,23.291666666666668,3.2,0.0,0.0,765.25,97.0
2025-07-20 11:00:00,0.020931971241603686,77.14040793477086,76.0782898539493,30.266666666666666,58.64166666666667,21.266666666666666,977.4,259.9166666666667,0.5833333333333334,9.158333333333333,13.450000000000001,22.516666666666666,2.5,0.0,0.0,765.25,273.5
2025-07-20 12:00:00,0.020409835041928042,80.86107328453026,79.78467522350819,32.09166666666667,54.01666666666667,21.650000000000002,976.5,442.5,0.7166666666666667,10.15,15.908333333333333,32.65833333333333,2.8,0.0,0.0,765.25,307.5
2025-07-20 13:00:00,0.021412936067806893,79.04349677777485,77.8184926706557,32.475,52.416666666666664,21.5,975.7416666666667,370.4166666666667,0.6416666666666666,8.516666666666667,12.208333333333334,20.8,2.1,0.0,0.0,765.25,314.5
2025-07-20 14:00:00,0.021508115636648378,80.4081160815183,79.13495004757489,32.775,52.31666666666666,21.766666666666666,974.8916666666668,461.3333333333333,0.6333333333333333,8.441666666666666,12.116666666666667,19.825,2.1,0.0,0.0,765.25,315.0
2025-07-20 15:00:00,0.020982720215340273,78.24855984527336,77.16945716068152,33.416666666666664,50.416666666666664,21.741666666666664,974.2416666666667,399.3333333333333,0.725,8.816666666666666,13.116666666666667,25.400000000000002,2.1,0.0,0.0,765.25,306.0
2025-07-20 16:00:00,0.020599127810050074,72.73309186922579,71.67574713747878,32.125,53.6,21.55,974.0,218.08333333333334,0.6916666666666665,9.875,15.325000000000001,28.7,2.6,0.0,0.0,765.25,315.0
2025-07-20 17:00:00,0.03696901916695455,23.649368305547227,22.68459376279281,31.03333333333333,57.208333333333336,21.616666666666664,974.225,73.0,0.43333333333333335,12.700000000000001,17.833333333333332,29.175,2.4,0.0,0.0,765.25,298.0
2025-07-20 18:00:00,0.0329516871509388,8.0566527418926,7.681146688276,30.6,58.6,21.6,974.5,45.0,0.0,15.7,22.5,33.2,0.0,0.0,0.0,765.25,314.0
2025-07-21 06:00:00,0.04023230080921034,2.5144106888255764,2.3786155603180177,25.03,84.2,22.18,978.39,19.7,0.22999999999999998,10.559999999999999,11.74,15.87,1.8,0.0,0.25,779.25,127.0
2025-07-21 07:00:00,0.03347417293229924,43.55865088069413,42.08835683305488,25.816666666666666,81.075,22.349999999999998,978.775,115.08333333333333,0.5583333333333332,13.133333333333333,14.583333333333334,19.733333333333334,1.9,0.0,0.25,779.25,90.5
2025-07-21 08:00:00,0.022749743708508283,78.73947863483335,77.46701028112959,27.3,73.38333333333334,22.108333333333334,978.6999999999999,228.75,0.8666666666666667,10.666666666666666,12.016666666666666,16.633333333333333,2.9,0.0,0.25,779.25,87.0
2025-07-21 09:00:00,0.02117809931636939,83.28996108651096,82.12778090859568,28.875,65.7,21.825,978.7999999999998,435.5,1.0250000000000001,8.841666666666667,11.35,17.25,3.4,0.0,0.25,779.25,89.0
2025-07-21 10:00:00,0.022477845781169643,82.04162333875702,80.7228454433489,30.633333333333336,59.46666666666667,21.883333333333336,978.6083333333332,507.1666666666667,0.9333333333333332,8.6,12.525,20.01666666666667,3.4,0.0,0.25,779.25,286.5
2025-07-21 11:00:00,0.022098596054736866,80.8097471012084,79.56231698617647,32.175000000000004,53.125,21.433333333333334,978.0666666666666,523.6666666666666,1.0,8.858333333333333,12.450000000000001,24.008333333333336,3.6,0.0,0.25,779.25,100.0
2025-07-21 12:00:00,0.02088779211167205,79.68753418608945,78.65806805899058,31.974999999999998,53.10833333333333,21.258333333333333,977.5,341.75,0.9833333333333334,8.766666666666667,13.0,22.858333333333334,3.0,0.0,0.25,779.25,79.0
2025-07-21 13:00:00,0.021346485749573874,75.59235308085248,74.58428714659682,31.683333333333334,53.48333333333333,21.116666666666667,977.0416666666666,223.0,0.7833333333333333,10.008333333333333,14.283333333333333,25.883333333333336,2.7,0.0,0.25,779.25,76.0
2025-07-21 14:00:00,0.03884192853804572,32.93709701166649,31.900489019899624,29.84166666666667,62.84166666666667,21.925,976.8583333333332,91.83333333333333,1.1416666666666666,9.633333333333335,13.533333333333333,22.883333333333336,5.4,0.0,0.25,779.25,80.0
2025-07-21 15:00:00,0.022162009833859127,74.78879277166993,73.722001294328,26.925,79.30833333333332,23.075,976.7083333333334,210.33333333333334,1.0583333333333333,7.616666666666667,8.483333333333333,11.533333333333333,3.0,0.0,0.25,779.25,157.0
2025-07-21 16:00:00,0.019724189326101267,73.05503897716854,72.30203082304625,29.291666666666668,69.50833333333334,23.175,976.3166666666666,207.91666666666666,0.46666666666666673,11.858333333333334,16.125,25.366666666666664,2.4,0.0,0.25,779.25,155.0
2025-07-21 17:00:00,0.030459987710424418,33.868255981148565,32.91148729168052,29.150000000000002,69.25833333333334,22.96666666666667,976.5583333333334,97.08333333333333,0.65,14.958333333333334,19.341666666666665,29.958333333333332,1.8,0.0,0.25,779.25,180.0
2025-07-21 18:00:00,0.0373935666071628,9.75742662735702,9.34758317896386,29.4,68.8,23.0,976.9,48.0,0.5,20.6,22.9,31.0,0.7,0.0,0.25,779.25,262.0
2025-07-22 06:00:00,0.046200513516343626,2.0878518163129605,1.997188328505159,25.818181818181817,72.98181818181818,20.645454545454545,978.9545454545455,17.90909090909091,0.38181818181818183,11.354545454545455,12.618181818181819,17.09090909090909,1.6,0.0,0.0,779.25,307.0
2025-07-22 07:00:00,0.0379823819021253,23.36320315460053,22.311048073178814,26.541666666666668,69.85833333333333,20.633333333333333,979.4,79.5,0.7416666666666667,12.541666666666666,13.9,18.808333333333334,2.0,0.0,0.0,779.25,336.5
2025-07-22 08:00:00,0.024640072591332135,73.56424195938449,72.21319382872997,27.75,66.275,20.90833333333333,979.7083333333334,248.08333333333334,0.8833333333333333,14.116666666666667,16.458333333333332,23.825,3.8,0.0,0.0,779.25,313.0
2025-07-22 09:00:00,0.021972190571055275,83.79313442517069,82.50181342505114,29.53333333333333,60.550000000000004,21.116666666666667,980.1583333333333,465.4166666666667,1.2083333333333333,12.533333333333333,17.333333333333332,24.633333333333336,4.2,0.0,0.0,779.25,195.5
2025-07-22 15:00:00,0.02275087993309773,74.85262779970937,73.66880646683315,32.15,54.083333333333336,21.7,976.2833333333333,277.8333333333333,0.8333333333333334,10.183333333333334,13.866666666666667,23.03333333333333,2.3,0.0,0.0,779.25,294.0
2025-07-22 16:00:00,0.0311979330955187,49.99875045896704,48.68264947053367,28.808333333333334,69.13333333333334,22.491666666666664,976.9,123.66666666666667,1.0083333333333333,10.441666666666666,13.950000000000001,22.883333333333336,4.2,0.0,0.0,779.25,291.0
2025-07-22 17:00:00,0.027010954661817507,42.47122713496814,41.59676184933837,27.358333333333334,74.25833333333334,22.366666666666664,977.6416666666668,111.25,0.9333333333333332,8.950000000000001,9.983333333333333,13.566666666666668,3.6,0.0,0.0,779.25,201.5
2025-07-22 18:00:00,0.0416681538078976,10.09757710534548,9.5956910270357,27.8,70.5,22.0,977.9,47.0,0.8,8.5,9.7,13.6,1.6,0.0,0.0,779.25,311.0
2025-07-23 06:00:00,0.04089521342280555,2.758574067204758,2.6575209645097577,26.03333333333333,71.175,20.408333333333335,978.3583333333332,21.75,0.4583333333333333,12.025,13.333333333333334,18.075,1.6,0.0,0.0,779.25,84.5
2025-07-23 07:00:00,0.03683689790113716,37.05381730722481,35.81302752340377,26.458333333333332,70.27499999999999,20.675,978.6083333333332,105.08333333333333,0.7166666666666667,19.183333333333334,21.708333333333332,29.316666666666666,2.4,0.0,0.0,779.25,81.0
2025-07-23 08:00:00,0.020974454497800426,79.08709218251408,78.10248825291899,27.849999999999998,66.06666666666668,20.958333333333332,978.9,235.16666666666666,0.8833333333333333,16.008333333333333,20.641666666666666,29.974999999999998,3.2,0.0,0.0,779.25,124.0
2025-07-23 09:00:00,0.01987609629770695,80.00199518657416,79.1055573547015,29.09166666666667,61.38333333333333,20.966666666666665,978.9333333333334,276.6666666666667,0.9666666666666667,12.566666666666668,17.150000000000002,27.583333333333332,3.2,0.0,0.0,779.25,71.0
2025-07-23 10:00:00,0.019773753955126108,82.34138513638409,81.46294593788893,31.483333333333334,54.925000000000004,21.34166666666667,978.6583333333333,446.5,1.0999999999999999,10.433333333333334,14.683333333333332,23.508333333333336,5.0,0.0,0.0,779.25,226.5
2025-07-23 11:00:00,0.020891692119041124,82.18332432955104,81.11992135208351,32.525,51.38333333333333,21.2,978.1666666666666,603.6666666666666,1.2333333333333334,7.233333333333333,10.700000000000001,19.141666666666666,4.1,0.0,0.0,779.25,266.0
2025-07-23 12:00:00,0.021202179728163486,81.3076484216066,80.23190152803345,32.833333333333336,49.5,20.941666666666666,977.4833333333332,552.5,1.1166666666666667,7.666666666666667,10.458333333333334,17.5,3.0,0.0,0.0,779.25,296.5
2025-07-23 13:00:00,0.021272948982054788,80.17781406148744,79.06126900539242,33.166666666666664,48.43333333333334,20.866666666666667,976.7833333333333,442.75,0.9833333333333334,9.058333333333334,13.275,22.8,2.7,0.0,0.0,779.25,266.5
2025-07-23 14:00:00,0.02199290196661984,79.25974824521431,78.13588804323298,33.31666666666667,46.074999999999996,20.175,975.8249999999999,405.0833333333333,1.2666666666666666,9.541666666666666,14.408333333333333,25.641666666666666,4.4,0.0,0.0,779.25,304.0
2025-07-23 15:00:00,0.020902896086363948,76.21276230612543,75.31849963164986,33.208333333333336,46.574999999999996,20.25,975.2083333333334,246.33333333333334,0.9249999999999999,11.341666666666667,16.358333333333334,29.05,3.2,0.0,0.0,779.25,115.5
2025-07-23 16:00:00,0.022342719098853676,68.96039518706849,67.992376970824,33.05833333333333,47.34166666666667,20.366666666666667,974.9166666666666,182.66666666666666,0.7666666666666666,14.733333333333334,21.099999999999998,33.25833333333333,4.0,0.0,0.0,779.25,294.5
2025-07-23 17:00:00,0.03416554938827687,32.53195077029527,31.56142494918603,31.84166666666667,52.56666666666666,20.95,975.35,91.16666666666667,0.7666666666666666,16.033333333333335,22.866666666666664,39.15833333333333,3.8,0.0,0.0,779.25,299.5
2025-07-23 18:00:00,0.0311309365525906,3.140333788996305,3.0293402755920957,31.1,55.5,21.1,975.8,22.0,0.7,18.3,25.3,44.0,0.7,0.0,0.0,779.25,302.0
2025-07-24 06:00:00,0.054262834947608356,4.851450661514152,4.42654127555653,26.09090909090909,68.36363636363636,19.845454545454547,977.1909090909091,27.636363636363637,0.4636363636363636,9.090909090909092,10.10909090909091,13.672727272727274,2.0,0.0,0.0,779.25,133.0
2025-07-24 07:00:00,0.051556514713247924,34.186883559745475,32.16365393096885,26.883333333333336,65.13333333333334,19.833333333333332,977.5916666666667,100.33333333333333,0.775,12.983333333333334,16.283333333333335,22.650000000000002,2.2,0.0,0.0,779.25,67.5
2025-07-24 08:00:00,0.022146595990246182,75.6963052919367,74.56725912401485,28.233333333333334,61.00833333333333,20.025000000000002,978.0333333333333,208.83333333333334,0.9500000000000001,13.966666666666667,18.941666666666666,29.45,2.8,0.0,0.0,779.25,126.0
2025-07-24 09:00:00,0.019976512174194282,81.6199174245542,80.6898082344111,29.825,56.916666666666664,20.400000000000002,978.35,324.8333333333333,0.9916666666666667,13.316666666666668,19.416666666666668,30.333333333333332,2.7,0.0,0.0,779.25,196.0
2025-07-24 10:00:00,0.020786116719779656,83.76049366077032,82.70701644223776,31.191666666666666,52.90833333333333,20.441666666666666,978.375,504.1666666666667,1.2083333333333333,10.608333333333333,15.266666666666666,25.233333333333334,3.9,0.0,0.0,779.25,134.5
2025-07-24 11:00:00,0.022304224090414534,81.34103941371286,80.05604617243482,33.266666666666666,47.35,20.566666666666666,977.9416666666666,831.25,1.2583333333333333,9.325000000000001,13.708333333333334,22.95,4.2,0.0,0.0,779.25,259.0
2025-07-24 12:00:00,0.022203496347493343,77.79877021578538,76.6304720582026,33.69166666666667,45.75833333333333,20.383333333333333,977.2083333333334,638.75,1.3666666666666665,8.716666666666667,12.533333333333333,22.383333333333336,4.2,0.0,0.0,779.25,114.5
2025-07-24 13:00:00,0.0244701867254036,72.51231581712564,71.19876055866273,32.31666666666667,50.14166666666667,20.633333333333333,976.3333333333334,218.33333333333334,0.9833333333333334,10.741666666666667,15.049999999999999,25.575,3.6,0.0,0.0,779.25,277.0
2025-07-24 14:00:00,0.022007098675688768,75.83356451891494,74.78694246943515,31.55,53.80833333333334,21.091666666666665,975.7083333333334,246.91666666666666,1.1916666666666667,11.375,16.266666666666666,26.933333333333334,4.6,0.0,0.0,779.25,255.5
2025-07-24 15:00:00,0.028329267183990727,61.59438692861492,60.360715786759876,31.333333333333332,55.425000000000004,21.333333333333332,975.4333333333334,172.16666666666666,1.1500000000000001,11.575000000000001,16.633333333333333,27.166666666666668,4.9,0.0,0.0,779.25,254.0
2025-07-24 16:00:00,0.033475219807790675,44.499890227590946,43.507104655693944,30.150000000000002,65.50833333333334,22.991666666666664,975.5833333333334,112.58333333333333,0.7666666666666666,13.775,18.325,30.46666666666667,2.3,0.0,0.0,779.25,32.5
2025-07-24 17:00:00,0.030630738821171972,30.86071329011813,30.1560130418506,29.083333333333332,71.73333333333333,23.46666666666667,976.0333333333333,86.0,0.6333333333333333,14.450000000000001,16.45,22.974999999999998,2.9,0.0,0.0,779.25,224.0
2025-07-24 18:00:00,0.0337038097323634,8.97843120773224,8.68538091994618,28.7,73.2,23.5,976.3,50.0,0.7,14.4,15.9,21.5,0.7,0.0,0.0,779.25,18.0
2025-07-25 06:00:00,0.05712357164742444,6.181176463656585,5.5432594680979195,26.016666666666666,73.71666666666667,21.008333333333333,977.4833333333335,32.666666666666664,0.0,10.033333333333333,11.191666666666668,15.108333333333334,0.0,0.0,0.0,779.5,83.5
2025-07-25 07:00:00,0.04841799122921057,62.17963112738668,58.78413348738178,27.59166666666667,68.0,21.158333333333335,977.9,144.41666666666666,0.35000000000000003,13.725,16.025000000000002,22.141666666666666,1.6,0.0,0.0,779.5,98.5
2025-07-25 08:00:00,0.021774186143335882,79.30152499790915,78.14145148812645,29.241666666666664,62.083333333333336,21.241666666666667,978.2666666666668,245.0,0.6833333333333332,12.583333333333334,16.941666666666666,26.441666666666666,3.0,0.0,0.0,779.5,298.5
2025-07-25 09:00:00,0.02113465175678082,82.54568603162947,81.35749234793195,30.066666666666666,58.24166666666667,20.991666666666667,978.5,415.3333333333333,1.1166666666666667,8.450000000000001,12.325000000000001,22.391666666666666,3.6,0.0,0.0,779.5,290.5
2025-07-25 10:00:00,0.022227400631492925,81.3223072872576,80.0120988329486,31.65833333333333,53.73333333333333,21.166666666666668,978.35,533.0833333333334,1.1833333333333333,8.25,11.725,19.966666666666665,4.0,0.0,0.0,779.5,176.0
2025-07-25 11:00:00,0.023342144562722572,80.31007866930915,78.97689187198364,33.050000000000004,48.76666666666667,20.858333333333334,977.9583333333334,620.9166666666666,1.2666666666666666,7.558333333333334,10.433333333333334,18.308333333333334,3.8,0.0,0.0,779.5,83.5
2025-07-25 12:00:00,0.023015136251650983,78.2548150769574,77.00760069041475,33.36666666666667,47.11666666666667,20.583333333333332,977.3666666666667,497.5,1.3166666666666667,7.541666666666667,11.299999999999999,19.616666666666667,4.4,0.0,0.0,779.5,135.5
2025-07-25 13:00:00,0.022440807362665183,77.18440541697403,76.07471051413128,33.4,46.85,20.51666666666667,976.65,423.25,1.175,9.233333333333333,13.716666666666667,24.09166666666667,4.5,0.0,0.0,779.5,121.5
2025-07-25 14:00:00,0.02745179570069035,65.98677479723149,64.78734206289408,32.75,48.958333333333336,20.658333333333335,976.125,250.83333333333334,1.0916666666666668,11.825000000000001,16.73333333333333,29.03333333333333,4.0,0.0,0.0,779.5,310.0
2025-07-25 15:00:00,0.024814716332205083,73.24496692537592,71.93259623552424,32.949999999999996,48.1,20.541666666666668,975.8000000000001,223.58333333333334,1.05,11.183333333333332,16.591666666666665,28.675,3.6,0.0,0.0,779.5,290.5
2025-07-25 16:00:00,0.031885884883348876,48.564924062110954,47.23429488270741,32.35,48.86666666666667,20.266666666666666,975.6666666666666,125.08333333333333,1.0333333333333334,11.4,17.691666666666666,33.516666666666666,3.9,0.0,0.0,779.5,293.0
2025-07-25 17:00:00,0.031898856285513644,21.61098160828519,21.036809902229326,31.59166666666667,51.0,20.25,975.7833333333333,62.166666666666664,0.9833333333333334,12.700000000000001,19.333333333333332,35.84166666666667,3.6,0.0,0.0,779.5,308.5
2025-07-25 18:00:00,0.0272609674663112,3.712809934314612,3.66686446116746,30.6,53.9,20.2,976.3,27.0,1.2,11.5,15.7,30.7,2.8,0.0,0.0,779.5,299.0
2025-07-26 06:00:00,0.04242821510150951,4.441779743874259,4.29015370463566,26.90909090909091,62.91818181818182,19.254545454545454,978.5,28.818181818181817,1.0181818181818183,10.063636363636364,12.272727272727273,18.636363636363637,3.0,0.0,0.0,779.5,103.0
2025-07-26 07:00:00,0.04449094424951616,30.75652339374695,29.18411539767865,27.45,62.541666666666664,19.708333333333332,979.225,85.08333333333333,0.7833333333333333,13.808333333333332,18.075,30.8,2.5,0.0,0.0,779.5,293.5
2025-07-26 08:00:00,0.025360871909200052,71.71614720816454,70.25364806972195,28.625,60.48333333333333,20.25,979.5916666666667,218.08333333333334,0.6666666666666666,13.008333333333333,18.691666666666666,33.541666666666664,3.2,0.0,0.0,779.5,258.0
2025-07-26 09:00:00,0.022102548533737536,81.95346746212016,80.69192429870729,30.441666666666666,55.38333333333333,20.508333333333333,979.9499999999999,410.25,0.9,12.758333333333333,18.683333333333334,29.958333333333332,4.0,0.0,0.0,779.5,311.5
2025-07-26 10:00:00,0.023349514259452826,81.49547887537247,80.06865770348828,31.849999999999998,51.24166666666667,20.583333333333332,979.7333333333332,572.9166666666666,1.2249999999999999,11.358333333333334,16.466666666666665,29.083333333333332,4.8,0.0,0.0,779.5,222.5
2025-07-26 11:00:00,0.021001353443944215,82.30668349740935,81.13497821594676,32.541666666666664,48.916666666666664,20.425,979.225,561.8333333333334,1.3166666666666667,8.475,12.516666666666666,24.416666666666668,3.8,0.0,0.0,779.5,306.5
2025-07-26 12:00:00,0.020496769500860674,80.5217803723372,79.39507837337725,33.041666666666664,47.916666666666664,20.575,978.6833333333334,533.0,1.2416666666666667,9.441666666666666,13.5,24.65833333333333,4.1,0.0,0.0,779.5,303.5
2025-07-26 13:00:00,0.019809950097181016,79.88098620556052,78.80627766152072,32.78333333333333,48.225,20.40833333333333,978.1999999999999,368.3333333333333,1.2333333333333334,9.616666666666667,13.491666666666667,25.53333333333333,5.1,0.0,0.0,779.5,314.5
2025-07-26 14:00:00,0.021949356510194463,77.50886795306586,76.28294289302393,32.93333333333333,48.375,20.616666666666667,977.3249999999999,375.0,0.9750000000000001,10.549999999999999,15.0,27.150000000000002,3.4,0.0,0.0,779.5,304.0
2025-07-26 15:00:00,0.031022083736271366,56.652020037942385,55.076380643861434,32.083333333333336,50.64166666666667,20.575,976.9666666666667,155.91666666666666,0.8666666666666667,15.325000000000001,23.666666666666668,49.875,4.1,0.0,0.0,779.5,301.5
2025-07-26 16:00:00,0.028660200303115942,53.72601664456164,52.690599324016624,32.68333333333333,49.875,20.883333333333333,976.8166666666666,138.83333333333334,0.65,19.76666666666667,31.933333333333334,70.28333333333333,2.4,0.0,0.0,779.5,315.5
2025-07-26 17:00:00,0.03534380235838836,5.448686396822673,5.242725867731441,30.433333333333334,55.800000000000004,20.558333333333334,977.9666666666667,27.416666666666668,1.4000000000000001,12.825000000000001,18.716666666666665,35.93333333333333,4.0,0.0,0.0,779.5,311.0
2025-07-26 18:00:00,0.0294935450681528,6.125150154116136,6.0172975330810194,27.4,75.0,22.6,978.5,30.0,0.9,9.7,11.5,16.4,2.5,0.0,0.0,779.5,89.0
2025-07-27 06:00:00,0.047542300455752626,0.8423240229606934,0.7553239862411527,26.380000000000003,66.12,19.580000000000002,980.65,11.4,0.86,9.16,10.17,13.76,2.3,0.0,0.0,779.75,90.0
2025-07-27 07:00:00,0.036577642800451,6.520803603880389,6.192260902322907,26.633333333333336,64.55,19.441666666666666,981.1999999999999,39.25,0.8916666666666666,10.65,12.716666666666667,18.474999999999998,3.3,0.0,0.0,779.75,106.0
2025-07-27 08:00:00,0.046036222252279206,29.89957649698343,28.04703260369509,27.083333333333332,62.73333333333333,19.391666666666666,981.75,87.91666666666667,0.9333333333333332,10.825000000000001,15.033333333333333,25.008333333333336,4.5,0.0,0.0,779.75,87.0
2025-07-27 09:00:00,0.044002580838484746,30.74217694737796,29.14731072551139,27.316666666666666,62.1,19.45,981.8833333333333,89.58333333333333,0.9833333333333334,10.65,14.875,22.883333333333336,3.2,0.0,0.0,779.75,111.5
2025-07-27 10:00:00,0.028137606660120565,67.3236320198274,65.54708290886425,28.083333333333332,60.64166666666667,19.825,981.725,151.58333333333334,0.9249999999999999,11.025,15.591666666666667,22.141666666666666,2.8,0.0,0.0,779.75,309.0
2025-07-27 11:00:00,0.022697474436030027,79.46612446802457,78.23112398594952,29.058333333333334,59.166666666666664,20.283333333333335,981.1916666666666,272.1666666666667,1.0416666666666667,11.141666666666666,15.541666666666666,25.575,3.3,0.0,0.0,779.75,306.0
2025-07-27 12:00:00,0.024900427817191133,76.41114926100893,74.87317768715036,29.84166666666667,57.05833333333334,20.433333333333334,980.4250000000001,219.91666666666666,0.8500000000000001,11.716666666666667,16.108333333333334,23.983333333333334,2.4,0.0,0.0,779.75,320.0
2025-07-27 13:00:00,0.021565534619588125,80.00168266464641,78.84580481514332,30.391666666666666,56.25833333333333,20.724999999999998,979.4583333333334,285.0,0.8166666666666668,12.483333333333334,17.516666666666666,26.825,3.9,0.0,0.0,779.75,319.0
2025-07-27 14:00:00,0.020622487900806827,81.03048704835794,79.95033377226802,32.225,47.949999999999996,19.841666666666665,978.5666666666666,439.4166666666667,1.1666666666666667,10.583333333333334,15.049999999999999,24.2,3.8,0.0,0.0,779.75,308.5
2025-07-27 15:00:00,0.020723780246204616,78.6806947771957,77.66761746117203,32.775,46.800000000000004,19.933333333333334,977.8916666666668,359.5833333333333,1.1333333333333333,9.283333333333333,13.108333333333334,20.333333333333332,3.5,0.0,0.0,779.75,296.0
2025-07-27 16:00:00,0.0207515237218633,69.00321951650163,68.15942731978876,32.24166666666667,48.324999999999996,19.958333333333332,977.6833333333334,207.16666666666666,0.9583333333333334,9.266666666666667,13.325000000000001,24.291666666666668,3.1,0.0,0.0,779.75,311.5
2025-07-27 17:00:00,0.03985351571612965,27.814181379928883,26.793342009447063,31.474999999999998,49.36666666666667,19.599999999999998,978.25,85.08333333333333,0.9,8.075000000000001,11.541666666666666,20.724999999999998,3.0,0.0,0.0,779.75,317.0
2025-07-27 18:00:00,0.0429252567672948,6.613671014917781,6.267033575961969,30.8,50.8,19.4,978.8,37.0,0.8,10.5,15.0,26.0,1.5,0.0,0.0,779.75,295.0
2025-07-28 06:00:00,0.11443078395941302,8.48345747378387,5.880437917621854,25.15833333333333,66.97500000000001,18.633333333333333,980.9583333333334,30.916666666666668,0.7416666666666667,13.683333333333332,15.208333333333334,20.566666666666666,2.5,0.0,0.0,779.75,96.5
2025-07-28 07:00:00,0.17144404219671364,72.69688596142,55.03641833731947,27.183333333333334,60.875,18.991666666666667,981.375,91.66666666666667,0.8833333333333333,15.775,20.958333333333332,31.766666666666666,3.1,0.0,0.0,779.75,99.5
2025-07-28 08:00:00,0.019985081484100584,83.7917602103209,82.76070251829194,29.133333333333336,55.425000000000004,19.283333333333335,981.625,359.5,1.0,13.799999999999999,20.158333333333335,35.21666666666667,3.3,0.0,0.0,779.75,138.5
2025-07-28 09:00:00,0.022586962839433098,82.22751663067811,80.82992986961196,30.724999999999998,51.791666666666664,19.691666666666666,981.3833333333333,603.6666666666666,1.175,10.275,14.266666666666666,23.625,5.5,0.0,0.0,779.75,94.0
2025-07-28 10:00:00,0.023044675579371,78.48909689701377,77.11399976641255,31.90833333333333,49.90833333333333,20.2,981.1500000000001,480.0833333333333,1.1416666666666668,7.95,11.541666666666666,19.308333333333334,3.7,0.0,0.0,779.75,47.5
2025-07-28 11:00:00,0.02129746263636305,80.90140310981222,79.79446773973015,32.425000000000004,48.699999999999996,20.241666666666667,980.8583333333332,446.75,1.075,6.558333333333334,9.55,18.625,3.2,0.0,0.0,779.75,73.5
2025-07-28 12:00:00,0.026768046944668392,72.06734738095084,70.55887611744097,32.208333333333336,49.291666666666664,20.25,980.3416666666667,245.25,1.0083333333333333,5.5249999999999995,7.958333333333333,14.275,3.0,0.0,0.0,779.75,148.5
2025-07-28 13:00:00,0.025954866553672924,72.69819481694059,71.42548566561555,32.13333333333333,49.36666666666667,20.183333333333334,979.7083333333334,437.5833333333333,1.3583333333333334,5.741666666666667,8.166666666666666,14.558333333333335,5.6,0.0,0.0,779.75,86.0
2025-07-28 14:00:00,0.021872622648670834,75.65342348180198,74.63376835321937,33.65833333333333,44.86666666666667,20.05,978.8166666666666,373.5833333333333,0.9916666666666667,5.266666666666667,7.608333333333333,16.341666666666665,3.1,0.0,0.0,779.75,107.0
2025-07-28 15:00:00,0.02303828728399326,75.0505793598141,73.88508918467441,33.016666666666666,47.14166666666667,20.266666666666666,978.0833333333334,257.8333333333333,0.9416666666666668,9.983333333333333,14.658333333333333,28.05,2.9,0.0,0.0,779.75,299.0
2025-07-28 16:00:00,0.03610495550997817,51.760815885168604,50.10415588223726,32.925000000000004,46.824999999999996,20.083333333333332,978.0333333333333,139.41666666666666,0.8583333333333334,10.983333333333334,15.916666666666666,29.308333333333334,3.4,0.0,0.0,779.75,35.0
2025-07-28 17:00:00,0.04428232842080946,19.80476563490839,18.772013124755357,32.016666666666666,48.025,19.683333333333334,978.75,66.0,1.1833333333333333,7.341666666666666,10.799999999999999,18.599999999999998,4.1,0.0,0.0,779.75,66.5
2025-07-28 18:00:00,0.0425428797303294,1.834127233497664,1.736328574468865,31.4,48.8,19.3,979.3,17.0,0.8,6.7,8.9,19.7,1.8,0.0,0.0,779.75,156.0
2025-07-29 06:00:00,0.11918156746325488,7.986312546936226,5.1705224992386905,25.516666666666666,66.27499999999999,18.808333333333334,981.1750000000001,29.5,0.8250000000000001,13.216666666666667,14.641666666666666,19.808333333333334,2.3,0.0,0.0,779.75,137.5
2025-07-29 07:00:00,0.18377657099582725,72.7110563423738,54.34715966339345,27.40833333333333,61.39166666666667,19.341666666666665,981.525,92.0,0.9833333333333334,12.891666666666666,15.941666666666668,25.583333333333332,3.5,0.0,0.0,779.75,119.5
2025-07-29 08:00:00,0.022603006469270773,84.26756938221503,83.0757431201277,28.925,57.34166666666667,19.683333333333334,981.6999999999999,361.6666666666667,1.275,12.366666666666667,18.150000000000002,32.949999999999996,4.1,0.0,0.0,779.75,102.5
2025-07-29 09:00:00,0.025025612312749936,83.32343535396114,81.78160937181408,30.875,51.949999999999996,19.883333333333333,981.5166666666668,641.75,1.2916666666666667,9.508333333333333,13.291666666666666,22.116666666666664,3.7,0.0,0.0,779.75,70.0
2025-07-29 10:00:00,0.026447604012931048,80.54504001458947,78.89924794686156,32.43333333333333,46.949999999999996,19.7,981.1999999999999,599.0,1.3833333333333335,8.041666666666666,11.933333333333332,21.575,4.1,0.0,0.0,779.75,102.5
2025-07-29 11:00:00,0.025546597052071116,81.11478831168279,79.64962790090131,33.19166666666667,44.85,19.625,980.5666666666666,594.0833333333334,1.3416666666666668,7.75,11.658333333333333,20.474999999999998,4.1,0.0,0.0,779.75,67.0
2025-07-29 12:00:00,0.024351149039183423,80.59559399606216,79.35253607987914,33.733333333333334,43.85833333333333,19.75,980.025,629.6666666666666,1.3666666666666665,7.441666666666666,10.766666666666666,19.016666666666666,4.7,0.0,0.0,779.75,86.5
2025-07-29 13:00:00,0.023354629817485317,79.2932956914863,78.14700824580572,34.425000000000004,42.38333333333333,19.833333333333332,979.0916666666667,620.25,1.3833333333333335,7.216666666666666,10.841666666666667,20.708333333333332,4.3,0.0,0.0,779.75,137.5
2025-07-29 14:00:00,0.019772535235605643,79.48586082048932,78.6978804581707,34.71666666666667,41.975,19.941666666666666,978.3666666666667,525.9166666666666,1.2166666666666666,7.041666666666667,10.483333333333333,18.958333333333332,4.4,0.0,0.0,779.75,120.0
2025-07-29 15:00:00,0.02049851110041815,76.85456292796083,76.05894419902418,34.733333333333334,41.90833333333333,19.941666666666666,977.9666666666667,383.9166666666667,1.0,8.608333333333333,13.183333333333332,28.041666666666668,3.7,0.0,0.0,779.75,114.0
2025-07-29 16:00:00,0.02689201523290305,64.45970322302459,63.16826811152563,33.84166666666667,44.36666666666667,20.033333333333335,977.9416666666666,176.16666666666666,0.9083333333333333,8.391666666666667,12.458333333333334,23.933333333333334,3.1,0.0,0.0,779.75,326.0
2025-07-29 17:00:00,0.04163066391568475,16.417964050428733,15.654763100301338,33.208333333333336,45.4,19.841666666666665,978.4166666666666,56.5,0.75,10.6,15.791666666666666,26.333333333333332,2.9,0.0,0.0,779.75,232.0
2025-07-29 18:00:00,0.0370313065879183,2.77205708548199,2.655717288551712,32.7,46.2,19.7,978.8,22.0,0.7,12.6,18.9,30.9,1.6,0.0,0.0,779.75,26.0
2025-07-30 06:00:00,0.10329559973189158,8.3059663018278,6.176611968485678,25.78333333333333,70.52499999999999,20.041666666666668,980.8833333333333,33.333333333333336,0.44166666666666665,12.958333333333334,14.408333333333333,19.458333333333332,1.6,0.0,0.0,779.75,189.0
2025-07-30 07:00:00,0.1523973238893683,69.98088940933901,55.02861193108859,27.541666666666668,64.8,20.316666666666666,981.2666666666668,103.0,0.7416666666666667,15.708333333333334,19.23333333333333,27.191666666666666,2.7,0.0,0.0,779.75,206.0
2025-07-30 08:00:00,0.020283090291256457,83.48263002860809,82.50499064011355,29.28333333333333,58.458333333333336,20.291666666666668,981.275,353.25,1.1500000000000001,14.583333333333334,20.791666666666668,40.81666666666666,3.3,0.0,0.0,779.75,97.5
2025-07-30 09:00:00,0.022001182617514842,82.1113573239402,80.85495772513053,31.016666666666666,53.09166666666667,20.349999999999998,981.2416666666667,604.75,1.2750000000000001,10.966666666666667,16.2,29.90833333333333,4.0,0.0,0.0,779.75,125.5
2025-07-30 10:00:00,0.02419223470784165,81.57227861737876,80.11481527699777,33.074999999999996,46.125,19.966666666666665,980.7833333333333,766.3333333333334,1.4083333333333332,8.483333333333333,12.9,23.266666666666666,4.6,0.0,0.0,779.75,124.0
2025-07-30 11:00:00,0.022691353014302595,79.66774602606895,78.44188729106713,34.875,41.766666666666666,20.0,980.0166666666668,826.6666666666666,1.2916666666666667,8.208333333333334,12.275,23.46666666666667,3.9,0.0,0.0,779.75,196.5
2025-07-30 12:00:00,0.021722446763462192,76.87505614191402,75.82666921240896,35.78333333333334,39.03333333333333,19.733333333333334,979.3000000000001,746.6666666666666,1.3666666666666665,8.016666666666667,12.549999999999999,24.491666666666664,3.8,0.0,0.0,779.75,254.5
2025-07-30 13:00:00,0.021895677301556605,78.79869750957467,77.72987428086243,35.358333333333334,40.36666666666667,19.891666666666666,978.8083333333334,506.0833333333333,1.125,9.091666666666667,14.066666666666668,27.191666666666666,3.5,0.0,0.0,779.75,220.5
2025-07-30 14:00:00,0.020173461057720932,79.36414447691152,78.58526318705903,35.75,39.358333333333334,19.816666666666666,978.3249999999999,525.75,1.0166666666666666,8.958333333333334,12.674999999999999,21.53333333333333,3.4,0.0,0.0,779.75,97.5
2025-07-30 15:00:00,0.020044948140423124,76.15514765189458,75.50109381526006,36.24166666666667,37.99166666666667,19.7,977.8666666666667,477.1666666666667,0.9833333333333334,9.950000000000001,14.408333333333333,28.75,3.3,0.0,0.0,779.75,220.5
2025-07-30 16:00:00,0.02583698374400985,61.350536170878996,60.18178577722267,34.725,41.34166666666667,19.708333333333332,977.725,178.75,0.8083333333333335,9.716666666666667,14.591666666666667,24.858333333333334,2.7,0.0,0.0,779.75,327.0
2025-07-30 17:00:00,0.040624782195847996,23.79748743930283,22.79189276595497,33.81666666666666,43.44166666666666,19.691666666666666,978.0416666666666,80.0,0.7416666666666667,12.883333333333333,19.491666666666667,34.525,2.2,0.0,0.0,779.75,311.5
2025-07-30 18:00:00,0.0335051894479001,4.380220848355968,4.22143242036297,33.2,45.1,19.7,978.5,29.0,0.7,14.3,23.2,42.1,1.6,0.0,0.0,779.75,300.0
2025-07-31 06:00:00,0.06494143821890935,7.453947563262701,6.5749490792527014,26.754545454545454,67.57272727272726,20.272727272727273,980.7727272727273,36.81818181818182,0.881818181818182,15.618181818181819,17.327272727272728,23.44545454545454,3.0,0.0,0.0,779.75,88.0
2025-07-31 07:00:00,0.06993979715824751,58.469688645754424,53.508691777221486,27.741666666666664,65.00833333333334,20.591666666666665,981.375,125.5,0.9333333333333335,16.3,20.041666666666668,31.075,2.8,0.0,0.0,779.75,93.5
2025-07-31 08:00:00,0.020175297040238134,80.19880717086505,79.25656369308578,29.474999999999998,59.73333333333333,20.866666666666667,981.7083333333334,259.0833333333333,1.075,14.883333333333333,22.358333333333334,36.233333333333334,3.4,0.0,0.0,779.75,138.5
2025-07-31 09:00:00,0.019692116309445083,81.64789325093149,80.7305839665001,31.183333333333334,55.43333333333334,21.216666666666665,981.7416666666667,445.6666666666667,1.0416666666666667,14.158333333333333,20.708333333333332,35.05833333333333,3.1,0.0,0.0,779.75,210.0
2025-07-31 10:00:00,0.02178678570061612,81.23695908043898,80.09049818724799,33.175000000000004,49.35,21.150000000000002,981.2333333333332,689.75,1.1666666666666667,12.108333333333334,17.425,28.933333333333334,3.8,0.0,0.0,779.75,175.0
2025-07-31 11:00:00,0.020738701821406132,78.82512140867935,77.86586308175502,34.65833333333334,44.208333333333336,20.75,980.5,693.1666666666666,1.2833333333333334,11.275,15.816666666666668,29.583333333333332,4.2,0.0,0.0,779.75,90.0
2025-07-31 12:00:00,0.018845830023163857,79.35726169928488,78.64697573312192,35.69166666666667,41.90833333333333,20.791666666666668,979.8083333333334,705.25,1.0666666666666667,11.633333333333333,17.258333333333333,34.225,3.2,0.0,0.0,779.75,149.0
2025-07-31 13:00:00,0.01874446300461936,78.29376501401597,77.59865259674383,35.21666666666667,41.641666666666666,20.241666666666667,979.225,478.6666666666667,1.1333333333333333,11.0,16.55,32.858333333333334,3.6,0.0,0.0,779.75,194.5
2025-07-31 14:00:00,0.0183786577901429,76.92295406042699,76.33183543152043,35.86666666666667,40.483333333333334,20.358333333333334,978.7333333333332,541.6666666666666,1.1583333333333334,9.558333333333332,14.049999999999999,27.2,3.3,0.0,0.0,779.75,265.5
2025-07-31 15:00:00,0.019686868685053732,74.79204778755,74.1248720562571,35.641666666666666,41.516666666666666,20.566666666666666,978.275,370.25,1.0,10.391666666666667,15.525,30.108333333333334,4.5,0.0,0.0,779.75,268.0
2025-07-31 16:00:00,0.02897258619848399,56.09710033712377,54.77764997889833,34.46666666666667,46.05833333333334,21.175,978.1916666666666,147.83333333333334,0.7999999999999999,12.066666666666668,17.7,30.916666666666668,2.7,0.0,0.0,779.75,278.0
2025-07-31 17:00:00,0.0422383579390904,19.592845308377225,18.610886961421187,33.725,49.1,21.55,978.5583333333334,67.83333333333333,0.7416666666666667,14.508333333333333,20.8,35.81666666666667,1.6,0.0,0.0,779.75,204.0
2025-07-31 18:00:00,0.0298704548324282,7.304126761210581,7.147308401163409,32.2,58.6,23.1,978.9,41.0,0.7,17.1,24.7,45.8,0.9,0.0,0.0,779.75,257.0
2025-08-01 06:00:00,0.0658631303916012,7.087238647495715,6.230461674284271,26.727272727272727,70.85454545454546,21.036363636363635,980.9090909090909,36.18181818181818,0.19999999999999998,22.59090909090909,25.09090909090909,33.90909090909091,1.4,0.0,0.0,779.75,91.0
2025-08-01 07:00:00,0.08284414457655219,67.16908066458008,59.92894919974818,28.258333333333336,64.71666666666667,20.991666666666667,981.4583333333334,131.08333333333334,0.7916666666666666,24.691666666666666,31.25,50.69166666666666,2.2,0.0,0.0,779.75,86.5
2025-08-01 08:00:00,0.020250416055595924,82.57123414395431,81.6289763185453,30.166666666666668,57.64166666666667,20.908333333333335,981.5583333333334,360.0,0.9,18.758333333333333,27.741666666666664,47.89166666666667,2.9,0.0,0.0,779.75,164.0
2025-08-01 09:00:00,0.018527818724468983,81.94311785040378,81.19552999108774,31.741666666666664,53.050000000000004,21.025000000000002,981.4,552.4166666666666,1.05,16.758333333333333,25.683333333333334,46.84166666666667,2.9,0.0,0.0,779.75,170.0
2025-08-01 10:00:00,0.02004134265480329,80.06125221031563,79.15417604932887,33.449999999999996,48.59166666666667,21.133333333333336,980.9916666666667,738.0,1.1333333333333333,16.533333333333335,24.391666666666666,42.80833333333334,3.7,0.0,0.0,779.75,193.0
2025-08-01 11:00:00,0.0204746840107369,79.09809738186642,78.20338984275855,34.891666666666666,44.75,21.116666666666667,980.2583333333333,814.9166666666666,1.175,14.716666666666667,22.241666666666664,38.949999999999996,4.0,0.0,0.0,779.75,234.0
2025-08-01 12:00:00,0.02160578537823625,74.74843883996078,73.81370578820824,36.0,41.125,20.733333333333334,979.4,649.5,0.9916666666666667,13.041666666666666,19.708333333333332,41.13333333333333,3.5,0.0,0.0,779.75,149.0
2025-08-01 13:00:00,0.020969122930696873,75.36141969513153,74.53542105773843,36.69166666666667,38.4,20.208333333333332,978.6166666666667,574.9166666666666,0.8666666666666667,12.141666666666666,19.433333333333334,39.99166666666667,2.2,0.0,0.0,779.75,142.5
2025-08-01 14:00:00,0.01977516706301495,76.6157571441137,75.95446605935685,36.44166666666667,39.0,20.275000000000002,977.8833333333333,432.25,0.9500000000000001,12.116666666666667,18.8,36.59166666666667,3.5,0.0,0.0,779.75,326.5
2025-08-01 15:00:00,0.036382869272155394,57.883407227034496,55.916199174891716,35.525,40.291666666666664,19.983333333333334,977.5166666666668,164.41666666666666,0.8666666666666667,14.366666666666667,23.2,47.01666666666667,4.0,0.0,0.0,779.75,17.0
2025-08-01 16:00:00,0.029378782765980254,57.88088480981707,56.47608543369103,33.69166666666667,49.86666666666667,21.78333333333333,977.3416666666667,148.25,0.3333333333333333,16.333333333333332,25.316666666666666,50.11666666666667,2.2,0.0,0.0,779.75,196.0
2025-08-01 17:00:00,0.041244165830374345,25.362639504078846,24.09502964404882,34.51666666666667,43.85,20.45,977.4916666666667,86.75,0.7833333333333333,17.041666666666668,25.833333333333332,47.833333333333336,3.3,0.0,0.0,779.75,279.0
2025-08-01 18:00:00,0.0356682095553452,7.111817796592081,6.855228225476051,34.4,42.3,19.8,977.8,47.0,0.8,17.6,26.3,51.9,2.0,0.0,0.0,779.75,23.0
2025-08-02 06:00:00,0.05130293029778596,4.285843425589115,3.989618810881599,26.70909090909091,73.85454545454546,21.69090909090909,980.3454545454545,28.0,0.06363636363636363,23.236363636363635,25.781818181818185,34.86363636363637,1.3,0.0,0.0,779.75,112.0
2025-08-02 07:00:00,0.04740826720081572,45.34112873302416,42.82471952117803,27.958333333333332,67.2,21.316666666666666,980.4166666666666,113.08333333333333,0.3916666666666666,23.599999999999998,27.075,39.61666666666667,1.1,0.0,0.0,779.75,152.0
2025-08-02 08:00:00,0.020465851411150527,80.92596431753739,80.00500529059369,30.400000000000002,58.74166666666667,21.416666666666668,981.0166666666668,324.75,0.7666666666666666,19.974999999999998,29.849999999999998,51.75833333333333,2.1,0.0,0.0,779.75,110.5
2025-08-02 09:00:00,0.021183098527369066,80.9104024163817,79.902215193029,31.825,53.51666666666667,21.25,981.1999999999999,434.0,0.8083333333333335,15.483333333333334,23.766666666666666,44.30833333333334,2.3,0.0,0.0,779.75,108.0
2025-08-02 10:00:00,0.02005059766797175,80.91893701946286,80.0598383557909,32.30833333333333,52.94166666666666,21.491666666666664,980.9833333333332,547.0833333333334,1.0166666666666666,15.591666666666667,23.825,44.074999999999996,4.0,0.0,0.0,779.75,202.5
2025-08-02 11:00:00,0.020541180445224943,78.16700938869577,77.34404801195159,34.108333333333334,48.30833333333334,21.666666666666668,980.5,824.5833333333334,0.9916666666666667,14.725,21.625,42.15,3.0,0.0,0.0,779.75,152.5
2025-08-02 12:00:00,0.020414890065926224,76.9882503115369,76.10085714281816,34.65833333333333,45.99166666666667,21.366666666666664,979.7083333333334,583.9166666666666,0.8583333333333334,13.441666666666668,19.883333333333333,35.641666666666666,3.2,0.0,0.0,779.75,48.5
2025-08-02 13:00:00,0.019187457462201726,77.0642205445869,76.38489767104124,35.975,41.69166666666667,20.941666666666666,978.8249999999999,724.25,0.7416666666666667,11.35,17.383333333333333,32.38333333333333,2.7,0.0,0.0,779.75,45.0
2025-08-02 14:00:00,0.022763625898893466,67.97475352667787,67.01209254308033,35.63333333333333,42.583333333333336,20.916666666666668,977.9083333333333,300.0,0.44999999999999996,11.066666666666668,17.3,33.675000000000004,2.3,0.0,0.0,779.75,143.0
2025-08-02 15:00:00,0.01784179646018842,82.98355323234715,82.45801570073242,32.291666666666664,56.64166666666667,22.566666666666666,977.4666666666667,372.1666666666667,1.3583333333333334,12.549999999999999,18.675,35.61666666666667,4.3,0.0,0.0,779.75,343.5
2025-08-02 16:00:00,0.02247959465526367,61.60518796827322,60.77026445462679,33.88333333333333,48.59166666666667,21.508333333333336,976.9916666666667,169.25,0.13333333333333333,12.958333333333334,19.391666666666666,35.53333333333333,1.2,0.0,0.0,779.75,46.0
2025-08-02 17:00:00,0.03780708742298184,17.660395520406027,16.98883370080161,33.975,46.074999999999996,20.775000000000002,977.0333333333333,67.41666666666667,0.17500000000000002,14.0,20.583333333333332,38.199999999999996,1.8,0.0,0.0,779.75,183.5
2025-08-02 18:00:00,0.0463110416059344,2.18926096480196,2.057321976105096,33.5,47.0,20.7,977.3,17.0,0.0,19.6,29.0,44.0,0.0,0.0,0.0,779.75,111.0
2025-08-03 06:00:00,0.07203345218867982,9.238942399046808,7.867014349217337,25.09090909090909,93.47272727272728,23.99090909090909,980.9272727272728,40.0,0.7181818181818183,16.163636363636364,17.963636363636365,24.263636363636362,2.7,0.0,5.5,785.5,169.0
2025-08-03 07:00:00,0.09220996465881552,39.25524330035802,33.831207919068916,26.099999999999998,86.21666666666665,23.658333333333335,981.4250000000001,95.5,0.7666666666666666,12.825000000000001,14.208333333333334,19.258333333333333,2.3,0.0,5.5,785.5,183.5
2025-08-03 08:00:00,0.018635854096492217,81.089300794182,80.32409674161141,28.416666666666668,76.04166666666667,23.791666666666668,982.35,322.25,0.8333333333333334,12.508333333333333,13.9,18.783333333333335,2.8,0.0,5.5,785.5,140.0
2025-08-03 09:00:00,0.019296298345469733,81.73013754208475,80.77342514480071,30.59166666666667,66.10000000000001,23.55,982.0083333333333,556.75,0.8333333333333334,11.916666666666666,16.8,26.608333333333334,2.8,0.0,5.5,785.5,94.0
2025-08-03 10:00:00,0.020563951342262375,79.26172912737549,78.25746578141757,32.30833333333333,60.65,23.724999999999998,981.775,472.25,0.7916666666666666,13.783333333333333,19.991666666666667,37.93333333333333,3.6,0.0,5.5,785.5,267.0
2025-08-03 11:00:00,0.019693250146009766,78.77648481133737,77.98001397849329,32.68333333333333,56.63333333333333,22.925,981.4250000000001,374.75,0.8166666666666668,11.833333333333334,17.2,35.050000000000004,3.6,0.0,5.5,785.5,188.0
2025-08-03 12:00:00,0.021213665981334173,79.3606469471301,78.37159094015763,33.00833333333333,58.50833333333333,23.816666666666666,980.4166666666666,489.5,0.65,16.566666666666666,24.133333333333336,45.958333333333336,2.4,0.0,5.5,785.5,303.5
2025-08-03 13:00:00,0.02059300378360601,77.81434882195016,76.94792689517597,34.291666666666664,52.725,23.258333333333336,979.475,553.25,0.5666666666666667,11.416666666666666,16.616666666666667,28.416666666666668,2.2,0.0,5.5,785.5,307.5
2025-08-03 14:00:00,0.021305205651778274,72.07497419974608,71.13436528822905,33.108333333333334,56.375,23.275000000000002,978.6083333333332,189.0,0.14166666666666666,10.741666666666667,15.25,24.65833333333333,1.6,0.0,5.5,785.5,310.5
2025-08-03 15:00:00,0.03793956155658131,27.690159756330484,26.608804754860582,32.333333333333336,60.75,23.8,978.5166666666668,75.41666666666667,0.15833333333333333,13.183333333333332,17.891666666666666,30.191666666666666,1.8,0.0,5.5,785.5,101.5
2025-08-03 16:00:00,0.04427564245673618,18.950042875427204,17.86282828993669,31.59166666666667,64.25833333333334,24.03333333333333,978.6333333333333,65.08333333333333,0.0,16.708333333333332,22.983333333333334,36.68333333333333,0.0,0.0,5.5,785.5,44.0
2025-08-03 17:00:00,0.04724134738938703,9.13989840936332,8.698691233929937,29.25,74.0,24.03333333333333,979.2666666666668,31.333333333333332,1.6833333333333333,24.175,29.191666666666666,42.49166666666667,6.3,6.0,6.25,786.25,119.5
2025-08-03 18:00:00,0.044228828102779,1.349394143370896,1.274930653081554,25.9,92.7,24.6,979.8,19.0,0.9,31.9,35.4,47.8,2.2,9.0,6.5,786.5,159.0
2025-08-04 06:00:00,0.0554476663274289,3.9655466863755766,3.6442105332434216,26.083333333333332,81.5,22.691666666666666,981.225,26.166666666666668,0.7833333333333333,19.208333333333332,21.34166666666667,28.816666666666666,2.2,0.0,0.0,787.5,98.0
2025-08-04 07:00:00,0.04019541448228248,34.339416253316465,32.68573888646272,26.916666666666668,78.10833333333333,22.816666666666666,981.9,102.58333333333333,0.5166666666666667,19.03333333333333,21.125,28.583333333333332,2.6,0.0,0.0,787.5,107.0
2025-08-04 08:00:00,0.020252979739204667,77.68648034692801,76.76937233366303,29.041666666666668,69.61666666666666,22.941666666666666,982.3166666666666,311.1666666666667,0.6749999999999999,16.883333333333333,19.891666666666666,26.808333333333334,2.4,0.0,0.0,787.5,121.0
2025-08-04 09:00:00,0.01835765140556455,80.43922523330276,79.67618579457,31.541666666666668,60.775,23.05,982.3333333333334,583.8333333333334,0.7916666666666666,10.733333333333334,14.299999999999999,19.95,2.3,0.0,0.0,787.5,104.0
2025-08-04 10:00:00,0.018161973315097377,79.51832303018394,78.79586400622883,32.666666666666664,56.80833333333334,23.008333333333336,981.9333333333334,767.1666666666666,1.0,11.450000000000001,16.175,27.633333333333336,3.1,0.0,0.0,787.5,195.5
2025-08-04 11:00:00,0.019592571019827244,77.17974210758173,76.29199779402244,34.18333333333333,52.25833333333333,23.016666666666666,981.0416666666666,867.5833333333334,1.0,8.041666666666666,10.441666666666666,17.041666666666668,3.2,0.0,0.0,787.5,152.0
2025-08-04 12:00:00,0.01683266330222497,76.85350756241422,76.4294052684192,34.858333333333334,49.775,22.849999999999998,980.1,922.25,1.2249999999999999,8.833333333333334,12.308333333333332,19.55,3.2,0.0,0.0,787.5,180.5
2025-08-04 13:00:00,0.01643972132130685,74.77735531829993,74.45345785807929,35.175000000000004,47.833333333333336,22.458333333333332,979.0833333333334,604.0,1.5166666666666666,8.808333333333334,11.941666666666668,18.974999999999998,3.5,0.0,0.0,787.5,164.5
2025-08-04 14:00:00,0.01749465560899086,75.36622332883731,74.80679169405114,34.50833333333333,49.64166666666667,22.433333333333334,978.4583333333334,396.0833333333333,1.0833333333333333,11.375,16.116666666666667,26.383333333333336,5.6,0.0,0.0,787.5,100.5
2025-08-04 15:00:00,0.021527875200837075,60.488773454002164,60.01185098326551,30.03333333333333,65.77499999999999,22.883333333333336,978.8583333333332,265.0833333333333,1.5999999999999999,10.491666666666667,14.799999999999999,23.275000000000002,5.0,9.0,1.0,788.5,33.5
2025-08-04 16:00:00,0.044929236356942626,0.7437510391292809,0.714182357105678,25.016666666666666,90.55833333333334,23.383333333333336,979.725,10.083333333333334,1.1416666666666666,13.725,15.333333333333334,20.708333333333332,4.0,72.0,30.25,817.75,66.5
2025-08-04 17:00:00,0.04353684418189258,0.8364048678939286,0.8016157631057871,24.258333333333336,95.81666666666666,23.583333333333332,979.7083333333334,12.916666666666666,1.1083333333333334,19.283333333333335,21.425,28.974999999999998,3.7,69.0,38.5,826.0,164.0
2025-08-04 18:00:00,0.0603043840642717,0.1906117589703599,0.179625484884222,24.7,96.8,24.2,980.2,5.0,0.0,19.2,21.3,28.8,0.0,6.0,38.5,826.0,77.0
2025-08-05 06:00:00,0.057334975765489564,3.2765877927742166,2.9478560677855614,24.625,93.73333333333333,23.599999999999998,981.1833333333334,21.25,0.35000000000000003,12.891666666666666,14.299999999999999,19.333333333333332,1.6,0.0,0.0,828.0,95.0
2025-08-05 07:00:00,0.08770057401704806,50.28726747739989,43.655882273291404,25.891666666666666,85.21666666666667,23.224999999999998,981.6833333333334,117.66666666666667,0.5083333333333333,13.183333333333332,14.633333333333333,19.808333333333334,2.0,0.0,0.0,828.0,111.5
2025-08-05 08:00:00,0.016727329831290366,82.49399561867934,81.93451021687788,28.15833333333333,74.54166666666667,23.191666666666666,982.0166666666668,362.6666666666667,0.8083333333333332,12.383333333333333,13.758333333333333,18.633333333333333,2.5,0.0,0.0,828.0,126.5
2025-08-05 09:00:00,0.01850177946747739,81.33896717383728,80.5616108386847,30.425,65.01666666666667,23.116666666666664,982.2333333333332,579.0833333333334,0.7833333333333333,9.408333333333333,11.916666666666666,16.333333333333332,2.0,0.0,0.0,828.0,116.0
2025-08-05 10:00:00,0.01898780743599345,79.58850245068983,78.7439281894874,31.78333333333333,59.791666666666664,23.016666666666666,982.0166666666668,741.5833333333334,0.9083333333333333,9.35,12.700000000000001,18.491666666666667,3.4,0.0,0.0,828.0,144.5
2025-08-05 11:00:00,0.018210693614173202,78.81396006087809,78.16293359875202,32.708333333333336,54.300000000000004,22.28333333333333,981.4166666666666,688.5833333333334,0.8250000000000001,8.308333333333334,12.041666666666666,18.916666666666668,2.6,0.0,0.0,828.0,145.0
2025-08-05 12:00:00,0.017600762071734458,77.98796951013726,77.4494668323336,33.50833333333333,50.300000000000004,21.775000000000002,980.6583333333333,761.25,0.8083333333333332,8.799999999999999,11.966666666666667,18.89166666666667,2.8,0.0,0.0,828.0,201.0
2025-08-05 13:00:00,0.017007455876555833,77.74053032865396,77.30281295013128,33.49166666666667,49.949999999999996,21.625,979.4916666666667,760.0833333333334,1.1166666666666667,9.475,13.025,20.2,3.0,0.0,0.0,828.0,150.0
2025-08-05 14:00:00,0.015083122749986841,78.42433267379077,78.15977787986975,34.00833333333333,52.09166666666667,22.8,978.5333333333333,739.6666666666666,1.5583333333333333,8.933333333333334,12.4,20.425,4.6,0.0,0.0,828.0,138.0
2025-08-05 15:00:00,0.011635575077562292,79.89053816105849,80.1677846542762,33.56666666666667,51.69166666666666,22.275000000000002,977.8583333333332,586.75,1.9749999999999999,11.25,15.541666666666666,24.95,4.6,0.0,0.0,828.0,165.0
2025-08-05 16:00:00,0.013253192544396846,37.5566567568889,38.4303657874699,33.190909090909095,50.26363636363636,21.472727272727273,977.4545454545455,285.0,1.7090909090909092,13.69090909090909,18.61818181818182,29.5,3.9,0.0,0.0,828.0,170.0
2025-08-05 17:00:00,0.041287325589335754,24.740003112717304,23.59274342733158,32.583333333333336,53.425000000000004,21.925,977.5166666666668,87.5,1.6916666666666667,16.075,21.641666666666666,31.791666666666668,3.9,0.0,0.0,828.0,197.5
2025-08-05 18:00:00,0.0412355880609033,12.52502322240642,11.9693968429125,32.5,53.7,21.9,977.6,58.0,1.2,17.1,23.3,33.6,2.1,0.0,0.0,828.0,196.0
2025-08-06 06:00:00,0.11622133322028899,7.053042738224915,4.36415885776877,25.441666666666666,92.7,24.15833333333333,980.7833333333333,27.083333333333332,0.6666666666666666,19.625,21.8,29.45,1.9,0.0,14.75,851.75,123.5
2025-08-06 07:00:00,0.19617932949082448,72.40504116851959,53.09012131931804,27.491666666666664,80.18333333333334,23.791666666666668,981.0749999999999,74.25,0.7083333333333334,15.008333333333333,16.641666666666666,22.516666666666666,1.9,0.0,14.75,851.75,152.0
2025-08-06 08:00:00,0.0167819378515907,82.58844680283555,82.0110317348238,29.724999999999998,69.475,23.583333333333332,981.5500000000001,388.4166666666667,0.8416666666666667,9.6,11.058333333333332,14.625,2.6,0.0,14.75,851.75,112.0
2025-08-06 09:00:00,0.021187160416722042,81.14552677481839,79.93007847693853,31.224999999999998,63.39166666666667,23.46666666666667,981.6666666666666,646.0,0.8916666666666666,6.8500000000000005,8.666666666666666,12.075000000000001,2.6,0.0,14.75,851.75,120.5
2025-08-06 10:00:00,0.022123300222933424,79.03057973799328,77.67140475408502,32.958333333333336,58.050000000000004,23.633333333333336,981.0666666666666,793.75,0.9583333333333334,5.8,7.625,10.983333333333334,3.4,0.0,14.75,851.75,217.5
2025-08-06 11:00:00,0.02267161305885366,77.54923470702452,76.2341901036619,34.141666666666666,54.25833333333333,23.59166666666667,980.4583333333334,896.1666666666666,0.9333333333333332,4.941666666666666,6.6000000000000005,9.775,3.4,0.0,14.75,851.75,87.5
2025-08-06 12:00:00,0.020083591841011383,76.61013878615158,75.74141000618526,34.56666666666667,52.48333333333333,23.483333333333334,979.5083333333333,637.25,0.8583333333333334,4.1499999999999995,6.199999999999999,12.183333333333332,2.7,0.0,14.75,851.75,119.5
2025-08-06 13:00:00,0.020572179348647506,75.36265967328815,74.44363024443682,33.93333333333333,52.99166666666667,23.041666666666668,978.75,422.75,0.4083333333333334,3.783333333333333,5.0,8.674999999999999,2.8,0.0,14.75,851.75,120.5
2025-08-06 14:00:00,0.019251472129166298,74.95119657704373,74.26457242554103,35.425000000000004,47.96666666666667,22.7,978.0416666666666,659.4166666666666,0.775,3.9499999999999997,5.625,8.325000000000001,2.8,0.0,14.75,851.75,67.5
2025-08-06 15:00:00,0.014844144426759576,73.3823971219974,73.14952125681397,36.21666666666667,45.791666666666664,22.7,977.2333333333332,517.25,0.775,4.816666666666666,6.375,10.741666666666667,2.5,0.0,14.75,851.75,290.5
2025-08-06 16:00:00,0.05109554035185878,25.026330003772596,23.766439270393494,33.675000000000004,55.199999999999996,23.358333333333334,977.2083333333334,76.91666666666667,0.425,6.841666666666666,9.766666666666667,15.683333333333332,3.8,0.0,14.75,851.75,144.0
2025-08-06 17:00:00,0.052644438883001354,14.253002042501384,13.168170039604126,29.541666666666668,72.7,24.15833333333333,977.4666666666667,51.5,0.7583333333333333,7.675,9.583333333333334,13.033333333333333,3.1,0.0,14.75,851.75,217.0
2025-08-06 18:00:00,0.0307152127444545,4.271027337645888,4.103649671564154,29.1,76.1,24.5,977.9,17.0,0.8,8.4,9.3,12.7,2.4,0.0,14.75,851.75,36.0
2025-08-07 06:00:00,0.0982065573135883,11.642637329776235,8.486124308200267,22.46666666666667,96.78333333333332,21.96666666666667,981.1916666666666,38.083333333333336,0.6333333333333333,2.3583333333333334,2.6333333333333333,3.5583333333333336,1.8,0.0,12.5,867.75,117.5
2025-08-07 07:00:00,0.17873565726763993,78.54008521584011,56.487721856943146,25.025000000000002,85.63333333333333,22.458333333333332,981.1750000000001,76.25,0.75,3.0583333333333336,3.391666666666667,4.608333333333333,2.0,0.0,12.5,867.75,118.0
2025-08-07 08:00:00,0.01796297119461195,83.92135709744032,83.26068931708345,27.375,74.50833333333334,22.45,981.2666666666668,400.25,0.8416666666666667,3.8000000000000003,4.2,5.716666666666666,2.4,0.0,12.5,867.75,199.5
2025-08-07 09:00:00,0.02078102796317756,81.87351269222282,80.72382210444225,29.391666666666666,68.18333333333334,22.941666666666666,981.25,586.6666666666666,0.9166666666666666,3.8333333333333335,4.5,6.408333333333334,2.7,0.0,12.5,867.75,126.5
2025-08-07 10:00:00,0.02286372950108305,80.27152557214642,78.81970066667772,31.3,63.300000000000004,23.516666666666666,980.9416666666666,784.1666666666666,0.8666666666666667,3.841666666666667,5.741666666666667,9.016666666666667,2.8,0.0,12.5,867.75,159.0
2025-08-07 11:00:00,0.02075629088444796,77.255080805231,76.20749129303545,33.15833333333333,58.93333333333334,24.083333333333332,980.2416666666667,911.1666666666666,0.9166666666666666,8.041666666666666,13.25,27.875,3.4,0.0,12.5,867.75,118.5
2025-08-07 12:00:00,0.019325469437487558,77.00969426593824,76.20509760429891,34.275,54.574999999999996,23.825,979.7333333333332,918.0,0.9500000000000001,3.5416666666666665,4.916666666666667,8.916666666666666,2.9,0.0,12.5,867.75,122.0
2025-08-07 13:00:00,0.017720203257961215,75.91112683705848,75.31165524004048,35.449999999999996,49.5,23.291666666666668,978.75,892.8333333333334,0.9,2.9916666666666667,4.0249999999999995,6.925,2.8,0.0,12.5,867.75,180.0
2025-08-07 14:00:00,0.013359129577775275,75.5363169890292,75.50431646083786,36.65833333333333,44.208333333333336,22.516666666666666,977.7166666666667,807.1666666666666,0.85,3.4916666666666667,5.016666666666667,8.666666666666666,2.4,0.0,12.5,867.75,125.5
2025-08-07 15:00:00,0.01541497957299584,73.09630101516858,72.85632451333889,37.541666666666664,42.925000000000004,22.78333333333333,976.975,590.5,0.5833333333333334,3.9166666666666665,5.95,10.308333333333334,2.8,0.0,12.5,867.75,323.0
2025-08-07 16:00:00,0.012894148727453585,69.71103031905245,69.8627991242303,35.30833333333333,49.550000000000004,23.041666666666668,976.6833333333334,341.8333333333333,1.3333333333333333,4.541666666666667,5.8999999999999995,8.9,4.0,0.0,12.5,867.75,165.5
2025-08-07 17:00:00,0.02438133085704954,15.823198362191292,15.61374862940063,32.6,59.81666666666666,23.775000000000002,976.8416666666667,62.333333333333336,1.6833333333333333,8.741666666666667,12.125,17.141666666666666,3.7,0.0,12.5,867.75,187.0
2025-08-07 18:00:00,0.0438305238045343,0.937795124308473,0.8598561158385181,31.5,60.5,22.9,977.2,12.0,1.2,9.1,12.8,24.5,2.6,0.0,12.5,867.75,160.0
2025-08-08 06:00:00,0.04412168207710755,1.190270785432359,1.113597807908231,24.07,94.37,23.12,981.14,14.1,0.5399999999999999,4.5200000000000005,5.05,6.83,2.0,0.0,22.5,931.75,147.5
2025-08-08 07:00:00,0.034490417235625556,27.059930336490268,26.04897875194949,24.558333333333334,92.75833333333333,23.316666666666666,981.7166666666667,86.83333333333333,0.0,6.716666666666666,7.441666666666666,10.083333333333334,0.0,0.0,22.5,931.75,93.0
2025-08-08 08:00:00,0.02427859502989345,73.04191040286271,71.78752818517466,25.916666666666668,84.80833333333334,23.175,981.9833333333332,185.0,0.15833333333333333,8.866666666666667,9.833333333333334,13.341666666666667,1.5,0.0,22.5,931.75,108.5
2025-08-08 09:00:00,0.020640304331305634,79.61622997721126,78.78805143409262,27.175,78.27499999999999,23.075,982.2833333333333,270.0,0.6,10.858333333333334,12.066666666666668,16.333333333333332,2.2,0.0,22.5,931.75,171.5
2025-08-08 10:00:00,0.01982404172485821,82.4213024363484,81.65391628340029,28.608333333333334,69.89999999999999,22.583333333333332,981.9083333333333,466.25,0.7416666666666667,6.7250000000000005,8.491666666666665,11.983333333333334,2.2,0.0,22.5,931.75,166.0
2025-08-08 11:00:00,0.022000383458141603,79.77805241705403,78.7076555541405,30.599999999999998,62.958333333333336,22.724999999999998,981.4499999999999,794.4166666666666,0.8833333333333333,6.341666666666666,8.141666666666667,10.733333333333334,2.4,0.0,22.5,931.75,158.0
2025-08-08 12:00:00,0.022541591347081516,78.65837316721037,77.56020428928788,32.21666666666667,57.916666666666664,22.90833333333333,980.7583333333333,665.5,0.7999999999999999,4.133333333333334,5.675,8.174999999999999,2.4,0.0,22.5,931.75,51.0
2025-08-08 13:00:00,0.0192186002586299,79.71188581228172,79.15414543375736,32.36666666666667,56.55833333333334,22.641666666666666,980.4333333333334,658.75,1.2666666666666666,3.4916666666666667,4.441666666666666,7.541666666666667,3.2,0.0,22.5,931.75,171.0
2025-08-08 14:00:00,0.02037943380266636,79.74224342707866,79.02535650950294,31.391666666666666,61.0,23.008333333333336,979.8416666666667,392.1666666666667,1.3333333333333333,4.241666666666666,5.583333333333333,8.291666666666666,4.2,0.0,22.5,931.75,174.5
2025-08-08 15:00:00,0.018960192392530266,80.46576760358954,79.89952443626369,31.666666666666668,62.01666666666667,23.516666666666666,979.1,460.8333333333333,1.375,3.891666666666667,5.008333333333334,7.075,3.2,0.0,22.5,931.75,161.5
2025-08-08 16:00:00,0.008617460657902374,70.43603033752974,71.25687780765125,31.791666666666668,63.50833333333333,24.03333333333333,979.3916666666668,333.3333333333333,1.4333333333333333,3.891666666666667,5.241666666666666,8.308333333333334,3.5,0.0,22.5,931.75,147.5
2025-08-08 17:00:00,0.03279383993528522,30.334081523038034,29.37717475022623,30.583333333333332,67.45833333333333,23.891666666666666,980.0416666666666,85.5,1.0416666666666667,5.075,6.558333333333334,9.016666666666667,5.5,0.0,22.5,931.75,150.0
2025-08-08 18:00:00,0.0549901590820063,0.378475504926719,0.346772316673352,28.8,63.3,21.2,980.8,5.0,1.7,2.9,4.0,7.9,3.5,0.0,22.5,931.75,6.0
2025-08-09 06:00:00,0.058888868554873915,5.082860676831111,4.531200105352212,24.254545454545454,88.77272727272727,22.30909090909091,983.2818181818183,29.818181818181817,0.7000000000000001,9.200000000000001,10.218181818181819,13.827272727272726,1.9,0.0,0.0,931.75,53.0
2025-08-09 07:00:00,0.08015360322516914,55.312473841389,49.96175364071908,26.008333333333336,78.675,22.025000000000002,983.5916666666667,102.25,0.65,7.366666666666667,8.174999999999999,11.108333333333334,2.6,0.0,0.0,931.75,133.0
2025-08-09 08:00:00,0.02373370357467666,82.96144279928777,81.80698848217344,28.733333333333334,68.96666666666667,22.508333333333336,983.7666666666668,348.3333333333333,0.8083333333333332,7.5249999999999995,8.916666666666666,13.216666666666667,2.5,0.0,0.0,931.75,87.5
2025-08-09 09:00:00,0.02383558030803366,81.92267088971802,80.51879232606125,30.441666666666666,63.96666666666667,22.883333333333336,983.8666666666667,571.8333333333334,0.7833333333333333,7.108333333333333,9.216666666666667,13.533333333333333,2.1,0.0,0.0,931.75,116.0
2025-08-09 10:00:00,0.022157164814405165,79.97390129434642,78.89397299407283,31.941666666666666,59.03333333333333,22.958333333333332,983.525,743.5833333333334,0.9583333333333334,6.266666666666667,8.058333333333334,12.041666666666666,2.8,0.0,0.0,931.75,207.5
2025-08-09 11:00:00,0.020998584677464266,78.9256961165597,77.98126951327852,32.80833333333333,55.65833333333333,22.791666666666668,983.0416666666666,700.0833333333334,0.975,6.466666666666666,8.308333333333332,12.75,2.7,0.0,0.0,931.75,240.0
2025-08-09 12:00:00,0.019555297892790684,80.74262934958541,79.99799884467049,32.458333333333336,55.625,22.458333333333332,982.5083333333333,600.3333333333334,1.3583333333333334,5.683333333333334,7.416666666666667,10.991666666666667,3.9,0.0,0.0,931.75,197.5
2025-08-09 13:00:00,0.019299626956013224,80.35891582375463,79.65266382216289,31.333333333333332,61.625,23.083333333333332,982.0083333333333,339.0,1.4083333333333332,7.175,9.566666666666666,12.725,3.7,0.0,0.0,931.75,176.0
2025-08-09 14:00:00,0.018158060974513456,80.72689128911291,80.1750272601146,31.375,60.59166666666667,22.858333333333334,981.1750000000001,366.6666666666667,1.1083333333333334,5.2250000000000005,6.833333333333333,8.816666666666666,2.7,0.0,0.0,931.75,167.0
2025-08-09 15:00:00,0.0205896743873941,75.84819815994571,75.18600936527501,31.95,58.275,22.75,980.6416666666668,423.0,1.3416666666666668,4.716666666666667,6.608333333333333,10.308333333333334,3.4,0.0,0.0,931.75,168.5
2025-08-09 16:00:00,0.053844760183779206,2.0140630937382857,1.8514758412345067,26.375,78.65833333333333,22.15833333333333,981.6833333333334,13.083333333333334,1.1500000000000001,5.433333333333334,7.041666666666667,11.933333333333332,4.2,27.0,5.75,937.5,129.0
2025-08-09 17:00:00,0.042698072581400424,3.186422179074656,3.00104927563083,24.008333333333336,93.675,22.916666666666668,982.3166666666666,24.75,0.6583333333333333,6.583333333333333,7.324999999999999,9.941666666666666,2.6,27.0,7.0,938.75,120.0
2025-08-09 18:00:00,0.04837111329017,1.316285569582928,1.229526556152293,24.1,92.9,22.9,982.6,15.0,0.2,6.5,7.2,9.7,0.9,0.0,7.0,938.75,117.0
2025-08-10 06:00:00,0.06147646558467312,7.034155131138292,6.262681060641441,24.516666666666666,89.84166666666665,22.791666666666668,982.9333333333334,33.5,0.2916666666666667,10.841666666666667,12.041666666666666,16.283333333333335,1.4,0.0,0.0,938.75,65.5
2025-08-10 07:00:00,0.11820414574127036,67.7284327667128,56.085676636248536,26.891666666666666,78.00833333333334,22.733333333333334,983.3166666666666,96.83333333333333,0.40833333333333327,12.466666666666667,13.866666666666667,18.733333333333334,1.6,0.0,0.0,938.75,121.0
2025-08-10 08:00:00,0.022525607685450658,80.86383779580144,79.74442856143432,29.28333333333333,67.51666666666667,22.675,983.875,335.5,0.725,8.466666666666667,10.450000000000001,14.200000000000001,2.0,0.0,0.0,938.75,301.5
2025-08-10 09:00:00,0.02578699057996851,81.7332008998266,80.08575329587383,30.116666666666664,63.90833333333333,22.558333333333334,983.7416666666667,613.0,0.8250000000000001,8.141666666666667,10.908333333333333,16.2,3.1,0.0,0.0,938.75,310.5
2025-08-10 10:00:00,0.027442199616415586,79.32839536663828,77.45440202096819,31.75,60.23333333333333,23.099999999999998,983.4,766.3333333333334,0.875,8.633333333333333,11.858333333333334,20.425,3.0,0.0,0.0,938.75,246.0
2025-08-10 11:00:00,0.02220209836855842,78.62616527825982,77.4994459951189,32.03333333333333,59.458333333333336,23.150000000000002,983.2916666666666,434.9166666666667,0.6583333333333333,12.275,20.408333333333335,51.583333333333336,2.3,0.0,0.0,938.75,125.5
2025-08-10 12:00:00,0.018457045640863683,80.9171873140587,80.262977412555,31.683333333333334,61.15833333333333,23.308333333333334,982.3166666666666,580.1666666666666,1.0083333333333333,6.133333333333333,8.133333333333333,14.75,3.6,0.0,0.0,938.75,166.0
2025-08-10 13:00:00,0.018388828158466618,77.22931715538967,76.69703066907856,32.00833333333333,59.083333333333336,23.025000000000002,980.9250000000001,585.5833333333334,1.4583333333333333,4.625,6.2,8.674999999999999,3.1,0.0,0.0,938.75,167.5
2025-08-10 14:00:00,0.037628801360096865,11.560104775736662,11.142698898535562,25.95,84.675,22.90833333333333,980.9166666666666,38.833333333333336,1.3583333333333334,4.408333333333333,6.075,9.575000000000001,4.1,126.0,39.25,978.0,94.0
2025-08-10 15:00:00,0.03167927950667857,10.872823206527952,10.590322367879665,23.491666666666664,94.79166666666667,22.65833333333333,980.5500000000001,49.5,0.6833333333333332,2.75,3.0416666666666665,4.108333333333333,2.8,3.0,39.5,978.25,152.0
2025-08-10 16:00:00,0.03674118773059755,7.50686305947632,7.251044594855466,24.183333333333334,90.11666666666667,22.483333333333334,980.7166666666667,39.333333333333336,0.9,5.925,6.55,8.9,2.1,0.0,39.5,978.25,142.5
2025-08-10 17:00:00,0.05126870873923567,0.42293190878096754,0.4135905779249352,24.775000000000002,90.425,23.108333333333334,981.5083333333333,6.583333333333333,0.48333333333333334,6.033333333333334,6.683333333333334,9.049999999999999,3.6,0.0,39.5,978.25,156.0
2025-08-10 18:00:00,0.0561389190274781,0.1183264010996544,0.1140468708302114,24.8,89.2,22.9,982.0,2.0,0.8,5.2,5.8,7.8,1.8,3.0,39.75,978.5,29.0
2025-08-11 06:00:00,0.04396145714916876,6.626907401316898,6.381618723437963,23.99090909090909,95.31818181818181,23.20909090909091,983.0,34.72727272727273,0.15454545454545454,8.590909090909092,9.554545454545455,12.9,1.3,0.0,0.0,982.25,108.0
2025-08-11 07:00:00,0.03869057917411844,37.24187947663331,35.63415453580665,24.974999999999998,88.95,23.03333333333333,983.4250000000001,104.41666666666667,0.6583333333333333,11.633333333333333,12.883333333333333,17.425,1.9,0.0,0.0,982.25,139.0
2025-08-11 08:00:00,0.02093625906157824,79.05004342204639,78.0543833213025,26.675,80.27499999999999,23.008333333333336,983.9833333333332,254.83333333333334,0.7583333333333333,12.316666666666668,13.666666666666666,18.483333333333334,2.3,0.0,0.0,982.25,74.5
2025-08-11 09:00:00,0.020243602620533683,83.11950488430354,82.14626236098563,28.75,70.15833333333333,22.78333333333333,984.1666666666666,522.5833333333334,0.8583333333333334,11.908333333333333,14.308333333333335,19.008333333333333,2.7,0.0,0.0,982.25,67.5
2025-08-11 10:00:00,0.024158926804344227,81.19194130773558,79.75141684419057,30.21666666666667,64.84166666666667,22.900000000000002,983.7583333333333,580.3333333333334,0.8666666666666667,11.291666666666666,15.008333333333333,20.575,3.2,0.0,0.0,982.25,289.5
2025-08-11 11:00:00,0.021664863920417058,80.93423048853026,79.7745539935283,31.25,62.36666666666667,23.21666666666667,982.9499999999999,563.6666666666666,0.8416666666666667,11.825000000000001,15.316666666666668,22.983333333333334,2.6,0.0,0.0,982.25,321.0
2025-08-11 12:00:00,0.020803694382661192,79.34038055291147,78.28098183054851,32.68333333333333,56.98333333333333,23.058333333333334,982.0333333333333,674.8333333333334,0.8083333333333332,9.15,12.066666666666668,16.541666666666668,2.7,0.0,0.0,982.25,298.0
2025-08-11 13:00:00,0.019309779170704217,79.79599564505652,78.94268637690786,32.583333333333336,55.75833333333333,22.625,981.1666666666666,437.4166666666667,0.7999999999999999,6.95,9.45,14.366666666666667,3.1,0.0,0.0,982.25,212.5
2025-08-11 14:00:00,0.018147977221861684,80.06898083884113,79.3717117929683,33.324999999999996,52.35833333333333,22.241666666666664,980.2083333333334,509.0833333333333,0.6666666666666666,6.058333333333334,8.241666666666667,14.116666666666667,2.4,0.0,0.0,982.25,216.5
2025-08-11 15:00:00,0.02525814271307435,58.3910312810984,57.63670574489303,31.683333333333334,59.574999999999996,22.55,979.525,239.75,1.0583333333333333,5.675,7.875,12.25,6.3,123.0,14.0,996.25,34.0
2025-08-11 16:00:00,0.04026226440164534,5.930159011955126,5.605020812927257,24.925,87.03333333333335,22.650000000000002,980.0416666666666,38.0,1.2666666666666666,7.083333333333333,8.108333333333333,11.483333333333334,3.9,45.0,14.25,996.5,191.5
2025-08-11 17:00:00,0.03670228973296249,2.536739540016714,2.407523433028892,25.0,90.96666666666665,23.425,980.3166666666666,23.083333333333332,0.4166666666666667,8.375,9.308333333333334,12.591666666666667,1.6,3.0,14.75,997.0,231.5
2025-08-11 18:00:00,0.0452517593049361,0.7442391949397501,0.7051467174381,25.0,92.2,23.6,980.4,11.0,0.3,8.5,9.4,12.7,0.7,3.0,15.0,997.25,13.0
2025-08-12 06:00:00,0.04974121541574867,0.7611819154779004,0.6953396802825084,24.463636363636365,84.61818181818181,21.745454545454546,981.0,11.090909090909092,0.5,12.918181818181818,14.345454545454546,19.40909090909091,1.5,0.0,0.0,997.5,57.0
2025-08-12 07:00:00,0.03426436550223826,18.965772951763793,18.00990298422241,25.099999999999998,80.86666666666666,21.616666666666664,981.5166666666668,71.41666666666667,0.4749999999999999,16.391666666666666,18.208333333333332,24.625,1.6,0.0,0.0,997.5,164.5
2025-08-12 08:00:00,0.021807012365379647,72.25470162319021,71.13343990794694,26.5,76.075,21.974999999999998,981.8333333333334,186.0,0.3666666666666667,16.400000000000002,18.241666666666667,24.78333333333333,1.6,0.0,0.0,997.5,97.0
2025-08-12 09:00:00,0.018464816548296698,75.16036639647804,74.34588376688224,27.566666666666666,71.72500000000001,22.025000000000002,982.0166666666668,192.25,0.6583333333333333,15.25,18.566666666666666,24.241666666666664,1.8,0.0,0.0,997.5,172.5
2025-08-12 10:00:00,0.0170512738104491,82.14229942393445,81.45878705696244,29.325,65.35833333333333,22.15833333333333,981.5166666666668,397.8333333333333,0.7916666666666666,12.441666666666668,16.275000000000002,23.53333333333333,3.1,0.0,0.0,997.5,61.5
2025-08-12 11:00:00,0.016990709612236008,79.08082222963479,78.44589258057914,29.391666666666666,61.59166666666667,21.258333333333333,980.9833333333332,261.9166666666667,0.8333333333333334,8.208333333333334,11.108333333333334,16.483333333333334,2.7,0.0,0.0,997.5,53.0
2025-08-12 12:00:00,0.016796884846034074,81.13024803611329,80.52248853204519,29.7,59.81666666666666,21.075,980.5666666666666,309.0833333333333,0.9166666666666666,7.891666666666667,11.141666666666666,16.858333333333334,2.8,0.0,0.0,997.5,37.5
2025-08-12 13:00:00,0.016403853168153435,80.32756979731228,79.75254964555513,30.3,58.324999999999996,21.224999999999998,979.9833333333332,301.25,0.85,7.95,11.058333333333332,16.275000000000002,2.6,0.0,0.0,997.5,46.5
2025-08-12 14:00:00,0.01772247852749668,76.24055459650657,75.52486696177313,30.291666666666668,60.5,21.816666666666666,979.725,221.75,0.3,9.566666666666666,13.166666666666666,20.275000000000002,1.4,0.0,0.0,997.5,175.5
2025-08-12 15:00:00,0.01726606452960506,78.28922362659175,77.6570747374192,31.016666666666666,58.11666666666667,21.833333333333332,979.1,277.5,0.5750000000000001,10.775,14.325000000000001,21.916666666666668,2.5,0.0,0.0,997.5,38.5
2025-08-12 16:00:00,0.023676608144727784,65.39648310770546,64.17808303212591,30.175,60.958333333333336,21.841666666666665,978.4416666666666,151.33333333333334,0.4666666666666666,8.383333333333333,11.708333333333334,17.275000000000002,1.8,0.0,0.0,997.5,11.5
2025-08-12 17:00:00,0.037689542310499466,20.52192148429931,19.555709607216972,29.391666666666666,64.6,22.041666666666668,978.6083333333332,64.16666666666667,0.31666666666666665,9.858333333333333,13.441666666666668,19.658333333333335,1.5,0.0,0.0,997.5,16.0
2025-08-12 18:00:00,0.032491520413686,3.885847555830413,3.7245773654212897,28.9,66.9,22.2,978.8,27.0,0.0,10.2,13.4,19.6,0.0,0.0,0.0,997.5,160.0
2025-08-13 06:00:00,0.046813165324009455,0.7332633507889204,0.6999909543573531,24.077777777777776,89.77777777777777,22.322222222222223,979.3000000000001,8.666666666666666,0.6888888888888888,10.18888888888889,11.333333333333334,15.299999999999999,1.5,0.0,0.0,997.5,142.0
2025-08-13 07:00:00,0.03293108584144787,7.243768882560407,6.928177886671804,24.40833333333333,88.075,22.333333333333332,979.9583333333334,38.083333333333336,0.48333333333333334,11.583333333333334,12.85,17.366666666666667,1.6,0.0,0.0,997.5,145.5
2025-08-13 08:00:00,0.0339366301470198,35.18368973034535,33.721339169867086,25.133333333333336,83.19166666666666,22.099999999999998,980.3666666666667,94.83333333333333,0.6,11.191666666666668,12.416666666666666,16.808333333333334,1.5,0.0,0.0,997.5,119.0
2025-08-13 09:00:00,0.021085318793043584,68.91642060035095,67.77600610100332,26.308333333333334,76.64166666666667,21.925,980.5916666666667,164.0,0.6,9.450000000000001,10.516666666666667,14.208333333333334,2.0,0.0,0.0,997.5,90.0
2025-08-13 10:00:00,0.018122872200695857,75.66643037200818,74.88693250545701,27.46666666666667,72.18333333333334,22.03333333333333,980.6,185.91666666666666,0.7666666666666666,8.666666666666666,9.866666666666667,13.508333333333333,3.0,0.0,0.0,997.5,286.0
2025-08-13 11:00:00,0.018061413081624792,76.80479214805213,76.01855404148422,26.916666666666668,77.66666666666667,22.724999999999998,980.4583333333334,173.08333333333334,0.7083333333333334,9.183333333333334,10.375,14.1,2.1,0.0,0.0,997.5,169.0
2025-08-13 12:00:00,0.016303619460422632,80.21246062061911,79.63468140930566,27.141666666666666,77.14999999999999,22.816666666666666,979.9416666666666,209.25,0.6749999999999999,10.225,11.475,15.658333333333333,1.8,0.0,0.0,997.5,86.5
2025-08-13 13:00:00,0.017435701266692142,82.26607033377458,81.59826249939623,27.941666666666666,75.0,23.116666666666664,979.2666666666668,256.25,0.44999999999999996,7.683333333333334,9.174999999999999,12.541666666666666,1.8,0.0,0.0,997.5,68.5
2025-08-13 14:00:00,0.018768565682998575,78.39154977772945,77.60404755880016,28.558333333333334,72.41666666666667,23.133333333333336,978.5583333333334,229.41666666666666,0.5333333333333333,7.658333333333334,9.716666666666667,12.441666666666668,1.9,0.0,0.0,997.5,67.0
2025-08-13 15:00:00,0.019930701962638273,73.89982577009233,72.99124337470268,28.641666666666666,71.86666666666666,23.09166666666667,978.1583333333333,180.83333333333334,0.44999999999999996,7.483333333333333,9.333333333333334,12.416666666666666,2.1,0.0,0.0,997.5,47.0
2025-08-13 16:00:00,0.027239232171363727,58.02813482881235,56.62232063507508,28.46666666666667,69.13333333333334,22.28333333333333,977.9499999999999,133.08333333333334,0.3833333333333333,4.608333333333333,6.066666666666666,9.366666666666667,2.2,0.0,0.0,997.5,89.5
2025-08-13 17:00:00,0.037020456925534864,13.546742474926317,12.945073552365187,27.933333333333334,72.63333333333334,22.599999999999998,977.8166666666666,51.583333333333336,0.0,6.908333333333334,8.458333333333334,11.716666666666667,0.0,0.0,0.0,997.5,128.0
2025-08-13 18:00:00,0.0335968531382512,2.705985833227776,2.597770141613427,27.6,74.3,22.6,977.9,22.0,0.0,10.3,11.4,15.5,0.0,0.0,0.0,997.5,311.0
2025-08-14 06:00:00,0.04630401247806634,1.3607949023746981,1.2964509921227416,24.836363636363636,77.88181818181818,20.736363636363635,980.1363636363636,14.818181818181818,0.3181818181818182,9.672727272727274,10.763636363636364,14.536363636363637,1.8,0.0,0.0,997.5,301.0
2025-08-14 07:00:00,0.0314572443144916,38.27996869713085,37.2268582813176,25.733333333333334,74.44166666666668,20.891666666666666,980.9,106.91666666666667,0.3083333333333333,12.65,14.033333333333333,18.991666666666667,1.5,0.0,0.0,997.5,299.5
2025-08-14 08:00:00,0.019851543613515217,79.02364952940876,78.01303374233278,27.7,67.55833333333334,21.158333333333335,981.2166666666667,248.91666666666666,0.7083333333333334,12.516666666666666,15.108333333333334,21.01666666666667,1.9,0.0,0.0,997.5,310.5
2025-08-14 09:00:00,0.018443628067506327,80.89640265825872,79.99309172536614,28.458333333333332,64.825,21.191666666666666,981.3166666666666,365.4166666666667,0.7666666666666666,11.891666666666666,16.008333333333333,23.958333333333332,3.0,0.0,0.0,997.5,76.0
2025-08-14 10:00:00,0.020819251686632182,80.67290513370429,79.3318139943341,31.233333333333334,55.55833333333334,21.3,980.9499999999999,805.0,1.05,9.075000000000001,12.441666666666668,19.016666666666666,4.2,0.0,0.0,997.5,271.0
2025-08-14 11:00:00,0.01873868478566566,79.42743049922353,78.35069906971823,32.041666666666664,52.5,21.133333333333333,980.3833333333333,677.25,1.0999999999999999,7.8999999999999995,11.075000000000001,17.858333333333334,3.2,0.0,0.0,997.5,206.5
2025-08-14 12:00:00,0.019085316291558376,80.88176994672168,79.83004476530292,32.708333333333336,50.85833333333333,21.216666666666665,979.725,766.5,0.9500000000000001,7.616666666666667,10.049999999999999,16.175,3.6,0.0,0.0,997.5,298.0
2025-08-14 13:00:00,0.019177868712668585,77.08946033416466,76.19469453220296,33.88333333333333,48.041666666666664,21.366666666666664,978.8333333333334,764.1666666666666,1.1083333333333334,6.333333333333333,8.958333333333334,12.65,3.8,0.0,0.0,997.5,182.5
2025-08-14 14:00:00,0.019177885782942133,80.36217787857669,79.41951709722632,33.166666666666664,49.74166666666667,21.283333333333335,978.1999999999999,485.25,0.9416666666666668,6.7250000000000005,9.508333333333333,13.225,3.1,0.0,0.0,997.5,315.5
2025-08-14 15:00:00,0.019160157459323857,79.4251939224089,78.56386333923643,33.0,50.225,21.266666666666666,977.3833333333333,476.0833333333333,1.0,7.341666666666666,9.566666666666666,15.366666666666667,4.2,0.0,0.0,997.5,312.0
2025-08-14 16:00:00,0.013058621830365309,69.62770267157144,69.75414381740985,32.358333333333334,52.10833333333333,21.283333333333335,977.3916666666665,313.75,0.8833333333333333,9.283333333333333,12.85,18.783333333333335,2.7,0.0,0.0,997.5,302.5
2025-08-14 17:00:00,0.030834728084414658,29.884229987425343,28.93821698476827,29.59166666666667,66.675,22.59166666666667,977.6,84.5,0.525,8.766666666666667,10.924999999999999,14.516666666666666,3.1,0.0,0.0,997.5,142.0
2025-08-14 18:00:00,0.0342287724560654,6.876518611760529,6.62414286739044,28.2,77.5,23.9,977.8,39.0,0.0,10.2,11.3,15.3,0.0,0.0,0.0,997.5,23.0
2025-08-15 06:00:00,0.047100208780607423,3.744605329103808,3.4457066270375707,24.85,73.91,19.93,979.49,27.1,0.63,9.4,10.45,14.13,2.6,0.0,0.0,997.75,109.5
2025-08-15 07:00:00,0.056538390692556506,44.0303365200042,40.507729805980446,25.558333333333334,72.60833333333333,20.291666666666668,980.2666666666668,96.16666666666667,0.6749999999999999,11.566666666666668,12.858333333333334,17.408333333333335,2.0,0.0,0.0,997.75,95.0
2025-08-15 08:00:00,0.021722370314138924,80.00868324341575,78.67706047469585,27.21666666666667,67.80833333333332,20.775000000000002,980.5083333333333,259.1666666666667,0.8333333333333334,12.633333333333333,15.383333333333333,21.349999999999998,2.8,0.0,0.0,997.75,334.0
2025-08-15 09:00:00,0.022487302261183922,82.21369774815403,80.79664659697369,29.099999999999998,61.31666666666666,20.933333333333334,980.525,448.1666666666667,0.9583333333333334,9.916666666666666,12.508333333333333,16.0,3.2,0.0,0.0,997.75,320.5
2025-08-15 10:00:00,0.02200696368313979,82.78038846067655,81.46629902093301,30.25,58.800000000000004,21.3,980.1999999999999,595.5,1.0666666666666667,10.425,13.725,18.525000000000002,5.5,0.0,0.0,997.75,154.5
2025-08-15 11:00:00,0.025260096099903265,79.68353596895652,77.94232639938262,31.866666666666664,54.6,21.625,979.6999999999999,850.5,1.1166666666666667,8.674999999999999,11.566666666666668,16.991666666666667,4.2,0.0,0.0,997.75,303.0
2025-08-15 12:00:00,0.024103603914330595,79.28534253769315,77.8015582606052,32.925000000000004,51.55833333333334,21.633333333333336,978.8333333333334,777.1666666666666,1.1083333333333334,7.241666666666667,9.433333333333334,13.775,4.1,0.0,0.0,997.75,307.5
2025-08-15 13:00:00,0.022948738084831315,78.10567381536582,76.83203428797916,33.925000000000004,49.083333333333336,21.741666666666664,977.6583333333333,756.5833333333334,1.0916666666666666,6.683333333333334,9.108333333333333,12.533333333333333,3.1,0.0,0.0,997.75,312.0
2025-08-15 14:00:00,0.020746183245301034,79.08700549296856,78.11316981515519,33.71666666666667,48.84166666666667,21.491666666666664,976.7916666666666,529.75,0.9833333333333334,7.2,9.575000000000001,13.299999999999999,3.5,0.0,0.0,997.75,328.5
2025-08-15 15:00:00,0.021787216658282357,80.05079457740779,78.99727649236526,33.475,48.550000000000004,21.150000000000002,976.0666666666666,495.0,1.05,7.158333333333334,9.541666666666666,14.166666666666666,3.1,0.0,0.0,997.75,306.0
2025-08-15 16:00:00,0.01749238357077465,66.2612013591329,66.12345761136156,32.55,51.958333333333336,21.40833333333333,975.6416666666668,274.9166666666667,0.8250000000000001,7.566666666666666,10.225,15.5,3.4,0.0,0.0,997.75,310.5
2025-08-15 17:00:00,0.034592527951502035,34.26787933768612,33.24003260122355,31.333333333333332,55.05833333333334,21.233333333333334,975.7416666666667,97.91666666666667,0.8250000000000001,9.691666666666666,12.916666666666666,20.591666666666665,2.9,0.0,0.0,997.75,270.0
2025-08-15 18:00:00,0.0463644355343301,2.31251848571328,2.168222372709304,31.2,55.0,21.1,976.1,17.0,0.7,11.0,14.8,22.5,1.7,0.0,0.0,997.75,158.0
2025-08-16 06:00:00,0.04409839192249665,3.750507036444904,3.5401122909940517,25.259999999999998,77.45,21.04,977.2299999999999,27.1,0.18,9.18,10.18,13.76,1.2,0.0,0.0,1014.25,113.5
2025-08-16 07:00:00,0.04416252640224444,30.25764078230596,28.521834974724868,26.066666666666666,75.18333333333334,21.349999999999998,977.7583333333333,94.58333333333333,0.5499999999999999,12.875,14.299999999999999,19.325,1.8,0.0,0.0,1014.25,83.0
2025-08-16 08:00:00,0.02329216175894965,77.47159546067708,76.20976691923879,27.78333333333333,67.75,21.291666666666668,978.0333333333333,237.33333333333334,0.7833333333333333,10.666666666666666,13.15,17.925,2.3,0.0,0.0,1014.25,145.0
2025-08-16 09:00:00,0.02181681907623967,81.24313789486477,80.09026698383944,28.95,63.925000000000004,21.441666666666666,978.3000000000001,328.8333333333333,0.8083333333333332,9.85,13.066666666666668,18.474999999999998,2.6,0.0,0.0,1014.25,78.0
2025-08-16 10:00:00,0.022134463046910025,81.39686220484988,80.19655070305437,30.766666666666666,59.19166666666666,21.891666666666666,977.875,563.5833333333334,0.8416666666666667,10.458333333333334,13.908333333333333,19.95,3.0,0.0,0.0,1014.25,257.0
2025-08-16 11:00:00,0.021480120438637826,80.24479255532852,79.12336568349338,31.883333333333336,55.824999999999996,21.974999999999998,977.2333333333332,526.75,0.9416666666666668,7.908333333333334,11.016666666666666,16.083333333333332,3.5,0.0,0.0,1014.25,297.5
2025-08-16 12:00:00,0.022265002931576825,80.98507513819295,79.7203930079158,32.225,54.525,21.900000000000002,976.2833333333333,535.6666666666666,0.85,9.458333333333334,13.225,19.816666666666666,2.8,0.0,0.0,1014.25,307.0
2025-08-16 13:00:00,0.022309128107005916,77.70849066344374,76.55531523378068,32.525,53.85833333333333,21.991666666666664,975.3000000000001,399.75,0.85,8.924999999999999,11.516666666666666,16.875,2.7,0.0,0.0,1014.25,331.5
2025-08-16 14:00:00,0.022260015789768526,76.14362450473541,75.01387564880487,32.625,54.31666666666666,22.2,974.6,351.25,0.6749999999999999,7.5249999999999995,10.200000000000001,16.158333333333335,2.3,0.0,0.0,1014.25,317.5
2025-08-16 15:00:00,0.0260710624440665,64.9588055503751,63.97296772897955,29.616666666666664,72.26666666666667,23.95,974.275,230.33333333333334,0.7583333333333333,8.508333333333333,11.208333333333334,17.025000000000002,4.9,30.0,2.5,1016.75,260.5
2025-08-16 16:00:00,0.024469512921285616,63.89445302051877,62.76511351562893,29.558333333333334,77.00833333333334,25.116666666666664,973.8166666666666,159.33333333333334,0.2916666666666667,9.25,10.733333333333334,15.658333333333333,1.7,0.0,2.5,1016.75,86.0
2025-08-16 17:00:00,0.036142833458340407,19.823288872436287,19.278000351046163,28.666666666666668,80.73333333333333,25.008333333333336,974.4416666666666,57.75,0.6416666666666667,11.041666666666666,12.316666666666668,17.133333333333333,5.7,9.0,3.25,1017.5,159.5
2025-08-16 18:00:00,0.0368528091275732,1.402087344535258,1.3470618924055522,26.1,85.7,23.5,975.4,15.0,0.7,11.5,12.8,17.3,1.4,0.0,3.25,1017.5,272.0
2025-08-17 06:00:00,0.04670277281959004,1.3932342171149295,1.3304912988611133,25.31,80.87,21.830000000000002,976.8799999999999,15.1,0.32999999999999996,8.59,9.55,12.95,1.7,0.0,0.0,1017.5,117.0
2025-08-17 07:00:00,0.03656036907184764,18.319709165640326,17.48367225353528,25.775000000000002,78.575,21.808333333333334,977.2583333333333,66.58333333333333,0.575,9.466666666666667,10.5,14.216666666666667,1.6,0.0,0.0,1017.5,94.0
2025-08-17 08:00:00,0.03406879671864378,43.678192799920055,42.08888711208642,26.733333333333334,75.925,22.141666666666666,977.9583333333334,108.41666666666667,0.19999999999999998,9.975,11.075000000000001,14.991666666666667,1.5,0.0,0.0,1017.5,319.5
2025-08-17 09:00:00,0.024397199690654698,68.1974857680777,66.93586324547623,27.775000000000002,73.14166666666667,22.55,978.6333333333333,162.5,0.15,11.966666666666667,13.525,18.349999999999998,0.9,0.0,0.0,1017.5,318.0
2025-08-17 10:00:00,0.022853872666242985,75.01269736171263,73.83845298975044,28.075,72.04166666666667,22.566666666666666,978.9416666666666,205.58333333333334,0.18333333333333335,8.091666666666667,10.216666666666667,15.566666666666668,1.3,0.0,0.0,1017.5,321.0
2025-08-17 11:00:00,0.019521154933919475,82.23193217491269,81.25129304256917,29.241666666666664,67.33333333333333,22.583333333333332,978.4,355.9166666666667,0.7333333333333334,7.033333333333334,9.608333333333333,15.933333333333332,2.6,0.0,0.0,1017.5,296.0
2025-08-17 12:00:00,0.019320666625463886,80.91951181035579,79.98292702951959,29.808333333333334,64.04166666666667,22.3,977.6916666666666,329.5,0.8166666666666668,6.641666666666667,9.049999999999999,13.908333333333333,2.2,0.0,0.0,1017.5,193.0
2025-08-17 13:00:00,0.019610528485500715,80.66905774822958,79.66499654623355,31.383333333333336,60.041666666666664,22.691666666666666,976.6750000000001,515.75,0.8166666666666668,7.158333333333334,9.333333333333334,13.891666666666666,4.0,0.0,0.0,1017.5,308.0
2025-08-17 14:00:00,0.02114019514024355,76.75406274261742,75.59172323968109,30.941666666666666,61.73333333333333,22.766666666666666,975.9916666666667,257.6666666666667,0.6833333333333332,7.116666666666667,9.700000000000001,15.166666666666666,2.5,0.0,0.0,1017.5,313.0
2025-08-17 15:00:00,0.03481712082067961,50.11729722692488,48.46500066868274,28.325,77.875,24.025000000000002,975.7666666666668,114.66666666666667,0.6416666666666667,9.416666666666666,11.799999999999999,18.233333333333334,2.2,18.0,2.5,1020.0,179.0
2025-08-17 16:00:00,0.03435703703156392,7.234934919022653,6.919639490181697,25.516666666666666,91.98333333333333,24.175,976.3416666666667,35.833333333333336,0.6666666666666666,9.0,10.0,13.525,2.3,36.0,6.0,1023.5,252.5
2025-08-17 17:00:00,0.053131252750543735,0.25619179914560414,0.24248701772035605,24.650000000000002,93.91666666666667,23.633333333333336,977.0333333333333,5.166666666666667,0.2833333333333333,6.675,7.425,10.041666666666666,2.4,3.0,7.0,1024.5,146.5
2025-08-17 18:00:00,0.0608515849349156,0.13343682084766,0.1247653553319765,24.6,93.5,23.5,977.5,4.0,0.3,7.7,8.6,11.6,0.7,0.0,7.0,1024.5,278.0
2025-08-18 06:00:00,0.04726165690886066,1.121863358642266,1.069963060386747,23.560000000000002,90.72999999999999,22.009999999999998,979.4100000000001,13.1,0.72,7.49,8.309999999999999,11.25,2.2,0.0,0.25,1029.25,172.0
2025-08-18 07:00:00,0.04114790878327244,30.600244905406043,28.99767801044776,24.291666666666668,86.375,21.90833333333333,979.9583333333334,91.08333333333333,0.75,7.4750000000000005,8.325,11.241666666666667,2.0,0.0,0.25,1029.25,127.0
2025-08-18 08:00:00,0.022478274733367238,82.10868329185155,80.93297028973312,27.483333333333334,72.70833333333333,22.133333333333336,980.4583333333334,363.8333333333333,0.6833333333333332,7.308333333333334,8.208333333333334,10.966666666666667,2.2,0.0,0.25,1029.25,230.5
2025-08-18 09:00:00,0.02182863600134598,82.63057879960569,81.42390830198364,28.958333333333332,65.38333333333334,21.833333333333332,980.4666666666667,474.0833333333333,0.9166666666666666,5.341666666666666,7.583333333333333,10.808333333333332,3.1,3.0,0.5,1029.5,114.0
2025-08-18 10:00:00,0.02153108205877936,82.76229940976764,81.57940603543697,29.525000000000002,64.175,22.041666666666668,980.65,423.5833333333333,0.9,5.058333333333334,6.816666666666666,10.450000000000001,3.0,0.0,0.5,1029.5,320.5
2025-08-18 11:00:00,0.022116301444704053,79.97421593998853,78.77091721934798,30.28333333333333,61.041666666666664,21.958333333333332,980.1833333333334,416.8333333333333,0.9333333333333332,4.675,6.283333333333334,10.25,3.0,0.0,0.5,1029.5,82.5
2025-08-18 12:00:00,0.02295461157952025,76.09843183677675,74.86697169556459,29.508333333333336,63.824999999999996,21.96666666666667,979.7416666666667,246.25,0.7166666666666667,6.033333333333334,8.450000000000001,13.458333333333334,3.4,0.0,0.5,1029.5,312.5
2025-08-18 13:00:00,0.022576739581230507,82.70508113441836,81.32584556905203,30.666666666666668,59.65833333333333,21.925,979.1750000000001,528.8333333333334,0.9333333333333332,5.75,8.0,13.575000000000001,3.9,0.0,0.5,1029.5,311.5
2025-08-18 14:00:00,0.027053500703590933,65.55668470803256,64.12575275389835,30.599999999999998,57.833333333333336,21.358333333333334,978.4,277.0,1.05,5.008333333333334,7.066666666666666,10.025,5.4,0.0,0.5,1029.5,299.5
2025-08-18 15:00:00,0.025739723272693155,67.3993543246982,66.03520546286485,29.633333333333336,61.35,21.425,977.9666666666667,157.25,0.8166666666666668,6.366666666666667,8.991666666666667,13.233333333333334,2.6,0.0,0.5,1029.5,203.0
2025-08-18 16:00:00,0.04074846977804402,17.186243214173356,16.37972260693984,28.900000000000002,66.11666666666666,21.96666666666667,978.0583333333334,59.666666666666664,0.05833333333333333,7.808333333333334,10.541666666666666,18.183333333333334,0.7,0.0,0.5,1029.5,142.5
2025-08-18 17:00:00,0.036313973080530824,3.8841163331778037,3.7280546720280587,28.2,69.03333333333333,21.991666666666664,978.65,23.916666666666668,0.5,7.141666666666667,8.833333333333334,13.625,2.2,0.0,0.5,1029.5,318.0
2025-08-18 18:00:00,0.0398832719257451,1.148301199548945,1.100525830779375,27.5,70.7,21.8,978.8,15.0,0.7,4.9,5.4,7.3,1.0,0.0,0.5,1029.5,290.0
2025-08-19 06:00:00,0.049203459580473854,1.445180038112619,1.3710292223264546,24.5,76.51,20.110000000000003,980.53,14.5,0.20999999999999996,10.129999999999999,11.25,15.23,1.2,0.0,0.0,1029.5,49.0
2025-08-19 07:00:00,0.0448817363960932,30.601574544759725,28.895439821073385,25.483333333333334,72.85,20.266666666666666,981.1333333333333,87.5,0.0,12.091666666666667,13.441666666666668,18.175,0.0,0.0,0.0,1029.5,46.5
2025-08-19 08:00:00,0.025361940557106676,73.33721323143956,71.83811121618686,26.96666666666667,66.63333333333334,20.241666666666667,981.4833333333332,187.0,0.6666666666666666,11.008333333333333,13.983333333333334,19.900000000000002,2.1,0.0,0.0,1029.5,319.0
2025-08-19 09:00:00,0.020647506811892233,82.92176187706333,81.83958565894285,28.900000000000002,59.85,20.333333333333332,981.6833333333334,440.0833333333333,0.9083333333333333,8.691666666666666,12.049999999999999,18.958333333333332,3.5,0.0,0.0,1029.5,315.5
2025-08-19 10:00:00,0.023548704061298952,83.03351640902663,81.5255054225607,30.083333333333332,55.34166666666667,20.183333333333334,981.4833333333332,556.6666666666666,1.0833333333333333,6.55,9.116666666666667,14.450000000000001,3.8,0.0,0.0,1029.5,299.0
2025-08-19 11:00:00,0.02187273179062804,81.87103155668993,80.67143153734402,31.675,52.4,20.766666666666666,981.1083333333332,593.0,1.1416666666666666,6.991666666666667,9.35,16.633333333333333,4.1,0.0,0.0,1029.5,272.0
2025-08-19 12:00:00,0.02181425351143443,81.07618941794262,79.97287707896292,32.35,49.875,20.583333333333332,980.4916666666667,685.6666666666666,1.3333333333333333,5.116666666666666,6.941666666666666,10.75,4.4,0.0,0.0,1029.5,128.5
2025-08-19 13:00:00,0.022973910160629992,80.38934582466047,79.16475138566821,33.35,46.86666666666667,20.474999999999998,979.3833333333333,699.1666666666666,1.2,5.266666666666667,7.283333333333334,11.975,4.4,0.0,0.0,1029.5,303.5
2025-08-19 14:00:00,0.020433405979525084,79.63905206880789,78.80137837048206,33.958333333333336,44.44166666666666,20.158333333333335,978.4499999999999,608.6666666666666,1.3166666666666667,5.45,7.733333333333333,11.666666666666666,4.3,0.0,0.0,1029.5,63.0
2025-08-19 15:00:00,0.020515677972505225,79.30719070929983,78.5276454338282,33.25833333333333,44.50833333333333,19.575,978.1833333333334,412.5833333333333,1.2833333333333334,5.2749999999999995,7.2749999999999995,10.266666666666667,3.7,0.0,0.0,1029.5,83.0
2025-08-19 16:00:00,0.017114443754991618,66.54394662839006,66.34026220074333,31.65833333333333,47.49166666666667,19.141666666666666,978.1333333333333,220.41666666666666,1.175,6.791666666666667,9.258333333333333,15.933333333333332,4.4,0.0,0.0,1029.5,313.0
2025-08-19 17:00:00,0.02866770077651078,26.88627345018327,26.273654645344326,30.7,50.85,19.366666666666667,978.2416666666667,90.75,0.975,8.008333333333333,11.200000000000001,17.641666666666666,4.2,0.0,0.0,1029.5,318.0
2025-08-19 18:00:00,0.0332257250843198,7.52732104716624,7.29961450498824,30.2,52.6,19.4,978.6,43.0,0.8,8.8,11.9,16.5,1.6,0.0,0.0,1029.5,12.0
2025-08-20 06:00:00,0.13110161263927173,7.2089635008180775,4.069101483415808,24.29090909090909,77.26363636363637,20.081818181818182,981.6272727272727,23.818181818181817,0.2,10.627272727272727,11.827272727272726,15.97272727272727,0.9,0.0,0.0,1029.5,65.0
2025-08-20 07:00:00,0.1817818202938307,76.01418732555773,56.834295122507854,27.224999999999998,66.45,20.45,982.0500000000001,129.16666666666666,0.6833333333333332,13.791666666666666,15.991666666666667,21.525000000000002,2.1,0.0,0.0,1029.5,205.0
2025-08-20 08:00:00,0.0197360668562531,83.13808400974033,82.1990772828186,29.358333333333334,58.86666666666667,20.466666666666665,982.5833333333334,445.1666666666667,0.8166666666666668,10.924999999999999,14.758333333333333,21.3,2.9,0.0,0.0,1029.5,299.5
2025-08-20 09:00:00,0.022925344486878618,82.41202881692273,81.0158239747729,30.733333333333334,53.291666666666664,20.166666666666668,983.0833333333334,646.0,1.0833333333333333,7.758333333333333,10.5,16.558333333333334,3.5,0.0,0.0,1029.5,182.0
2025-08-20 10:00:00,0.024245934711472576,80.61856198442602,79.11982468749638,31.916666666666668,49.949999999999996,20.208333333333332,982.875,804.1666666666666,1.1,7.333333333333333,9.450000000000001,14.316666666666668,3.1,0.0,0.0,1029.5,164.0
2025-08-20 11:00:00,0.024437223655762935,78.50695090816201,77.04079444949959,33.083333333333336,47.15,20.316666666666666,982.1750000000001,889.1666666666666,1.1833333333333333,7.1499999999999995,9.483333333333333,14.141666666666666,3.9,0.0,0.0,1029.5,196.5
2025-08-20 12:00:00,0.023197326315593948,78.35485477489016,77.11215451550072,34.25833333333333,44.666666666666664,20.516666666666666,981.1333333333333,907.3333333333334,1.1583333333333334,7.2,9.441666666666666,15.700000000000001,4.1,0.0,0.0,1029.5,97.0
2025-08-20 13:00:00,0.021464185770081717,78.64930611381385,77.70621935808042,34.766666666666666,43.46666666666667,20.558333333333334,979.9916666666667,696.8333333333334,1.0583333333333333,6.8999999999999995,9.174999999999999,13.416666666666666,3.5,0.0,0.0,1029.5,75.0
2025-08-20 14:00:00,0.021060090077789126,77.57195528953564,76.72225570268397,34.666666666666664,43.28333333333333,20.358333333333334,979.2583333333333,503.4166666666667,1.0666666666666667,7.2749999999999995,9.091666666666667,13.775,3.6,0.0,0.0,1029.5,188.5
2025-08-20 15:00:00,0.02210201988158503,76.57162434099295,75.69029987663806,34.199999999999996,43.86666666666667,20.166666666666668,978.8000000000001,429.4166666666667,0.9583333333333334,8.875,11.858333333333334,16.974999999999998,3.0,0.0,0.0,1029.5,312.5
2025-08-20 16:00:00,0.010027848361379618,50.61834477480568,50.912931020298345,33.0,45.89166666666667,19.833333333333332,978.7083333333334,162.5,0.9083333333333333,9.391666666666667,12.508333333333333,18.075,3.1,0.0,0.0,1029.5,287.5
2025-08-20 17:00:00,0.0351147133833498,10.318217197227915,9.957825805001024,31.625,50.09166666666667,19.983333333333334,979.0333333333333,53.75,0.7083333333333334,10.458333333333334,13.575000000000001,21.075,2.1,0.0,0.0,1029.5,311.5
2025-08-20 18:00:00,0.0365713936836067,2.663617284461252,2.54723739944076,31.0,52.2,20.1,979.5,24.0,0.7,12.3,16.0,25.0,0.7,0.0,0.0,1029.5,295.0
2025-08-21 06:00:00,0.05097719885940169,3.5155781564860735,3.292818567780401,25.61818181818182,71.65454545454546,20.136363636363637,983.6818181818181,25.09090909090909,0.47272727272727266,13.2,14.663636363636364,19.845454545454547,1.3,0.0,0.0,1029.5,120.0
2025-08-21 07:00:00,0.045698774195233265,39.345829202128265,37.13497569857674,26.349999999999998,69.25833333333334,20.266666666666666,984.5833333333334,108.16666666666667,0.6666666666666666,14.141666666666666,16.008333333333333,22.625,1.7,0.0,0.0,1029.5,93.0
2025-08-21 08:00:00,0.02422067929438601,75.68678069349473,74.30763810376187,27.53333333333333,65.425,20.508333333333333,985.225,219.91666666666666,0.7416666666666667,14.958333333333334,18.758333333333333,28.666666666666668,2.1,0.0,0.0,1029.5,196.0
2025-08-21 09:00:00,0.02342761847329594,82.4026320078335,81.18225061761449,29.108333333333334,59.24166666666667,20.358333333333334,985.25,359.1666666666667,0.9500000000000001,10.933333333333332,14.466666666666667,21.474999999999998,2.8,0.0,0.0,1029.5,102.5
2025-08-21 10:00:00,0.026855984355776175,81.61940673575299,79.90602813051768,31.45,53.083333333333336,20.75,984.775,771.0833333333334,1.1583333333333334,9.65,13.049999999999999,18.325,3.5,0.0,0.0,1029.5,225.5
2025-08-21 11:00:00,0.02659324920462185,79.3420972357781,77.69773505131279,33.09166666666667,49.5,21.141666666666666,983.9416666666666,885.25,1.0416666666666667,9.158333333333333,12.200000000000001,18.708333333333332,3.6,0.0,0.0,1029.5,147.5
2025-08-21 12:00:00,0.026011326975691067,77.82127937753131,76.27648235028842,34.1,48.74166666666667,21.808333333333334,982.75,911.0833333333334,1.05,8.741666666666665,12.049999999999999,18.2,3.3,0.0,0.0,1029.5,229.0
2025-08-21 13:00:00,0.025036534640828844,77.35602742840786,76.0556000741088,35.041666666666664,46.56666666666666,21.916666666666668,981.3833333333333,867.1666666666666,0.9916666666666667,7.5249999999999995,9.858333333333333,13.933333333333332,3.7,0.0,0.0,1029.5,288.5
2025-08-21 14:00:00,0.025017626515830522,75.62012847398428,74.48104077696478,36.15833333333333,43.55833333333334,21.825,980.475,688.75,0.8500000000000001,6.241666666666667,8.049999999999999,12.075000000000001,2.7,0.0,0.0,1029.5,306.0
2025-08-21 15:00:00,0.02486746446063789,69.9254527189044,68.8145860431224,35.1,45.98333333333333,21.75,979.9416666666666,391.0833333333333,0.7666666666666666,5.816666666666666,7.558333333333334,11.341666666666667,1.9,0.0,0.0,1029.5,187.5
2025-08-21 16:00:00,0.02242771727841535,41.64033990876498,41.81701614230924,34.18333333333333,47.74166666666667,21.525000000000002,979.7833333333333,208.75,0.5666666666666667,6.983333333333333,8.700000000000001,12.966666666666667,2.4,0.0,0.0,1029.5,227.0
2025-08-21 17:00:00,0.04792675592809778,13.95863317884276,13.107532149072988,32.791666666666664,52.59166666666667,21.84166666666667,980.1833333333334,57.833333333333336,0.06666666666666667,8.091666666666667,10.508333333333333,15.808333333333332,0.7,0.0,0.0,1029.5,174.0
2025-08-21 18:00:00,0.0365881515462847,3.764043826497328,3.61216879408077,32.2,56.6,22.5,980.3,28.0,0.0,10.4,15.0,26.1,0.0,0.0,0.0,1029.5,359.0
2025-08-22 06:00:00,0.04505168368654186,1.798727616644732,1.7217757187562892,25.919999999999998,84.27000000000001,23.1,983.2,18.5,0.0,26.7,29.630000000000003,40.08,0.0,0.0,0.0,1029.5,146.5
2025-08-22 07:00:00,0.04432518353630548,17.203151192266862,16.441888565394798,26.78333333333333,79.04166666666667,22.883333333333336,984.0749999999999,66.91666666666667,0.19166666666666665,28.90833333333333,32.06666666666667,43.35833333333333,1.5,0.0,0.0,1029.5,136.5
2025-08-22 08:00:00,0.026229178005242715,79.85685422127078,78.35213173161125,28.758333333333336,71.23333333333333,23.03333333333333,984.3833333333333,316.8333333333333,0.5833333333333334,27.275000000000002,30.650000000000002,41.75833333333333,2.0,0.0,0.0,1029.5,135.5
2025-08-22 09:00:00,0.025082796333172317,81.12482202163191,79.6435413408718,30.991666666666664,60.44166666666666,22.45,984.775,458.3333333333333,0.9,16.875,22.891666666666666,29.599999999999998,2.6,0.0,0.0,1029.5,184.5
2025-08-22 10:00:00,0.024115883608470834,81.87682212603447,80.54562326869066,32.199999999999996,55.98333333333333,22.333333333333332,984.7416666666667,618.0833333333334,0.9166666666666666,13.975,18.816666666666666,26.825,3.7,0.0,0.0,1029.5,233.0
2025-08-22 11:00:00,0.02503561109191123,78.89733425547143,77.61586812854553,32.800000000000004,54.59166666666667,22.441666666666666,983.8416666666667,820.4166666666666,1.0250000000000001,14.066666666666668,18.291666666666668,26.275000000000002,3.5,0.0,0.0,1029.5,181.5
2025-08-22 12:00:00,0.0252476446210804,77.9678518378302,76.62935081640964,34.074999999999996,50.1,22.233333333333334,982.4833333333332,766.5,0.9583333333333334,10.708333333333334,13.908333333333333,19.458333333333332,2.9,0.0,0.0,1029.5,94.5
2025-08-22 13:00:00,0.02504078717124549,78.75110077308223,77.4783115490315,34.69166666666667,49.65833333333333,22.666666666666668,981.1333333333333,690.75,0.8833333333333333,11.200000000000001,14.908333333333333,22.566666666666666,2.8,0.0,0.0,1029.5,265.5
2025-08-22 14:00:00,0.021760471064579817,80.12350553248545,79.13827548044158,34.016666666666666,51.74166666666667,22.71666666666667,980.0500000000001,550.25,1.1500000000000001,11.041666666666666,14.166666666666666,22.84166666666667,4.2,0.0,0.0,1029.5,244.5
2025-08-22 15:00:00,0.019626273342980966,75.77683702852978,75.1832823010436,34.06666666666667,51.583333333333336,22.71666666666667,979.2916666666666,443.5,1.0916666666666666,10.783333333333333,14.316666666666668,20.516666666666666,5.0,0.0,0.0,1029.5,231.5
2025-08-22 16:00:00,0.01133561234414302,46.49704530635049,46.887466072996034,33.02727272727273,53.82727272727273,22.427272727272726,978.8727272727273,183.27272727272728,0.7818181818181817,13.4,17.37272727272727,25.327272727272728,2.7,0.0,0.0,1029.5,270.0
2025-08-22 17:00:00,0.034597236507757805,7.946446089180477,7.7862706391202074,30.008333333333336,65.93333333333334,22.916666666666668,979.4499999999999,31.0,1.8416666666666668,10.733333333333334,13.816666666666668,21.633333333333336,4.9,0.0,0.0,1029.5,347.5
2025-08-22 18:00:00,0.0409656045900654,0.505565323787815,0.4898734003421849,28.8,70.9,23.0,980.0,7.0,1.1,9.9,12.5,17.6,3.0,0.0,0.0,1029.5,357.0
2025-08-23 06:00:00,0.06736796144501637,0.09866937406534503,0.09319832148105239,22.675,97.175,22.1875,983.125,2.625,0.3375,4.3,4.8,6.5125,1.4,6.0,55.0,1127.25,222.5
2025-08-23 07:00:00,0.04018238521730208,10.32716405436206,10.019029005874339,22.983333333333334,97.2,22.541666666666668,983.9333333333334,48.75,0.2333333333333333,5.141666666666667,5.691666666666666,7.7250000000000005,1.7,6.0,55.5,1127.75,93.5
2025-08-23 08:00:00,0.03118283165333423,62.383247878424335,61.00436950094913,24.150000000000002,95.27499999999999,23.366666666666664,983.9,173.08333333333334,0.4166666666666667,11.658333333333333,12.950000000000001,17.508333333333333,1.6,0.0,55.5,1127.75,106.5
2025-08-23 09:00:00,0.024010937602386623,82.85131403876737,81.4592419362112,26.625,81.75833333333334,23.258333333333336,983.8000000000001,362.5833333333333,0.5583333333333332,7.958333333333333,8.825000000000001,11.950000000000001,1.3,0.0,55.5,1127.75,143.5
2025-08-23 10:00:00,0.0226812357099832,82.5761630282898,81.31182691997076,28.650000000000002,73.13333333333333,23.383333333333336,983.4666666666667,412.3333333333333,0.625,8.558333333333334,9.924999999999999,13.741666666666667,2.3,0.0,55.5,1127.75,313.0
2025-08-23 11:00:00,0.02311920114530965,82.19195323386597,80.89199457833625,29.71666666666667,67.47500000000001,23.066666666666666,983.2666666666668,431.1666666666667,0.7000000000000001,8.950000000000001,12.208333333333334,18.683333333333334,2.4,0.0,55.5,1127.75,274.0
2025-08-23 12:00:00,0.02340536571330394,80.73395223698749,79.47866289704604,30.883333333333336,64.52499999999999,23.425,982.3333333333334,532.25,0.7166666666666667,9.549999999999999,12.625,18.0,3.0,0.0,55.5,1127.75,207.0
2025-08-23 13:00:00,0.024176989331492853,80.88070015067869,79.57087296589987,31.291666666666668,63.76666666666667,23.633333333333336,981.3666666666667,475.5833333333333,0.6833333333333332,8.625,11.083333333333334,16.241666666666667,1.9,0.0,55.5,1127.75,40.0
2025-08-23 14:00:00,0.02092603332826091,79.34264383269239,78.37923540001253,32.891666666666666,59.574999999999996,23.983333333333334,980.5916666666667,587.25,0.6749999999999999,9.408333333333333,12.158333333333333,16.958333333333332,3.1,0.0,55.5,1127.75,298.0
2025-08-23 15:00:00,0.02180329210014549,78.59500139427819,77.55424645023028,32.791666666666664,57.775,23.383333333333336,980.0916666666667,403.0,0.5916666666666667,10.266666666666667,14.541666666666666,21.883333333333336,2.5,0.0,55.5,1127.75,310.5
2025-08-23 16:00:00,0.02472282889398689,68.16836248363992,66.95945558094877,31.375,62.300000000000004,23.316666666666666,979.7916666666666,199.08333333333334,0.15,13.908333333333333,19.35,27.224999999999998,1.2,0.0,55.5,1127.75,311.5
2025-08-23 17:00:00,0.03623070629032119,21.182593316992445,20.346734347790832,30.291666666666668,66.41666666666667,23.349999999999998,979.8916666666668,73.75,0.27499999999999997,16.458333333333332,21.116666666666667,30.441666666666666,1.4,0.0,55.5,1127.75,230.5
2025-08-23 18:00:00,0.029587448826377,4.263084828242043,4.143010151893132,30.1,68.2,23.6,980.2,30.0,0.5,18.6,24.1,33.2,1.1,0.0,55.5,1127.75,191.0
2025-08-24 06:00:00,0.09736836213935657,7.047775383189168,5.290704943910087,24.183333333333334,90.10000000000001,22.458333333333332,983.1833333333334,32.25,0.39166666666666666,11.450000000000001,12.725,17.216666666666665,2.1,0.0,0.25,1138.0,38.0
2025-08-24 07:00:00,0.08442660774661881,65.06729122348507,57.22389878060428,26.308333333333334,79.64166666666667,22.483333333333334,983.7166666666667,201.83333333333334,0.5416666666666666,14.275,15.85,21.433333333333334,1.6,0.0,0.25,1138.0,45.0
2025-08-24 08:00:00,0.02373188602819028,83.33279993087085,82.0859025226945,29.125,65.59166666666667,22.03333333333333,984.2583333333333,448.75,0.8416666666666667,12.516666666666666,15.116666666666667,20.016666666666666,2.5,0.0,0.25,1138.0,99.5
2025-08-24 09:00:00,0.027017912693050525,82.36021276160365,80.52857323317151,30.141666666666666,61.025,21.833333333333332,984.1333333333333,650.25,0.9500000000000001,10.625,13.791666666666666,20.758333333333333,3.6,0.0,0.25,1138.0,87.5
2025-08-24 10:00:00,0.02729599064674944,80.27969151070761,78.42752551664029,31.366666666666664,57.9,22.108333333333334,983.6583333333333,807.5,1.0,8.808333333333334,11.491666666666667,16.650000000000002,3.7,0.0,0.25,1138.0,83.5
2025-08-24 11:00:00,0.025462457892377634,78.43803977280312,76.73178947445217,32.84166666666666,52.93333333333334,22.016666666666666,983.1416666666668,902.4166666666666,1.0250000000000001,6.966666666666666,9.283333333333333,12.516666666666666,3.3,0.0,0.25,1138.0,300.5
2025-08-24 12:00:00,0.023874001924292967,77.86483575218868,76.40752151323282,33.641666666666666,49.81666666666666,21.733333333333334,982.2666666666668,928.0833333333334,1.075,5.966666666666666,7.891666666666667,13.275,3.1,0.0,0.25,1138.0,225.5
2025-08-24 13:00:00,0.0244704592081202,77.93591420653838,76.48802395621415,34.1,48.225,21.641666666666666,981.275,864.0833333333334,1.0416666666666667,5.491666666666667,7.591666666666666,10.541666666666666,3.9,0.0,0.25,1138.0,308.5
2025-08-24 14:00:00,0.022879231816385816,73.49041333559951,72.46767872308368,34.68333333333333,46.26666666666667,21.45,980.5166666666668,671.3333333333334,0.8833333333333333,4.991666666666666,6.783333333333334,9.791666666666666,3.2,0.0,0.25,1138.0,309.0
2025-08-24 15:00:00,0.02075023463779802,73.04796374606585,72.28466631763821,34.666666666666664,46.43333333333334,21.516666666666666,980.0166666666668,469.8333333333333,0.7916666666666666,4.716666666666667,6.258333333333333,10.85,2.8,0.0,0.25,1138.0,329.0
2025-08-24 16:00:00,0.020673538798333783,31.88585341129468,31.62287685805866,33.39090909090909,49.11818181818182,21.28181818181818,979.8090909090909,211.63636363636363,0.7545454545454546,5.2727272727272725,7.390909090909091,11.781818181818181,2.8,0.0,0.25,1138.0,322.0
2025-08-24 17:00:00,0.040330751882319764,15.356631392901036,14.642240851263992,32.18333333333334,51.75,21.025000000000002,980.1083333333332,62.75,0.3916666666666666,6.1499999999999995,8.125,12.716666666666667,1.8,0.0,0.25,1138.0,321.0
2025-08-24 18:00:00,0.0378800180095616,2.419672049281254,2.2952125236617853,31.8,52.7,21.0,980.5,19.0,0.2,6.7,9.4,16.4,0.7,0.0,0.25,1138.0,352.0
2025-08-25 06:00:00,0.09772895322959561,12.593230353631332,9.04872071908023,24.836363636363636,74.93636363636364,20.09090909090909,982.9454545454545,43.0,0.18181818181818182,9.527272727272727,10.590909090909092,14.336363636363636,1.6,0.0,0.0,1138.0,129.0
2025-08-25 07:00:00,0.07181430780943893,78.92517774203235,71.04713960989609,27.116666666666664,66.0,20.233333333333334,983.2833333333333,194.91666666666666,0.6583333333333333,10.458333333333334,12.241666666666667,17.400000000000002,2.1,0.0,0.0,1138.0,95.0
2025-08-25 08:00:00,0.02552594417766875,82.15157747896714,80.68506432656149,27.95,62.61666666666667,20.175,983.5333333333333,323.6666666666667,0.7666666666666666,10.033333333333333,13.316666666666668,19.3,2.4,0.0,0.0,1138.0,172.5
2025-08-25 09:00:00,0.02776974046003256,82.34206202271825,80.5772348237811,29.40833333333333,58.85,20.533333333333335,983.4250000000001,511.75,0.9,9.741666666666667,13.025,19.0,2.6,0.0,0.0,1138.0,153.0
2025-08-25 10:00:00,0.030177813743825225,81.19060121509189,79.17474871565966,31.400000000000002,54.43333333333334,21.116666666666667,982.9583333333334,624.25,0.8666666666666667,8.391666666666667,11.583333333333334,16.35,2.4,0.0,0.0,1138.0,143.0
2025-08-25 11:00:00,0.02867350698553935,79.8263257028909,78.051221194234,32.86666666666667,48.43333333333334,20.541666666666668,982.1916666666666,774.9166666666666,1.1,5.583333333333333,7.841666666666666,12.708333333333334,4.0,0.0,0.0,1138.0,48.5
2025-08-25 12:00:00,0.02754245789128829,81.14297628493551,79.51786465531713,32.949999999999996,46.11666666666667,19.841666666666665,981.4166666666666,525.9166666666666,0.9166666666666666,4.533333333333333,6.2749999999999995,10.5,2.8,0.0,0.0,1138.0,59.5
2025-08-25 13:00:00,0.027348522879603588,78.58891889552383,76.99374650760333,34.275,44.925000000000004,20.616666666666667,980.1416666666668,624.4166666666666,0.7916666666666666,4.708333333333333,6.441666666666666,11.200000000000001,2.8,0.0,0.0,1138.0,306.0
2025-08-25 14:00:00,0.02578183698090086,79.75645127623856,78.4205372576232,34.53333333333333,45.5,21.075,979.1333333333333,584.3333333333334,0.975,4.483333333333333,6.2749999999999995,10.508333333333333,3.9,0.0,0.0,1138.0,286.0
2025-08-25 15:00:00,0.025369943413761892,78.36241682759417,77.13150268594838,33.425000000000004,46.5,20.425,978.8249999999999,426.8333333333333,1.2333333333333334,3.5749999999999997,4.733333333333333,7.7749999999999995,4.9,0.0,0.0,1138.0,14.5
2025-08-25 16:00:00,0.028675431064627634,63.76673891226674,62.41355106708395,31.724999999999998,53.21666666666667,21.05,978.9916666666667,159.33333333333334,1.05,5.791666666666667,8.016666666666667,11.375,2.9,0.0,0.0,1138.0,19.0
2025-08-25 17:00:00,0.03767530937277335,22.349123185915882,21.48831548100641,31.083333333333332,58.60833333333333,22.03333333333333,979.1999999999999,73.08333333333333,0.14166666666666666,7.691666666666666,10.366666666666667,15.216666666666667,1.3,0.0,0.0,1138.0,21.0
2025-08-25 18:00:00,0.0310162765830894,5.392714431374712,5.228953504913457,30.5,62.4,22.5,979.5,31.0,0.0,9.3,12.7,18.0,0.0,0.0,0.0,1138.0,37.0
2025-08-26 06:00:00,0.04411996281010176,4.539627318619687,4.308968228694165,25.04,80.65,21.52,981.9200000000001,30.0,0.0,17.34,19.25,26.04,0.0,0.0,0.0,1138.0,128.5
2025-08-26 07:00:00,0.04415279206171464,43.43229854975405,41.55071805969274,25.808333333333334,77.175,21.53333333333333,982.4416666666666,113.0,0.325,23.641666666666666,26.275000000000002,35.525,2.1,0.0,0.0,1138.0,104.5
2025-08-26 08:00:00,0.026627364895599775,77.40549802656949,75.95367871537077,27.3,70.96666666666667,21.59166666666667,982.8499999999999,233.08333333333334,0.7666666666666666,23.974999999999998,27.483333333333334,36.63333333333333,2.0,0.0,0.0,1138.0,98.0
2025-08-26 09:00:00,0.025529599162415584,83.26851299243289,81.75277989567614,29.491666666666664,62.208333333333336,21.508333333333336,983.0,466.5,0.9416666666666668,21.116666666666667,27.133333333333336,34.5,3.3,0.0,0.0,1138.0,68.0
2025-08-26 10:00:00,0.029100239423661984,81.96665459858613,80.02221075674096,31.258333333333336,55.833333333333336,21.416666666666668,982.8249999999999,644.9166666666666,1.05,16.625,21.141666666666666,28.316666666666666,3.5,0.0,0.0,1138.0,166.0
2025-08-26 11:00:00,0.02628487535118572,81.08292941780662,79.51721026492262,32.016666666666666,54.18333333333334,21.608333333333334,982.1916666666666,741.5,1.0083333333333333,14.908333333333333,19.400000000000002,25.53333333333333,3.1,0.0,0.0,1138.0,96.5
2025-08-26 12:00:00,0.025920119964700217,77.96659078117817,76.5021646710936,33.53333333333333,49.0,21.34166666666667,981.0583333333334,937.0833333333334,1.125,10.933333333333332,14.25,19.825,4.3,0.0,0.0,1138.0,89.5
2025-08-26 13:00:00,0.025950041290050616,77.99440142129399,76.52574203820782,34.041666666666664,47.09166666666667,21.183333333333334,979.8583333333332,530.5,0.8666666666666667,9.033333333333333,11.366666666666667,15.825000000000001,3.1,0.0,0.0,1138.0,222.5
2025-08-26 14:00:00,0.025485567522245484,78.79343440760032,77.42915975868983,33.21666666666666,48.68333333333334,20.974999999999998,979.2666666666668,378.6666666666667,0.725,9.566666666666666,12.091666666666667,17.425,3.1,0.0,0.0,1138.0,317.0
2025-08-26 15:00:00,0.026466045204039463,77.82837687120148,76.36900832165777,33.5,47.725,20.908333333333335,978.8333333333334,345.0833333333333,0.725,9.3,12.066666666666668,15.549999999999999,2.4,0.0,0.0,1138.0,316.0
2025-08-26 16:00:00,0.02581201035940457,65.78060258349912,64.67434031704511,32.166666666666664,49.75,20.366666666666667,978.5333333333333,172.08333333333334,0.575,9.908333333333333,13.291666666666666,19.508333333333333,3.9,0.0,0.0,1138.0,309.0
2025-08-26 17:00:00,0.030525476231268344,27.98452827162735,27.419824754579594,31.575,51.775,20.458333333333332,978.8416666666667,84.75,0.5083333333333333,12.299999999999999,16.958333333333332,22.766666666666666,3.0,0.0,0.0,1138.0,304.5
2025-08-26 18:00:00,0.0271895792659584,4.188054652660165,4.092407250000707,31.0,54.5,20.8,979.2,29.0,0.1,15.8,21.2,33.1,0.7,0.0,0.0,1138.0,315.0
2025-08-27 06:00:00,0.05061797893748926,0.9324292885344484,0.8908331109853069,26.32,69.55,20.330000000000002,980.32,11.3,0.6199999999999999,6.909999999999999,7.68,10.41,2.3,0.0,0.0,1138.0,226.0
2025-08-27 07:00:00,0.03669453222654453,23.713479381633135,22.7293218728117,26.625,69.66666666666667,20.675,980.9083333333333,73.41666666666667,0.5833333333333334,10.375,11.516666666666666,15.583333333333334,1.7,0.0,0.0,1138.0,140.0
2025-08-27 08:00:00,0.02728281413413154,74.08781947235293,72.60193225198867,27.808333333333334,66.22500000000001,20.974999999999998,981.2083333333334,201.75,0.7166666666666667,10.516666666666667,12.799999999999999,16.75,2.9,0.0,0.0,1138.0,194.0
2025-08-27 09:00:00,0.02570022837056034,81.0354487246036,79.60693992361145,28.866666666666664,62.541666666666664,21.033333333333335,981.3166666666666,285.3333333333333,1.0166666666666668,6.125,7.966666666666666,10.066666666666666,3.9,0.0,0.0,1138.0,156.5
2025-08-27 10:00:00,0.026694605755303885,82.76498885478476,81.26201497231132,29.633333333333336,60.84166666666667,21.291666666666668,980.9499999999999,416.75,1.0999999999999999,6.791666666666667,8.841666666666667,11.049999999999999,4.1,0.0,0.0,1138.0,96.0
2025-08-27 11:00:00,0.026829770344717643,81.42440810085414,79.82466341642923,31.366666666666664,56.875,21.825,980.3249999999999,467.9166666666667,0.8833333333333333,7.425,9.441666666666666,14.15,3.3,0.0,0.0,1138.0,293.0
2025-08-27 12:00:00,0.025555530499181484,80.74348481722018,79.29567296340976,32.13333333333333,54.59166666666667,21.858333333333334,979.5083333333333,446.0833333333333,0.9166666666666666,6.925,8.991666666666667,11.666666666666666,3.4,0.0,0.0,1138.0,79.5
2025-08-27 13:00:00,0.021232086785857005,81.32547476997256,80.31043056550132,33.233333333333334,50.18333333333334,21.46666666666667,978.6166666666667,627.75,1.125,6.341666666666666,8.525,11.758333333333333,3.5,0.0,0.0,1138.0,67.0
2025-08-27 14:00:00,0.02306407265907487,77.76991183714908,76.62779314433253,34.36666666666667,47.416666666666664,21.59166666666667,977.9166666666666,605.75,0.9750000000000001,5.516666666666667,7.008333333333333,9.450000000000001,3.2,0.0,0.0,1138.0,177.0
2025-08-27 15:00:00,0.029628444641684765,63.065389694042686,61.549645662059596,32.583333333333336,51.38333333333333,21.266666666666666,977.5833333333334,171.0,0.43333333333333335,6.2250000000000005,8.116666666666667,11.549999999999999,3.1,0.0,0.0,1138.0,333.5
2025-08-27 16:00:00,0.0244144505928882,67.98966198762233,66.90193964245977,32.775,51.275000000000006,21.400000000000002,977.2916666666666,188.66666666666666,0.27499999999999997,8.608333333333333,11.183333333333332,14.791666666666666,3.3,0.0,0.0,1138.0,297.5
2025-08-27 17:00:00,0.03376489256217126,27.572992144014155,26.736819877499,31.641666666666666,54.38333333333333,21.308333333333334,977.3833333333333,84.75,0.6916666666666668,11.424999999999999,14.533333333333333,22.025000000000002,3.8,0.0,0.0,1138.0,278.0
2025-08-27 18:00:00,0.0298423797551237,6.90659424734356,6.66581291783038,31.1,56.5,21.5,977.8,40.0,0.3,12.3,16.0,19.3,1.8,0.0,0.0,1138.0,232.0
2025-08-28 06:00:00,0.04818884452395157,1.8651261812800037,1.770736330927038,26.310000000000002,72.17999999999999,20.93,979.99,16.7,0.6399999999999999,8.45,9.379999999999999,12.67,1.5,0.0,0.0,1138.0,113.5
2025-08-28 07:00:00,0.037916707667042145,45.047919929636606,43.34426804643254,26.958333333333332,70.175,21.091666666666665,980.6666666666666,117.25,0.7083333333333334,10.358333333333333,11.625,15.591666666666667,2.1,0.0,0.0,1138.0,151.5
2025-08-28 08:00:00,0.02568754866720445,78.30019789762173,76.88171378442324,28.266666666666666,66.13333333333334,21.349999999999998,980.9833333333332,246.75,0.85,11.683333333333332,14.133333333333333,19.416666666666668,3.5,0.0,0.0,1138.0,125.5
2025-08-28 09:00:00,0.027897244954935133,83.22609271147091,81.51076720802348,29.974999999999998,58.81666666666666,21.058333333333334,981.2083333333334,487.1666666666667,1.175,6.575,8.958333333333334,13.233333333333334,4.0,0.0,0.0,1138.0,112.5
2025-08-28 10:00:00,0.02921950694339751,81.5769043167548,79.64414652977058,31.575,54.50833333333333,21.316666666666666,980.725,656.3333333333334,1.1083333333333334,6.925,9.633333333333333,15.033333333333333,4.1,0.0,0.0,1138.0,273.5
2025-08-28 11:00:00,0.029826590263905176,78.97241901872714,76.95207103042662,33.13333333333333,50.800000000000004,21.59166666666667,979.75,874.75,1.0166666666666668,6.866666666666667,9.275,15.049999999999999,3.3,0.0,0.0,1138.0,288.0
2025-08-28 12:00:00,0.0304972432028407,77.86234401362522,75.98440549712164,34.13333333333333,48.73333333333333,21.84166666666667,978.6666666666666,804.75,1.0833333333333333,6.341666666666666,8.375,15.141666666666666,4.1,0.0,0.0,1138.0,165.5
2025-08-28 13:00:00,0.027200545810584145,78.53338429440235,77.076387807077,34.31666666666667,48.300000000000004,21.858333333333334,977.5833333333334,579.8333333333334,0.9416666666666668,6.0249999999999995,8.366666666666667,14.158333333333333,3.8,0.0,0.0,1138.0,250.5
2025-08-28 14:00:00,0.02661362627416562,78.54417507865199,77.13665911905237,34.108333333333334,49.125,21.958333333333332,976.875,367.1666666666667,0.6833333333333332,5.991666666666667,8.591666666666667,12.841666666666667,3.0,0.0,0.0,1138.0,293.0
2025-08-28 15:00:00,0.024446115718370243,78.78608638152636,77.67281628707842,34.28333333333333,50.15,22.425,976.3416666666667,364.5833333333333,0.8083333333333332,6.625,9.291666666666666,13.633333333333333,4.2,0.0,0.0,1138.0,139.0
2025-08-28 16:00:00,0.025037974129398607,70.06752395775426,69.00986280525179,32.86666666666667,52.43333333333334,21.875,975.9250000000001,209.41666666666666,0.9083333333333333,6.858333333333333,9.1,12.008333333333333,5.0,0.0,0.0,1138.0,287.5
2025-08-28 17:00:00,0.03432317487138619,22.947221959757638,22.300673524492137,32.016666666666666,54.21666666666667,21.633333333333336,976.3666666666667,72.25,0.8250000000000001,8.975,12.208333333333334,18.716666666666665,2.5,0.0,0.0,1138.0,263.5
2025-08-28 18:00:00,0.0368437299437132,2.3329772977543763,2.2455939925109503,31.6,56.4,21.9,976.6,20.0,1.0,10.8,14.8,23.5,2.7,0.0,0.0,1138.0,210.0
2025-08-29 06:00:00,0.05030249500783994,1.5249753377550532,1.4493249253032903,26.919999999999998,70.22,21.009999999999998,980.43,15.0,0.0,10.98,12.61,17.240000000000002,0.0,0.0,0.0,1138.0,62.5
2025-08-29 07:00:00,0.049655747442556984,18.599686174827017,17.359375646660858,27.45,67.84166666666667,21.008333333333333,981.2083333333334,65.41666666666667,0.5083333333333333,12.625,14.633333333333333,20.275000000000002,2.4,0.0,0.0,1138.0,232.5
2025-08-29 08:00:00,0.03229920168789627,72.21444235947253,70.5456733224851,29.058333333333334,61.275,20.883333333333333,981.5666666666666,262.3333333333333,0.7666666666666666,11.558333333333332,15.291666666666666,21.266666666666666,2.3,0.0,0.0,1138.0,280.5
2025-08-29 09:00:00,0.024283929432552673,82.24794456563363,80.975799680378,30.400000000000002,55.81666666666666,20.616666666666667,981.4833333333332,464.0833333333333,1.05,6.558333333333334,9.108333333333333,14.008333333333333,3.4,0.0,0.0,1138.0,219.0
2025-08-29 10:00:00,0.024517066643282386,81.56528230144468,80.24289675648704,31.45,53.59166666666667,20.916666666666668,981.0083333333333,506.4166666666667,0.9583333333333334,5.291666666666667,7.3500000000000005,10.716666666666667,3.4,0.0,0.0,1138.0,90.0
2025-08-29 11:00:00,0.025813365869219784,80.61073736036828,79.17110503726622,32.791666666666664,50.81666666666666,21.275000000000002,980.4499999999999,678.4166666666666,0.9583333333333334,5.5249999999999995,7.383333333333333,11.616666666666667,3.5,0.0,0.0,1138.0,255.5
2025-08-29 12:00:00,0.023453711447823506,79.0562797740714,77.96619517762882,33.225,50.199999999999996,21.458333333333332,979.5333333333333,715.5833333333334,0.9833333333333334,5.291666666666667,7.141666666666667,10.883333333333333,3.1,0.0,0.0,1138.0,234.5
2025-08-29 13:00:00,0.02107138540593675,77.64346400309277,76.95092184050573,34.025,47.74166666666667,21.375,978.8333333333334,880.1666666666666,1.4000000000000001,6.375,8.433333333333334,11.841666666666667,4.0,0.0,0.0,1138.0,187.5
2025-08-29 14:00:00,0.019659417778139735,78.87557182570653,78.31826609989663,34.550000000000004,45.333333333333336,21.0,978.1416666666668,705.25,1.2,5.683333333333334,7.6000000000000005,12.158333333333333,4.0,0.0,0.0,1138.0,258.0
2025-08-29 15:00:00,0.019857899380811877,77.90997843054014,77.31589586004056,34.291666666666664,45.34166666666667,20.8,977.4916666666667,431.4166666666667,1.0666666666666667,6.816666666666666,9.333333333333334,15.275,4.6,0.0,0.0,1138.0,246.0
2025-08-29 16:00:00,-0.00023847626670258268,41.65695109312448,44.05700048402843,33.875,45.61666666666667,20.51666666666667,977.4666666666667,198.08333333333334,0.7166666666666667,9.658333333333333,13.533333333333333,21.833333333333332,2.9,0.0,0.0,1138.0,311.0
2025-08-29 17:00:00,0.034886750622922284,17.01141478876856,16.387054562495223,32.93333333333333,49.40833333333333,20.95,978.0749999999999,64.91666666666667,0.21666666666666667,13.283333333333333,18.691666666666666,31.566666666666666,2.4,0.0,0.0,1138.0,274.5
2025-08-29 18:00:00,0.0263069567447158,2.542777965548432,2.478756657287285,32.1,50.9,20.7,978.7,23.0,1.0,15.3,20.9,34.2,3.1,0.0,0.0,1138.0,229.0
2025-08-30 06:00:00,0.10909348506779583,6.424503860128237,4.107068394953032,26.363636363636363,72.99090909090908,21.154545454545453,982.0363636363636,29.181818181818183,0.21818181818181817,12.463636363636363,13.818181818181818,18.71818181818182,1.7,0.0,0.0,1138.0,97.0
2025-08-30 07:00:00,0.14047254437396833,53.83011959078863,41.38834820613987,27.825,68.0,21.391666666666666,982.5749999999999,120.91666666666667,0.625,10.533333333333333,11.758333333333333,16.108333333333334,2.1,0.0,0.0,1138.0,272.0
2025-08-30 08:00:00,0.033076603775632755,76.29270735702946,74.1403687557365,29.291666666666668,64.125,21.8,982.7583333333333,378.4166666666667,0.7833333333333333,11.658333333333333,13.708333333333334,19.099999999999998,2.4,0.0,0.0,1138.0,127.5
2025-08-30 09:00:00,0.027670501463347572,81.4268056813752,79.6769848091099,31.641666666666666,55.59166666666667,21.691666666666666,982.9166666666666,600.0,1.0333333333333334,7.2749999999999995,9.700000000000001,15.4,3.7,0.0,0.0,1138.0,131.5
2025-08-30 10:00:00,0.028694780711410902,80.9210156252719,79.08375243089954,32.583333333333336,52.36666666666667,21.583333333333332,982.7333333333332,787.9166666666666,1.3166666666666667,7.625,10.641666666666667,15.808333333333332,5.0,0.0,0.0,1138.0,254.5
2025-08-30 11:00:00,0.030131222978118516,77.51495672292785,75.62034624652348,34.266666666666666,48.09166666666667,21.741666666666664,982.0166666666668,888.5,1.2249999999999999,7.633333333333334,11.008333333333333,19.166666666666668,4.6,0.0,0.0,1138.0,255.0
2025-08-30 12:00:00,0.028640095778584108,78.64443893600574,77.04869456885204,35.15,45.68333333333334,21.691666666666666,980.9250000000001,880.9166666666666,1.2416666666666667,7.383333333333333,9.741666666666667,15.441666666666668,3.7,0.0,0.0,1138.0,213.5
2025-08-30 13:00:00,0.029732383921664687,77.99056575007764,76.32258257189575,35.291666666666664,45.449999999999996,21.758333333333336,980.0500000000001,732.25,1.0250000000000001,7.441666666666666,10.208333333333334,14.866666666666667,4.5,0.0,0.0,1138.0,289.5
2025-08-30 14:00:00,0.02815610723626039,76.47473649877027,75.00187416324026,35.44166666666667,45.074999999999996,21.766666666666666,979.4166666666666,622.9166666666666,1.0166666666666666,6.833333333333333,9.666666666666666,15.833333333333334,3.2,0.0,0.0,1138.0,314.0
2025-08-30 15:00:00,0.02579134260092425,78.91814209354584,77.66754070557086,35.050000000000004,46.11666666666667,21.766666666666666,978.9916666666667,475.4166666666667,1.0250000000000001,7.2749999999999995,10.166666666666666,14.933333333333332,3.5,0.0,0.0,1138.0,306.0
2025-08-30 16:00:00,0.008297082130265374,40.323136489038305,41.724003934541756,34.074999999999996,48.300000000000004,21.616666666666664,978.8666666666667,155.33333333333334,0.7083333333333334,7.7,10.4,15.65,2.7,0.0,0.0,1138.0,294.5
2025-08-30 17:00:00,0.02796049150478525,8.33903707707817,8.14148713714937,33.44166666666667,50.86666666666667,21.916666666666668,979.1583333333333,48.0,0.3,9.991666666666667,13.450000000000001,22.55,1.3,0.0,0.0,1138.0,26.5
2025-08-30 18:00:00,0.0310423891091382,2.4679563822820403,2.389640738146036,33.2,53.1,22.4,979.4,21.0,0.0,12.1,16.4,23.7,0.0,0.0,0.0,1138.0,33.0
2025-08-31 06:00:00,0.041244737432174286,3.1960546812331736,3.055702066288935,26.78,71.03,21.080000000000002,982.26,24.6,0.6,9.85,10.95,14.809999999999999,1.5,0.0,0.0,1138.0,86.5
2025-08-31 07:00:00,0.036500342663102016,50.97839971709604,49.360014625688876,27.483333333333334,69.41666666666667,21.400000000000002,982.5,130.08333333333334,0.525,16.566666666666666,18.458333333333332,24.875,1.9,0.0,0.0,1138.0,141.5
2025-08-31 08:00:00,0.024972816251592877,79.79524654680466,78.47973753580946,28.925,63.75,21.383333333333336,982.7083333333334,307.75,0.875,14.541666666666666,19.275000000000002,27.066666666666666,3.6,0.0,0.0,1138.0,116.5
2025-08-31 09:00:00,0.024987277581632144,82.45334288566075,80.98281552644849,31.183333333333334,56.84166666666667,21.616666666666664,982.7916666666666,618.4166666666666,0.9333333333333335,10.25,13.549999999999999,18.599999999999998,2.7,0.0,0.0,1138.0,156.5
2025-08-31 10:00:00,0.0267571226505831,80.65891288627866,78.9247675384173,32.44166666666667,53.34166666666667,21.766666666666666,982.2916666666666,690.25,1.0416666666666667,7.891666666666667,10.941666666666668,16.008333333333333,3.2,0.0,0.0,1138.0,132.0
2025-08-31 11:00:00,0.02463373058072245,78.98838545599887,77.6068984129419,33.71666666666667,50.13333333333333,21.875,981.8166666666666,787.9166666666666,1.0166666666666668,6.783333333333332,9.108333333333333,12.725,3.7,0.0,0.0,1138.0,165.5
2025-08-31 12:00:00,0.023343727796103192,77.76438917227414,76.56944306702917,34.93333333333333,45.85,21.541666666666668,980.9,784.4166666666666,1.1833333333333333,4.625,6.308333333333334,10.25,5.3,0.0,0.0,1138.0,80.0
2025-08-31 13:00:00,0.02198451142944861,77.5873278234083,76.63355659587616,34.833333333333336,45.88333333333333,21.474999999999998,979.9250000000001,539.5833333333334,1.0833333333333333,6.05,8.191666666666666,12.525,3.5,0.0,0.0,1138.0,39.0
2025-08-31 14:00:00,0.02045702916305455,79.08021112046553,78.38981628130347,35.641666666666666,42.550000000000004,20.966666666666665,978.9666666666667,687.0833333333334,1.3,4.783333333333333,6.7250000000000005,12.083333333333334,4.9,0.0,0.0,1138.0,45.0
2025-08-31 15:00:00,0.021507166944535614,76.49815048819453,75.68236678273637,34.875,42.73333333333333,20.349999999999998,978.35,405.0,1.2583333333333333,5.325,7.0,12.408333333333333,5.1,0.0,0.0,1138.0,52.5
2025-08-31 16:00:00,0.0285375570070476,50.18966127511191,49.12278493448099,33.53333333333333,47.425000000000004,20.849999999999998,977.8000000000001,122.83333333333333,0.525,15.6,21.383333333333336,30.224999999999998,2.6,0.0,0.0,1138.0,321.0
2025-08-31 17:00:00,0.032147525093244554,11.432630170434118,10.968635782258566,32.516666666666666,53.05833333333334,21.7,977.8249999999999,49.0,0.13333333333333333,18.466666666666665,25.208333333333332,37.175000000000004,0.7,0.0,0.0,1138.0,170.5
2025-08-31 18:00:00,0.0264784785201467,1.681689358723059,1.534872364452042,31.6,57.9,22.3,978.1,16.0,0.0,14.7,20.6,33.7,0.0,0.0,0.0,1138.0,27.0
2025-09-01 06:00:00,0.04727114575668167,3.086107731022346,2.7821205835192804,26.369999999999997,75.03,21.610000000000003,979.76,23.6,0.59,13.190000000000001,14.64,19.81,2.2,0.0,0.0,1138.0,67.5
2025-09-01 07:00:00,0.05349721162351372,24.29834141373165,22.459598735596447,27.058333333333334,71.97500000000001,21.599999999999998,980.3083333333334,82.41666666666667,0.7166666666666667,16.475,18.266666666666666,24.691666666666666,2.3,0.0,0.0,1138.0,104.5
2025-09-01 08:00:00,0.02783733549624079,76.03009705376067,74.45640377662885,28.316666666666666,67.96666666666667,21.891666666666666,980.6750000000001,241.83333333333334,0.8250000000000001,19.275000000000002,23.175,32.1,2.6,0.0,0.0,1138.0,107.0
2025-09-01 09:00:00,0.023376642398223207,82.0889335875825,80.88466116180238,30.59166666666667,57.791666666666664,21.316666666666666,980.6166666666667,382.0833333333333,1.0333333333333334,12.116666666666667,16.7,25.641666666666666,3.2,0.0,0.0,1138.0,146.5
2025-09-01 10:00:00,0.023559149153239117,80.9701821682973,79.79694609444836,31.933333333333334,51.775,20.816666666666666,980.5083333333333,352.0833333333333,1.0250000000000001,8.433333333333334,12.016666666666666,17.825,3.4,0.0,0.0,1138.0,137.5
2025-09-01 11:00:00,0.023976175923156706,81.90678433769833,80.72903862220794,32.25,50.50833333333333,20.7,980.0083333333333,403.25,1.2583333333333333,7.108333333333333,10.333333333333334,17.366666666666667,3.8,0.0,0.0,1138.0,95.5
2025-09-01 12:00:00,0.024638363986593175,81.81921220576957,80.53917317282087,33.458333333333336,47.75833333333333,20.866666666666667,978.9916666666667,585.6666666666666,1.3499999999999999,5.916666666666667,8.741666666666667,13.833333333333334,3.6,0.0,0.0,1138.0,76.0
2025-09-01 13:00:00,0.025114872761571507,78.42620605982746,77.15641499015929,33.71666666666667,46.699999999999996,20.75,978.225,373.0,1.1333333333333335,6.25,8.858333333333333,14.283333333333333,4.0,0.0,0.0,1138.0,92.5
2025-09-01 14:00:00,0.02518496063879422,77.56602849274718,76.37432826644861,33.50833333333333,48.14166666666667,21.05,977.6083333333332,282.9166666666667,0.875,6.883333333333333,9.766666666666667,16.2,2.9,0.0,0.0,1138.0,145.0
2025-09-01 15:00:00,0.025121442940145667,70.6949057049156,69.5798248186743,33.63333333333333,47.25,20.875,977.2333333333332,214.25,0.8416666666666667,6.858333333333333,9.975,16.616666666666667,2.7,0.0,0.0,1138.0,67.5
2025-09-01 16:00:00,0.030679529016008202,57.6565682260593,56.14713079935604,33.13333333333333,49.64166666666667,21.224999999999998,977.0666666666666,134.25,0.6,13.866666666666667,19.808333333333334,30.808333333333334,2.1,0.0,0.0,1138.0,251.0
2025-09-01 17:00:00,0.03715141124960316,20.725247199254152,19.822387401465797,31.641666666666666,56.800000000000004,22.041666666666668,977.0666666666666,67.5,0.7333333333333334,14.083333333333334,19.55,29.825,2.6,0.0,0.0,1138.0,17.5
2025-09-01 18:00:00,0.034335559600526,2.049196949135699,1.979346532848028,31.1,58.9,22.1,977.2,18.0,0.8,15.1,20.3,32.3,1.6,0.0,0.0,1138.0,20.0
2025-09-02 06:00:00,0.06746426845658819,2.9261513259092817,2.5932269603470166,25.1,76.52000000000001,20.7,979.47,21.5,0.5900000000000001,10.52,11.67,15.819999999999999,1.8,0.0,0.0,1138.0,139.5
2025-09-02 07:00:00,0.06621388998470186,54.93583990671109,50.88225805068106,26.316666666666666,71.8,20.841666666666665,980.1916666666666,134.58333333333334,0.6,16.408333333333335,18.224999999999998,24.683333333333334,3.4,0.0,0.0,1138.0,152.0
2025-09-02 08:00:00,0.024044308394022874,81.745318568431,80.53917179476143,28.083333333333332,65.56666666666666,21.05,980.5,284.75,0.9166666666666666,14.583333333333334,18.333333333333332,25.583333333333332,2.7,0.0,0.0,1138.0,139.0
2025-09-02 09:00:00,0.023363547225939866,83.77718584594732,82.56972604779878,30.141666666666666,58.15833333333333,21.033333333333335,980.625,502.1666666666667,1.075,9.266666666666667,12.924999999999999,18.408333333333335,3.8,0.0,0.0,1138.0,151.5
2025-09-02 10:00:00,0.024818510687583107,81.74064045458982,80.38987727357603,32.0,53.78333333333333,21.45,980.0916666666667,672.9166666666666,1.0833333333333333,8.533333333333333,11.716666666666667,17.858333333333334,3.8,0.0,0.0,1138.0,145.0
2025-09-02 11:00:00,0.02614692973996599,79.81019121735503,78.3636747365636,34.05833333333333,46.46666666666667,20.974999999999998,979.4166666666666,646.4166666666666,1.0583333333333333,6.616666666666667,8.983333333333333,14.525,3.5,0.0,0.0,1138.0,152.5
2025-09-02 12:00:00,0.02552774332679116,80.72201004191629,79.38169882575164,34.15833333333333,44.416666666666664,20.333333333333332,978.3916666666668,660.8333333333334,1.5,6.533333333333334,8.775,16.316666666666666,5.2,0.0,0.0,1138.0,68.0
2025-09-02 13:00:00,0.02389137441330742,79.81372540578552,78.68553077431314,34.916666666666664,42.791666666666664,20.425,977.8833333333333,525.5,1.1583333333333334,6.05,8.433333333333334,12.950000000000001,4.1,0.0,0.0,1138.0,65.0
2025-09-02 14:00:00,0.024947597756824726,78.18853698945374,77.01217534154826,34.31666666666667,43.9,20.291666666666668,977.1833333333334,358.3333333333333,1.2666666666666668,5.366666666666667,7.433333333333334,13.816666666666668,3.5,0.0,0.0,1138.0,76.0
2025-09-02 15:00:00,0.02316187451975596,78.47505302963405,77.52031994929541,34.825,43.65,20.683333333333334,976.5500000000001,389.4166666666667,0.9333333333333332,5.858333333333333,8.666666666666666,14.558333333333332,3.6,0.0,0.0,1138.0,55.5
2025-09-02 16:00:00,0.02477346251293389,64.72929955619738,63.79805212601306,34.06666666666667,45.63333333333333,20.7,975.9833333333332,179.33333333333334,0.8916666666666667,7.983333333333333,11.316666666666668,18.849999999999998,3.1,0.0,0.0,1138.0,115.5
2025-09-02 17:00:00,0.03460974870198993,21.797985766939547,21.02257755310565,33.025,49.15,20.975,976.375,75.41666666666667,0.47500000000000003,8.325000000000001,11.375,20.758333333333333,2.4,0.0,0.0,1138.0,116.0
2025-09-02 18:00:00,0.0290921255163232,2.629334583676086,2.561817449733016,32.0,52.7,21.1,976.9,21.0,0.0,15.6,21.1,36.9,1.3,0.0,0.0,1138.0,319.0
2025-09-03 06:00:00,0.04515117993196474,2.570854879441005,2.454874326148636,25.939999999999998,74.72,21.11,979.29,21.3,0.22999999999999998,12.52,13.89,18.8,1.4,0.0,0.0,1139.25,124.5
2025-09-03 07:00:00,0.03935321912951679,48.52259710011972,46.989135460110674,26.891666666666666,70.89999999999999,21.175,979.5666666666666,141.58333333333334,0.6833333333333332,11.950000000000001,13.333333333333334,17.983333333333334,2.4,0.0,0.0,1139.25,89.0
2025-09-03 08:00:00,0.02567080284448521,83.25608449582079,81.90092054767912,29.266666666666666,62.800000000000004,21.45,979.8833333333333,400.1666666666667,0.9833333333333334,10.591666666666667,13.483333333333334,18.5,4.0,0.0,0.0,1139.25,153.5
2025-09-03 09:00:00,0.02708516262670556,82.52438207615762,80.81961634744376,31.458333333333332,56.13333333333333,21.708333333333332,980.125,622.6666666666666,1.075,8.375,11.275,16.258333333333333,3.2,0.0,0.0,1139.25,154.0
2025-09-03 10:00:00,0.024602108589509415,81.97723703390197,80.62622337422198,31.958333333333332,54.69166666666666,21.724999999999998,979.8666666666667,476.5833333333333,1.0999999999999999,6.675,9.358333333333333,13.65,3.2,0.0,0.0,1139.25,134.5
2025-09-03 11:00:00,0.02319625251000115,80.7141936020248,79.56515850597646,33.824999999999996,49.875,21.924999999999997,979.2333333333332,610.5,0.9916666666666667,5.833333333333333,8.174999999999999,14.041666666666666,3.1,0.0,0.0,1139.25,151.5
2025-09-03 12:00:00,0.024201156934540193,77.97364275869491,76.69145055479015,34.21666666666667,48.708333333333336,21.916666666666668,978.5,398.25,0.9,6.308333333333334,8.591666666666667,13.0,2.8,0.0,0.0,1139.25,210.5
2025-09-03 13:00:00,0.0243564322335087,73.41963618245009,72.35871890240357,33.65,49.64166666666667,21.691666666666666,977.9083333333333,309.5,0.8666666666666667,6.591666666666666,9.166666666666666,15.491666666666667,3.4,0.0,0.0,1139.25,131.5
2025-09-03 14:00:00,0.022269675651044974,80.023942835764,79.0819629065471,33.65,49.15,21.533333333333335,977.3583333333332,400.5,1.05,6.383333333333333,8.799999999999999,14.85,5.1,0.0,0.0,1139.25,72.0
2025-09-03 15:00:00,0.02518440069979889,69.31269822664957,68.18898792486667,33.449999999999996,48.55833333333334,21.15,976.9833333333332,236.91666666666666,0.9833333333333334,6.0249999999999995,8.35,14.341666666666667,4.6,0.0,0.0,1139.25,38.0
2025-09-03 16:00:00,0.04335501684228748,24.28742237097397,23.074726748584855,30.45,59.99166666666667,21.84166666666667,976.9250000000001,76.33333333333333,1.0916666666666666,9.591666666666667,12.475,19.891666666666666,3.5,0.0,0.0,1139.25,200.5
2025-09-03 17:00:00,0.03843618081621533,10.975398138674478,10.54084157809646,30.183333333333334,61.38333333333333,21.958333333333332,977.2666666666668,51.166666666666664,0.9,11.708333333333334,15.858333333333334,23.941666666666666,3.3,0.0,0.0,1139.25,204.0
2025-09-03 18:00:00,0.029870435786056,3.407053735476612,3.3205312601334596,30.1,62.4,22.1,977.7,26.0,0.8,11.8,15.0,20.3,2.3,0.0,0.0,1139.25,73.0
2025-09-04 06:00:00,0.09214131299126128,9.7786077175219,6.958009731541426,25.872727272727275,74.74545454545455,21.045454545454547,980.6545454545455,38.36363636363637,0.6636363636363636,13.254545454545456,14.727272727272727,19.927272727272726,2.4,0.0,0.0,1139.25,123.0
2025-09-04 07:00:00,0.1171539875930835,77.70256789007554,64.81186321984778,27.633333333333336,68.53333333333333,21.316666666666666,981.1416666666668,222.5,0.8500000000000001,15.0,17.016666666666666,23.0,2.9,0.0,0.0,1139.25,125.0
2025-09-04 08:00:00,0.02421604260167244,83.79920913898825,82.44673568868758,29.416666666666668,61.36666666666667,21.216666666666665,981.7166666666667,454.9166666666667,1.05,10.416666666666666,13.700000000000001,18.716666666666665,4.1,0.0,0.0,1139.25,121.0
2025-09-04 09:00:00,0.027315331162112835,83.11095755726967,81.30103257285997,30.599999999999998,57.43333333333334,21.25,981.9916666666667,637.3333333333334,1.2416666666666667,9.216666666666667,12.4,17.724999999999998,4.0,0.0,0.0,1139.25,156.0
2025-09-04 10:00:00,0.028162391834157408,79.7138894371547,77.8646401753121,32.61666666666667,52.708333333333336,21.741666666666664,981.775,790.0833333333334,1.0166666666666666,8.266666666666667,11.083333333333334,16.108333333333334,4.1,0.0,0.0,1139.25,106.0
2025-09-04 11:00:00,0.02821379501780223,78.39094054912756,76.61526523753761,33.81666666666667,48.30833333333334,21.383333333333336,980.9083333333333,793.1666666666666,1.0916666666666666,7.358333333333333,10.283333333333333,17.0,3.8,0.0,0.0,1139.25,167.5
2025-09-04 12:00:00,0.02603143794603442,76.62350305060734,75.2131575817024,35.06666666666667,44.68333333333334,21.241666666666664,979.7083333333334,845.9166666666666,1.1083333333333334,5.566666666666666,7.7,12.850000000000001,3.8,0.0,0.0,1139.25,132.0
2025-09-04 13:00:00,0.02607621379280056,77.44317382936505,76.04143955931987,35.15,42.71666666666667,20.599999999999998,978.4083333333333,627.9166666666666,1.1166666666666667,4.566666666666666,5.916666666666667,11.1,4.4,0.0,0.0,1139.25,209.0
2025-09-04 14:00:00,0.03093704475308426,79.43751575162241,77.7019672760199,34.99166666666667,43.26666666666667,20.650000000000002,977.375,515.0833333333334,0.9916666666666667,4.716666666666667,6.241666666666666,10.941666666666668,4.0,0.0,0.0,1139.25,290.5
2025-09-04 15:00:00,0.028834227442994773,77.4106947839647,75.93774020605262,34.13333333333333,48.25,21.650000000000002,976.7833333333333,370.5833333333333,0.9916666666666667,7.708333333333333,10.85,14.733333333333334,3.7,0.0,0.0,1139.25,303.5
2025-09-04 16:00:00,0.022807202495215003,57.263315546986284,56.88062372646724,32.949999999999996,51.36666666666667,21.625,976.7333333333335,147.25,0.8333333333333334,9.725,13.166666666666666,19.366666666666667,3.0,0.0,0.0,1139.25,303.0
2025-09-04 17:00:00,0.03803425121789569,7.803300564010494,7.545510858973508,32.30833333333333,53.50833333333333,21.683333333333334,977.1666666666666,34.166666666666664,0.5583333333333333,8.166666666666666,11.275,16.7,2.3,0.0,0.0,1139.25,317.5
2025-09-04 18:00:00,0.0430731206839596,0.948555250821637,0.905595236662977,31.7,55.5,21.7,977.5,10.0,0.0,10.6,14.0,24.4,0.0,0.0,0.0,1139.25,299.0
2025-09-05 06:00:00,0.04415985270764422,1.2037419107665772,1.164459099762547,26.090000000000003,73.71000000000001,21.02,982.18,13.5,0.73,13.37,14.8,20.029999999999998,2.1,0.0,0.0,1139.25,88.5
2025-09-05 07:00:00,0.03789234364939239,26.04178551674413,25.08696699049005,26.34166666666667,72.63333333333334,21.05,982.9,80.58333333333333,0.8166666666666668,17.916666666666668,19.866666666666667,26.866666666666664,2.4,0.0,0.0,1139.25,105.0
2025-09-05 08:00:00,0.028730885078508156,74.36609293144778,72.80350562725333,27.5,68.39999999999999,21.175,983.5,208.25,0.8250000000000001,17.974999999999998,21.53333333333333,30.75,2.3,0.0,0.0,1139.25,131.5
2025-09-05 09:00:00,0.03380013540131279,84.07024122000036,81.66107992184352,30.875,57.89166666666667,21.625,983.3416666666667,614.25,1.0250000000000001,16.991666666666667,22.900000000000002,30.90833333333333,3.5,0.0,0.0,1139.25,180.5
2025-09-05 10:00:00,0.0353995819629156,81.08111736047034,78.5209309763981,32.65833333333334,52.958333333333336,21.825,982.9250000000001,829.9166666666666,1.075,12.016666666666666,16.391666666666666,24.241666666666664,3.2,0.0,0.0,1139.25,176.5
2025-09-05 11:00:00,0.033139671108160566,79.2185914287417,76.91019435046958,33.625,50.75833333333333,22.03333333333333,982.1666666666666,825.9166666666666,1.2083333333333333,10.483333333333333,14.441666666666668,19.925,4.6,0.0,0.0,1139.25,253.5
2025-09-05 12:00:00,0.03069274787764001,79.40218599305953,77.41339780999711,33.38333333333333,51.824999999999996,22.141666666666666,980.9583333333334,908.0,1.2916666666666667,12.358333333333334,16.325,21.84166666666667,4.8,0.0,0.0,1139.25,260.0
2025-09-05 13:00:00,0.030485542338236474,78.97635755498021,77.07449292748501,34.516666666666666,47.666666666666664,21.816666666666666,979.8666666666667,727.8333333333334,1.1,10.391666666666667,13.808333333333332,19.616666666666667,4.4,0.0,0.0,1139.25,281.5
2025-09-05 14:00:00,0.025369773194542224,79.19706572671231,77.84231927296992,35.050000000000004,44.39166666666667,21.108333333333334,978.8583333333332,491.5,0.8666666666666667,8.241666666666667,10.783333333333333,17.608333333333334,2.8,0.0,0.0,1139.25,302.0
2025-09-05 15:00:00,0.0250067088833089,78.60146899483092,77.411724259097,36.190909090909095,40.10909090909091,20.5,978.2363636363636,556.0,0.9,7.290909090909091,10.245454545454546,15.945454545454545,2.6,0.0,0.0,1139.25,317.0
2025-09-05 16:00:00,0.015384394929613916,17.457427363546017,17.54843666755691,34.50833333333333,43.791666666666664,20.425,978.1083333333332,179.33333333333334,0.7166666666666667,7.383333333333333,9.875,14.558333333333332,2.5,0.0,0.0,1139.25,17.5
2025-09-05 17:00:00,0.0315159154117875,6.776420744947018,6.410708150410291,33.24166666666667,46.65,20.283333333333335,978.6166666666667,41.25,0.4166666666666667,8.425,11.566666666666668,19.008333333333333,1.9,0.0,0.0,1139.25,206.5
2025-09-05 18:00:00,0.0321447650854187,1.8714481527385816,1.762811380459995,32.9,48.4,20.6,979.1,16.0,0.0,8.5,12.3,19.0,0.0,0.0,0.0,1139.25,41.0
2025-09-06 06:00:00,0.09392710148049159,18.6863009657592,14.071343856939171,26.883333333333336,71.28333333333333,21.258333333333333,982.85,61.333333333333336,0.3666666666666667,24.65833333333333,27.383333333333336,37.00833333333333,1.6,0.0,0.0,1139.25,58.5
2025-09-06 07:00:00,0.11315286641314748,77.29318447179689,64.02741477386432,29.05,64.23333333333333,21.616666666666664,983.6833333333334,197.91666666666666,0.4916666666666667,21.616666666666664,25.766666666666666,35.949999999999996,1.8,0.0,0.0,1139.25,135.5
2025-09-06 08:00:00,0.02522566751632696,82.44195521971533,81.09206163819007,30.55,58.675000000000004,21.55,984.225,431.0833333333333,0.7999999999999999,19.216666666666665,25.808333333333334,34.583333333333336,2.7,0.0,0.0,1139.25,184.5
2025-09-06 09:00:00,0.026251684724202678,81.49737160005107,79.98310103935648,31.766666666666666,54.43333333333334,21.474999999999998,984.1583333333333,646.6666666666666,1.0,15.283333333333333,20.458333333333332,28.008333333333336,3.0,0.0,0.0,1139.25,115.5
2025-09-06 10:00:00,0.028850135134114243,79.67235454662104,77.99762494916816,32.824999999999996,51.60833333333333,21.566666666666666,983.8083333333334,797.5833333333334,1.0583333333333333,14.025,18.7,26.833333333333332,3.6,0.0,0.0,1139.25,126.0
2025-09-06 11:00:00,0.02836262164091279,78.13583612609061,76.61986202368045,34.141666666666666,48.01666666666667,21.599999999999998,982.975,900.5833333333334,1.0416666666666667,11.15,14.633333333333333,20.483333333333334,3.2,0.0,0.0,1139.25,113.0
2025-09-06 12:00:00,0.027398964166013024,76.74404530305067,75.35925809325074,35.5,43.69166666666666,21.258333333333333,981.7833333333333,934.3333333333334,1.0333333333333334,9.1,11.875,16.8,3.0,0.0,0.0,1139.25,230.0
2025-09-06 13:00:00,0.0209682344633822,74.48788130764059,73.78480022529011,35.90833333333333,41.425000000000004,20.775000000000002,980.6166666666667,710.6666666666666,0.9666666666666667,7.391666666666667,10.141666666666667,15.25,2.6,0.0,0.0,1139.25,115.0
2025-09-06 14:00:00,0.01763462229095454,75.83361488845084,75.60579414893716,36.733333333333334,38.791666666666664,20.425,979.5333333333333,748.3333333333334,0.8583333333333334,6.866666666666667,9.591666666666667,14.716666666666667,2.7,0.0,0.0,1139.25,240.5
2025-09-06 15:00:00,0.017625090705118248,70.93715386386248,70.68021751173028,35.29,42.760000000000005,20.759999999999998,978.97,365.2,1.22,6.85,9.22,13.35,3.3,0.0,0.0,1139.25,222.5
2025-09-06 16:00:00,0.03240522688346594,28.792767276551288,28.124390946887587,34.725,43.574999999999996,20.525000000000002,978.6166666666667,132.0,0.7416666666666667,7.7250000000000005,10.875,17.741666666666667,2.7,0.0,0.0,1139.25,334.5
2025-09-06 17:00:00,0.050757443418961996,2.3566591855071772,2.194223583237295,30.875,61.46666666666667,22.28333333333333,979.2916666666666,13.583333333333334,1.2666666666666666,10.55,14.008333333333333,20.55,4.0,15.0,1.5,1140.75,54.5
2025-09-06 18:00:00,0.0647833368736771,0.1251776276558568,0.1151256627805968,27.8,77.3,23.5,979.9,1.0,1.0,14.0,15.5,21.1,2.0,0.0,1.5,1140.75,28.0
2025-09-07 06:00:00,0.058024206929134535,6.345410809221856,5.85058296279167,25.933333333333334,87.99166666666667,23.849999999999998,982.4083333333333,34.0,0.2583333333333333,16.791666666666668,18.625,25.183333333333334,1.4,0.0,0.0,1151.5,108.0
2025-09-07 07:00:00,0.041442894042390564,69.8229721045208,67.2395069748264,27.775000000000002,79.30833333333334,23.858333333333334,983.3000000000001,208.75,0.375,15.941666666666668,17.724999999999998,23.958333333333332,1.9,0.0,0.0,1151.5,100.0
2025-09-07 08:00:00,0.025309497435377967,80.1062560678716,78.88639241676263,29.583333333333332,69.075,23.333333333333332,983.9833333333332,309.5833333333333,0.7083333333333334,12.766666666666666,15.016666666666666,20.974999999999998,2.0,0.0,0.0,1151.5,92.0
2025-09-07 09:00:00,0.024113251834275026,81.0559579803673,79.72954756569094,31.141666666666666,60.699999999999996,22.650000000000002,984.0500000000001,585.25,0.8583333333333334,11.174999999999999,15.6,21.925,2.5,0.0,0.0,1151.5,76.0
2025-09-07 10:00:00,0.023860346925385,79.78669290885877,78.37935495394885,32.175000000000004,57.76666666666667,22.84166666666667,983.3916666666668,823.25,1.05,12.408333333333333,16.366666666666667,24.875,3.2,0.0,0.0,1151.5,78.0
2025-09-07 11:00:00,0.022650204789972744,77.04702355941376,75.82399927795511,33.56666666666667,53.19166666666666,22.71666666666667,982.5666666666666,891.75,0.975,9.725,13.133333333333333,21.166666666666668,3.7,0.0,0.0,1151.5,87.0
2025-09-07 12:00:00,0.018956558172574658,75.07493372596373,74.35778294858468,33.833333333333336,52.28333333333333,22.708333333333332,981.3833333333333,624.1666666666666,0.8083333333333332,9.358333333333333,12.533333333333333,18.474999999999998,2.7,0.0,0.0,1151.5,182.5
2025-09-07 13:00:00,0.019547794218909408,76.45204629241248,75.69116314215206,34.4,48.10833333333333,21.866666666666664,980.3333333333334,541.8333333333334,0.8333333333333334,7.283333333333334,10.299999999999999,15.9,2.6,0.0,0.0,1151.5,18.5
2025-09-07 14:00:00,0.02116818001956471,67.79477230103497,67.16741622186366,34.525,47.25833333333333,21.683333333333334,979.2833333333333,371.75,0.7166666666666667,6.358333333333333,8.325000000000001,13.058333333333332,2.3,0.0,0.0,1151.5,339.0
2025-09-07 15:00:00,0.026144241573331575,55.6030215878215,55.10563077282302,32.233333333333334,57.291666666666664,22.675,978.6666666666666,181.25,0.5333333333333333,7.7,11.299999999999999,20.224999999999998,4.4,0.0,0.0,1151.5,277.5
2025-09-07 16:00:00,0.024275385681932077,27.64192266290165,27.374975960071552,33.016666666666666,55.975,23.041666666666668,978.2583333333333,170.91666666666666,0.25,6.708333333333333,9.091666666666667,13.35,2.6,0.0,0.0,1151.5,200.0
2025-09-07 17:00:00,0.03756417817856581,10.904535090352992,10.415853296603814,31.34166666666667,59.93333333333334,22.65833333333333,978.7416666666667,44.333333333333336,0.7916666666666666,7.3,9.674999999999999,14.15,2.6,0.0,0.0,1151.5,102.0
2025-09-07 18:00:00,0.0431870130061261,0.763550114551345,0.725933477337607,30.8,60.2,22.2,979.0,9.0,0.0,6.4,8.3,11.5,0.0,0.0,0.0,1151.5,172.0
2025-09-08 06:00:00,0.10160073636641014,13.832030373841084,9.404950067957914,25.641666666666666,84.425,22.858333333333334,982.4250000000001,53.666666666666664,0.15,11.641666666666666,12.941666666666668,17.508333333333333,1.4,0.0,0.0,1165.0,81.0
2025-09-08 07:00:00,0.0936052970043633,61.85184887792729,52.89208394772712,27.400000000000002,77.25,23.108333333333334,982.9416666666666,148.16666666666666,0.3,14.6,16.191666666666666,21.90833333333333,1.9,0.0,0.0,1165.0,185.0
2025-09-08 08:00:00,0.027874503482411217,75.18676609362689,73.81228330442737,28.366666666666664,72.25833333333334,22.875,983.2916666666666,270.0,0.7333333333333334,16.7,18.983333333333334,25.258333333333336,2.4,0.0,0.0,1165.0,152.5
2025-09-08 09:00:00,0.024080456965914678,81.05612695412096,80.06715905066939,29.95,64.68333333333334,22.583333333333332,983.0749999999999,524.6666666666666,0.9,14.0,17.183333333333334,23.78333333333333,2.8,0.0,0.0,1165.0,74.0
2025-09-08 10:00:00,0.02462228897328735,78.2525615539917,77.11284916615709,32.483333333333334,55.625,22.46666666666667,982.75,808.75,0.875,10.775,14.533333333333333,22.03333333333333,2.8,0.0,0.0,1165.0,81.0
2025-09-08 11:00:00,0.021113945835298024,78.76527083429269,78.11762777683381,32.94166666666667,54.125,22.45,982.0583333333334,680.75,0.9083333333333333,9.433333333333334,13.15,20.516666666666666,2.6,0.0,0.0,1165.0,154.0
2025-09-08 12:00:00,0.02239896997664405,77.56593237014975,76.68808482083618,34.875,48.13333333333333,22.291666666666668,980.9250000000001,731.5,0.7083333333333334,8.666666666666666,11.35,19.224999999999998,2.4,0.0,0.0,1165.0,251.0
2025-09-08 13:00:00,0.01991109385831358,74.49141301021781,74.05771789736788,34.916666666666664,45.199999999999996,21.241666666666667,979.6999999999999,619.8333333333334,0.6833333333333332,7.175,9.958333333333334,16.791666666666668,3.5,0.0,0.0,1165.0,58.0
2025-09-08 14:00:00,0.019909676845274,75.10525869246644,74.64025426405732,35.0,44.28333333333333,21.041666666666668,978.75,339.25,0.5416666666666666,6.166666666666667,8.291666666666666,15.016666666666667,2.3,0.0,0.0,1165.0,31.0
2025-09-08 15:00:00,0.01897308102625436,72.32516966303473,72.07347237086911,34.699999999999996,44.73333333333333,20.941666666666666,978.2416666666667,315.25,0.35000000000000003,6.4750000000000005,9.158333333333333,15.275,2.3,0.0,0.0,1165.0,197.0
2025-09-08 16:00:00,0.021031979836495313,57.51404307367011,57.17327218938896,33.458333333333336,47.46666666666667,20.808333333333334,978.125,175.41666666666666,0.7083333333333334,7.683333333333334,10.633333333333335,17.108333333333334,1.9,0.0,0.0,1165.0,187.0
2025-09-08 17:00:00,0.04036188389443011,6.801018230507908,6.514178546934445,32.44166666666667,55.25,22.308333333333334,978.5749999999999,37.166666666666664,0.008333333333333333,10.15,14.225,22.599999999999998,0.7,0.0,0.0,1165.0,185.5
2025-09-08 18:00:00,0.0366282945553655,2.14395670706553,2.058449281387284,31.8,62.1,23.7,978.9,17.0,0.0,12.6,19.3,28.1,0.0,0.0,0.0,1165.0,118.0
2025-09-09 06:00:00,0.11598069449817,9.769159326385417,6.514936402209651,26.345454545454547,90.39999999999999,24.672727272727272,982.2636363636364,43.0,0.02727272727272727,33.945454545454545,37.73636363636364,50.99090909090909,0.7,0.0,0.0,1165.0,26.0
2025-09-09 07:00:00,0.13302406196215652,58.237347818985874,46.2034742038006,27.866666666666664,81.38333333333334,24.391666666666666,982.975,135.83333333333334,0.31666666666666665,30.650000000000002,34.03333333333333,46.03333333333333,1.7,0.0,0.0,1165.0,128.5
2025-09-09 08:00:00,0.020630432833448942,78.5775938082889,77.89884052408024,29.566666666666666,72.69166666666666,24.116666666666664,983.6583333333333,358.0,0.5916666666666667,20.2,23.991666666666664,31.575,1.9,0.0,0.0,1165.0,53.0
2025-09-09 09:00:00,0.02202714890997354,79.45232754356296,78.6870298128783,31.641666666666666,66.05,24.516666666666666,983.725,518.6666666666666,0.47500000000000003,21.733333333333334,28.791666666666668,34.75833333333333,2.2,0.0,0.0,1165.0,79.0
2025-09-09 10:00:00,0.025225829765881586,76.74412945981011,75.46576745995533,33.40833333333334,57.31666666666666,23.84166666666667,983.0333333333333,707.6666666666666,0.7916666666666666,17.558333333333334,24.099999999999998,31.90833333333333,2.2,0.0,0.0,1165.0,109.0
2025-09-09 11:00:00,0.010330407290409,71.2217807471235,71.48392342345099,32.3,57.5,22.9,982.1,296.0,0.7,15.9,20.6,26.4,1.0,0.0,0.0,1165.0,209.0
2025-09-09 12:00:00,0.009978799861274907,76.90723538672908,77.18676655264467,33.300000000000004,54.05833333333334,22.75,981.4499999999999,683.0833333333334,0.9833333333333334,14.858333333333334,18.883333333333333,27.858333333333334,3.6,0.0,0.0,1165.0,115.5
2025-09-09 13:00:00,0.0101697621960996,76.02730975451536,76.27167524885476,34.5,48.26666666666667,22.0,980.4916666666667,723.75,0.9666666666666667,13.466666666666667,17.808333333333334,23.15833333333333,3.1,0.0,0.0,1165.0,178.0
2025-09-09 14:00:00,0.0069213687229209495,75.83526771423097,76.59436834976363,35.05833333333333,45.708333333333336,21.599999999999998,979.6333333333333,631.1666666666666,1.0166666666666666,12.316666666666668,16.008333333333333,21.775000000000002,3.5,0.0,0.0,1165.0,194.5
2025-09-09 15:00:00,0.00044375417353919217,69.11982581694863,70.63251967776037,34.641666666666666,46.80833333333334,21.575,979.1,299.0833333333333,0.8166666666666668,13.016666666666666,16.224999999999998,23.258333333333336,3.0,0.0,0.0,1165.0,162.5
2025-09-09 16:00:00,0.04434445810936056,44.93841611531851,42.020458901182785,33.733333333333334,50.458333333333336,22.016666666666666,978.7916666666666,199.75,1.2083333333333333,16.608333333333334,21.375,29.566666666666666,3.2,0.0,0.0,1165.0,172.5
2025-09-09 17:00:00,0.02055218937213961,38.39241234472358,38.0409940886386,32.22105263157895,58.0578947368421,22.957894736842103,978.9052631578948,59.63157894736842,1.5315789473684212,22.7,28.984210526315792,38.17894736842105,3.8,0.0,0.0,1165.0,172.0
2025-09-09 18:00:00,0.01654852054417835,38.23298066778319,38.1606663871293,31.7,60.4,23.1,979.3,18.0,0.8,23.3,27.6,39.2,1.4,0.0,0.0,1165.0,162.0
2025-09-10 06:00:00,0.10104040405964608,4.340329512465225,2.6781035619929963,26.227272727272727,77.97272727272728,22.09090909090909,982.6727272727272,42.72727272727273,0.6727272727272727,8.290909090909091,9.200000000000001,12.463636363636363,2.0,0.0,0.0,1165.0,92.0
2025-09-10 07:00:00,0.1090920855240536,36.86090576884326,30.03370927149378,27.983333333333334,71.56666666666666,22.375,983.5,212.25,0.7166666666666667,11.825000000000001,13.133333333333333,17.766666666666666,2.8,0.0,0.0,1165.0,160.5
2025-09-10 08:00:00,0.04714580279617441,40.78798194656084,40.85746021721334,29.441666666666666,64.74166666666666,22.116666666666664,984.0583333333334,402.25,0.9750000000000001,7.991666666666667,9.941666666666666,15.008333333333333,2.9,0.0,0.0,1165.0,167.0
2025-09-10 09:00:00,0.04850630334576975,38.914689706598985,38.79764605975419,30.5,61.025,22.166666666666668,984.0083333333333,393.0,0.8833333333333333,7.633333333333333,10.208333333333334,14.383333333333333,3.0,0.0,0.0,1165.0,176.0
2025-09-10 10:00:00,0.048987019907761165,39.47483606160295,39.364695311041565,32.708333333333336,56.81666666666666,23.016666666666666,983.5,797.8333333333334,1.0416666666666667,9.716666666666667,12.125,15.683333333333332,2.8,0.0,0.0,1165.0,159.0
2025-09-10 11:00:00,0.04648931659044923,38.34604016910476,38.27947435886758,34.4,51.5,22.983333333333334,982.7416666666667,883.8333333333334,0.9916666666666667,9.325000000000001,12.266666666666666,15.791666666666666,3.0,0.0,0.0,1165.0,189.0
2025-09-10 12:00:00,0.025939076839114842,38.71562779968894,38.52663972922836,35.94166666666667,44.875,22.099999999999998,981.4916666666667,903.5,0.8833333333333333,8.541666666666666,10.791666666666666,13.891666666666667,2.8,0.0,0.0,1165.0,202.0
2025-09-10 13:00:00,0.015968968308525785,66.50465259061833,66.3621151218906,36.13333333333333,43.00833333333333,21.59166666666667,980.15,849.1666666666666,1.0999999999999999,8.825,10.958333333333334,15.0,4.0,0.0,0.0,1165.0,172.0
2025-09-10 14:00:00,0.011368175735444137,72.64727664394051,72.81891973580758,35.09166666666667,44.89166666666667,21.325,979.0083333333333,563.5,1.5083333333333335,9.533333333333333,12.208333333333334,15.450000000000001,3.6,0.0,0.0,1165.0,173.5
2025-09-10 15:00:00,0.02289882590132031,55.554739098744555,55.02351835112837,30.675,64.66666666666667,23.041666666666668,978.9,86.83333333333333,1.2333333333333334,11.208333333333334,14.325000000000001,20.308333333333334,5.5,0.0,0.0,1165.0,89.5
2025-09-10 16:00:00,0.018401546629868468,55.02739528439232,54.814938186536416,28.108333333333334,74.7,23.21666666666667,979.1333333333333,90.91666666666667,0.9249999999999999,9.549999999999999,10.625,14.366666666666667,3.4,3.0,0.25,1165.25,205.5
2025-09-10 17:00:00,0.015614640908601958,43.88464783292172,44.01672036610494,27.224999999999998,78.46666666666667,23.175,979.65,28.833333333333332,1.125,12.766666666666666,14.158333333333333,19.183333333333334,3.5,0.0,0.25,1165.25,39.0
2025-09-10 18:00:00,0.02164880715203065,39.85089947257651,39.98673788368764,27.4,77.2,23.1,980.3,4.0,0.9,13.3,14.8,20.0,1.9,0.0,0.25,1165.25,43.0
2025-09-11 06:00:00,0.06197391605489133,2.03415699644259,1.9654968021430896,24.75,83.11,21.75,982.18,29.9,0.13999999999999999,10.0,11.1,15.040000000000001,1.3,0.0,0.0,1165.25,277.0
2025-09-11 07:00:00,0.05768928576336369,23.782308535690746,23.187337374114477,25.691666666666666,78.68333333333334,21.758333333333336,982.6750000000001,123.33333333333333,0.5833333333333334,11.783333333333333,13.066666666666668,17.683333333333334,1.7,0.0,0.0,1165.25,112.5
2025-09-11 08:00:00,0.0496929196343475,38.0925041633676,37.98158101209081,26.974999999999998,74.10000000000001,22.008333333333336,983.0500000000001,215.0,0.7083333333333334,10.125,11.366666666666667,15.4,2.2,0.0,0.0,1165.25,117.0
2025-09-11 09:00:00,0.04785994267667529,41.03015121265398,41.084184109829216,29.133333333333336,67.25833333333334,22.441666666666666,982.975,362.9166666666667,0.9,9.525,12.799999999999999,17.075,2.5,0.0,0.0,1165.25,176.5
2025-09-11 10:00:00,0.048969679960859526,40.92381698834343,40.871033660264125,30.141666666666666,64.74166666666666,22.775000000000002,982.6583333333333,453.25,0.9916666666666667,9.166666666666666,12.616666666666667,17.066666666666666,3.0,0.0,0.0,1165.25,146.0
2025-09-11 11:00:00,0.04354023451277736,40.8381570865543,40.73834683942891,31.15833333333333,58.13333333333333,21.991666666666664,982.2333333333332,655.6666666666666,1.2916666666666667,6.45,8.8,13.475000000000001,4.4,0.0,0.0,1165.25,50.0
2025-09-11 12:00:00,0.020809025663152517,40.22424702771334,40.113644064441175,32.333333333333336,53.324999999999996,21.633333333333336,981.6333333333333,785.1666666666666,1.45,6.833333333333333,9.549999999999999,15.200000000000001,5.0,0.0,0.0,1165.25,45.0
2025-09-11 13:00:00,0.025449626567950606,55.11675247582598,54.24730657651528,33.19166666666667,49.00833333333333,21.05,980.6,678.3333333333334,1.175,6.133333333333333,8.441666666666666,12.924999999999999,4.1,0.0,0.0,1165.25,42.0
2025-09-11 14:00:00,0.010440953985736495,80.41406659247006,80.43498739248302,33.15833333333333,48.84166666666667,20.983333333333334,979.6833333333334,464.5833333333333,1.1833333333333333,6.816666666666666,8.958333333333334,15.9,4.4,0.0,0.0,1165.25,29.0
2025-09-11 15:00:00,0.010312110641501721,78.92913455772437,78.98494023099487,33.5,46.775,20.583333333333332,979.1833333333334,309.6666666666667,0.9083333333333333,7.091666666666666,10.241666666666667,15.591666666666667,3.0,0.0,0.0,1165.25,44.0
2025-09-11 16:00:00,0.012146624133705583,72.32933686675649,72.18366290490401,32.34166666666667,49.958333333333336,20.608333333333334,978.8916666666665,160.75,0.8333333333333334,8.783333333333333,12.308333333333332,19.625,2.6,0.0,0.0,1165.25,30.5
2025-09-11 17:00:00,0.017472163218442253,47.35056695465776,47.155603559427355,30.958333333333332,55.275,20.966666666666665,979.5916666666667,56.083333333333336,0.7000000000000001,10.375,14.475,24.09166666666667,1.8,0.0,0.0,1165.25,22.5
2025-09-11 18:00:00,0.0173717199223366,39.336303005917564,39.34895520408238,30.6,58.4,21.6,980.3,14.0,0.3,11.7,16.1,24.7,0.7,0.0,0.0,1165.25,165.0
2025-09-12 06:00:00,0.05843823286979701,1.4534403519183576,1.4135536862434708,26.24,78.85,22.28,981.5799999999999,24.6,0.16,26.43,29.32,39.68,2.0,0.0,0.0,1165.25,306.0
2025-09-12 07:00:00,0.05628649484942202,17.430463882918517,16.981980347982173,27.066666666666666,74.375,22.108333333333334,982.2666666666668,106.0,0.4583333333333333,25.641666666666666,28.441666666666666,38.46666666666667,1.7,0.0,0.0,1165.25,184.5
2025-09-12 08:00:00,0.04733280489774117,39.52932521776037,39.47923181416365,28.625,66.225,21.741666666666664,982.625,287.0,0.8166666666666668,23.09166666666667,29.191666666666666,40.141666666666666,2.5,0.0,0.0,1165.25,88.5
2025-09-12 09:00:00,0.047309574149269396,40.479201139759105,40.4850594219496,31.075,56.166666666666664,21.325,982.75,451.25,0.9166666666666666,17.408333333333335,24.308333333333334,35.53333333333333,2.6,0.0,0.0,1165.25,160.5
2025-09-12 10:00:00,0.04782170844984197,40.31364106790898,40.29292929849161,31.95,53.96666666666667,21.458333333333332,982.5749999999999,490.5833333333333,0.9166666666666666,16.525000000000002,21.84166666666667,33.55,2.8,0.0,0.0,1165.25,114.0
2025-09-12 11:00:00,0.045552940826475714,39.55752406027867,39.37115907345026,33.641666666666666,49.24166666666667,21.566666666666666,982.1750000000001,842.5,1.0916666666666666,13.158333333333333,18.375,27.758333333333336,3.8,0.0,0.0,1165.25,36.5
2025-09-12 12:00:00,0.1451160780260962,63.06067104563422,51.039927151782734,33.49166666666667,49.81666666666666,21.608333333333334,981.3583333333332,712.5833333333334,1.2,12.833333333333334,17.008333333333333,24.933333333333334,4.3,0.0,0.0,1165.25,26.0
2025-09-12 13:00:00,0.00839220673265931,79.71977300664362,80.01911849709619,34.25,48.4,21.833333333333332,980.475,730.8333333333334,1.0250000000000001,15.133333333333333,20.583333333333332,28.21666666666667,3.8,0.0,0.0,1165.25,18.5
2025-09-12 14:00:00,0.009663591164860564,79.19780364200439,79.30155597593942,33.4,50.40833333333333,21.71666666666667,979.6333333333333,462.25,1.1833333333333333,19.358333333333334,26.925,35.36666666666667,3.9,0.0,0.0,1165.25,24.5
2025-09-12 15:00:00,0.010846525892686561,77.92578079594033,77.87760807958382,32.275,52.75833333333333,21.441666666666666,979.1166666666667,259.4166666666667,1.3,19.733333333333334,27.53333333333333,34.11666666666667,4.9,0.0,0.0,1165.25,14.0
2025-09-12 16:00:00,0.010734188551124034,72.59544302490653,72.53664701044846,32.175000000000004,50.475,20.608333333333334,978.9833333333332,181.58333333333334,1.0166666666666668,16.05,21.891666666666666,29.391666666666666,3.9,0.0,0.0,1165.25,18.5
2025-09-12 17:00:00,0.017193697771914266,47.12345025228439,46.93729040269327,31.224999999999998,53.80833333333334,20.791666666666668,979.3166666666666,59.416666666666664,0.9750000000000001,16.224999999999998,22.641666666666666,29.133333333333336,2.8,0.0,0.0,1165.25,12.0
2025-09-12 18:00:00,0.0157463762640438,38.425739336207954,38.76309907318845,30.7,55.6,20.8,979.6,15.0,0.8,17.4,25.3,34.5,1.9,0.0,0.0,1165.25,5.0
2025-09-13 06:00:00,0.03335411326915602,3.543187631081535,3.465066865480851,25.536363636363635,89.06363636363636,23.627272727272725,981.8454545454545,25.363636363636363,0.045454545454545456,26.563636363636363,29.49090909090909,39.90909090909091,1.1,0.0,1.5,1166.75,107.0
2025-09-13 07:00:00,0.021533042401440727,9.762787135857712,9.511553568653845,25.974999999999998,87.45,23.758333333333336,982.75,47.75,0.2333333333333333,28.483333333333334,31.608333333333334,42.71666666666667,1.6,0.0,1.5,1166.75,60.0
2025-09-13 08:00:00,0.02795606072632116,24.438950811523867,23.755511217869753,26.791666666666668,82.86666666666666,23.65833333333333,983.0583333333334,82.58333333333333,0.3833333333333333,32.6,36.19166666666667,48.925000000000004,1.7,0.0,1.5,1166.75,92.0
2025-09-13 09:00:00,0.0138173269195081,72.50191672351748,72.30021236425837,28.516666666666666,75.06666666666668,23.691666666666666,982.8416666666667,194.16666666666666,0.625,38.55833333333333,42.81666666666666,57.84166666666667,1.6,0.0,1.5,1166.75,142.5
2025-09-13 10:00:00,0.011784358285992157,77.32243949927171,77.34092634794801,29.608333333333334,67.60833333333333,22.983333333333334,982.7583333333333,235.66666666666666,0.6916666666666668,28.724999999999998,36.375,49.40833333333333,2.2,0.0,1.5,1166.75,183.0
2025-09-13 11:00:00,0.011343525615328434,80.48610583373839,80.61664502931332,29.866666666666664,65.43333333333334,22.71666666666667,982.7083333333334,309.0,0.6166666666666667,27.96666666666667,36.81666666666667,48.21666666666667,2.2,0.0,1.5,1166.75,175.5
2025-09-13 12:00:00,0.011055295065638467,80.18388114989227,80.21592796327197,30.791666666666668,63.025,22.96666666666667,981.9166666666666,331.5,0.5583333333333332,27.383333333333336,36.475,45.26666666666667,1.6,0.0,1.5,1166.75,265.5
2025-09-13 13:00:00,0.012154322839211243,77.64952432876115,77.56459750739492,30.883333333333336,62.449999999999996,22.900000000000002,980.9333333333334,258.0833333333333,0.19166666666666665,27.816666666666666,38.46666666666667,51.76666666666667,2.0,0.0,1.5,1166.75,156.0
2025-09-13 14:00:00,0.012705468722079317,74.93841031594822,74.79327296130775,30.558333333333334,63.30833333333334,22.8,980.025,203.0,0.325,29.108333333333334,39.40833333333333,53.300000000000004,0.8,0.0,1.5,1166.75,159.5
2025-09-13 15:00:00,0.01181904643578939,74.32318186578853,74.24746824949406,30.78333333333333,61.583333333333336,22.575,979.75,208.5,0.39999999999999997,28.40833333333333,37.916666666666664,50.625,2.0,0.0,1.5,1166.75,118.5
2025-09-13 16:00:00,0.019441763750624976,55.23384376962579,54.5865796041266,30.5,63.050000000000004,22.691666666666666,979.5583333333334,127.5,0.0,31.791666666666668,42.35,56.199999999999996,0.0,0.0,1.5,1166.75,144.5
2025-09-13 17:00:00,0.032477977672650316,5.317822803889602,5.104353595473832,28.833333333333332,68.45,22.458333333333332,979.9666666666667,27.75,0.65,29.558333333333334,37.583333333333336,51.10833333333333,3.6,0.0,1.5,1166.75,160.5
2025-09-13 18:00:00,0.0368451313358221,0.482111311563864,0.4645194462394599,27.7,74.7,22.8,980.2,6.0,0.9,30.0,33.3,45.0,1.9,0.0,1.5,1166.75,183.0
2025-09-14 06:00:00,0.044306350727368736,0.4862587281467372,0.4695180742666808,24.77777777777778,89.28888888888889,22.922222222222224,983.1666666666666,7.111111111111111,0.2,34.5,38.333333333333336,51.77777777777778,1.3,0.0,0.0,1166.75,68.0
2025-09-14 07:00:00,0.0241900472427139,8.243987569218485,8.036830991758974,25.241666666666664,83.83333333333333,22.316666666666666,983.4250000000001,41.666666666666664,0.15,32.13333333333333,35.666666666666664,48.24166666666667,1.4,0.0,0.0,1166.75,97.0
2025-09-14 08:00:00,0.02129420616495861,51.54881883881685,50.91901681666868,26.825,76.04166666666667,22.266666666666666,983.8083333333334,127.33333333333333,0.6583333333333333,35.583333333333336,39.516666666666666,53.39166666666667,1.7,0.0,0.0,1166.75,202.5
2025-09-14 09:00:00,0.013722505847041593,76.10364171629867,75.87984949754019,27.599999999999998,73.35000000000001,22.433333333333334,983.5666666666666,209.41666666666666,0.7333333333333334,36.583333333333336,40.574999999999996,54.9,1.9,0.0,0.0,1166.75,157.5
2025-09-14 10:00:00,0.009929467894247033,81.47330002432007,81.59535049103128,28.916666666666668,66.64999999999999,22.083333333333332,983.1,361.25,0.8250000000000001,30.041666666666668,37.25,49.13333333333333,2.4,0.0,0.0,1166.75,121.0
2025-09-14 11:00:00,0.011035383132337375,80.44136266100575,80.38121102156856,31.125,58.15,21.958333333333332,982.75,738.4166666666666,0.975,23.066666666666666,30.316666666666666,39.483333333333334,3.3,0.0,0.0,1166.75,109.0
2025-09-14 12:00:00,0.009635760468558442,76.92463727127146,76.94356077666212,33.016666666666666,52.39166666666667,21.991666666666664,982.1083333333332,876.1666666666666,0.975,17.925,23.150000000000002,31.349999999999998,4.0,0.0,0.0,1166.75,171.0
2025-09-14 13:00:00,0.008482988240024624,76.36886565504798,76.56291313178589,33.983333333333334,49.0,21.791666666666668,981.3000000000001,827.5,0.8666666666666667,14.299999999999999,18.375,23.983333333333334,2.9,0.0,0.0,1166.75,314.0
2025-09-14 14:00:00,0.004130633788407409,76.40821853423411,77.17850900364631,34.791666666666664,44.61666666666667,20.958333333333332,980.4666666666667,678.4166666666666,0.85,12.1,15.825000000000001,22.333333333333332,3.0,0.0,0.0,1166.75,58.5
2025-09-14 15:00:00,0.0010131592013288167,74.14808077785204,75.36201135365856,34.449999999999996,44.74166666666667,20.716666666666665,980.0583333333334,347.4166666666667,0.7166666666666667,11.433333333333332,14.716666666666667,21.349999999999998,2.2,0.0,0.0,1166.75,313.5
2025-09-14 16:00:00,0.005045548800145067,65.11960953166293,65.64494930693532,33.324999999999996,47.14166666666667,20.566666666666666,979.8666666666667,179.41666666666666,0.45,13.758333333333333,17.766666666666666,26.03333333333333,2.0,0.0,0.0,1166.75,244.5
2025-09-14 17:00:00,0.019274965325512868,13.652961828892778,13.50653923009609,32.15,52.800000000000004,21.283333333333335,979.9083333333333,50.916666666666664,1.0083333333333333,15.35,20.533333333333335,28.175,3.5,0.0,0.0,1166.75,178.0
2025-09-14 18:00:00,0.0360059678782542,0.8429890732833601,0.7607507975726,30.7,59.5,22.0,980.3,9.0,0.9,21.4,30.6,38.1,1.8,0.0,0.0,1166.75,143.0
2025-09-15 06:00:00,0.03859681302619767,5.3458994910723705,4.984332446364986,25.48,78.53,21.490000000000002,982.5200000000001,34.0,0.0,30.55,33.89,45.79,0.0,0.0,0.0,1166.75,67.5
2025-09-15 07:00:00,0.04211260986864224,53.22734493149852,50.924574141937704,26.78333333333333,72.35000000000001,21.400000000000002,983.2083333333334,148.08333333333334,0.625,25.599999999999998,28.441666666666666,38.416666666666664,2.2,0.0,0.0,1166.75,124.5
2025-09-15 08:00:00,0.012210439510275575,80.1505852325359,79.96885897249419,28.34166666666667,66.03333333333333,21.40833333333333,983.475,282.5,0.8916666666666667,21.941666666666666,26.575,35.083333333333336,3.0,0.0,0.0,1166.75,125.5
2025-09-15 09:00:00,0.01641156427393965,82.04721092679834,81.42460693093393,30.433333333333334,58.375,21.349999999999998,983.2416666666667,574.3333333333334,0.9666666666666667,17.083333333333332,22.691666666666666,29.491666666666664,3.6,0.0,0.0,1166.75,108.0
2025-09-15 10:00:00,0.016351916702159967,80.68831472448868,80.11135382846238,31.15555555555555,56.28888888888889,21.455555555555556,982.811111111111,648.1111111111111,1.0333333333333334,15.177777777777777,19.77777777777778,24.933333333333334,3.2,0.0,0.0,1166.75,111.0
2025-09-18 14:00:00,0.0032631562286762504,77.72811238941415,78.81930951649841,35.05,49.900000000000006,23.05,978.05,757.5,1.0,3.2,3.8,5.6,2.6,0.0,0.0,1359.5,153.0
2025-09-18 15:00:00,-0.009378827392769976,69.80741150438858,72.5538155857189,33.949999999999996,54.425000000000004,23.383333333333336,977.9333333333334,372.8333333333333,1.2666666666666666,3.016666666666667,3.9333333333333336,6.05,4.1,0.0,0.0,1359.5,33.5
2025-09-18 16:00:00,0.0128065979663224,48.7310791710485,48.80312776200399,30.708333333333332,63.525,22.974999999999998,978.1,124.25,1.8916666666666666,2.733333333333333,3.5,5.616666666666667,7.4,0.0,0.0,1359.5,349.5
2025-09-18 17:00:00,0.03230793205476858,7.528398440457581,7.260520029978835,29.08888888888889,68.28888888888889,22.655555555555555,979.0888888888888,29.666666666666668,1.088888888888889,3.855555555555556,4.933333333333334,6.155555555555555,4.7,0.0,0.0,1359.5,163.0
2025-09-19 06:00:00,0.05848877052681478,4.333106103073877,3.8728917704542734,23.345454545454547,95.5909090909091,22.62727272727273,982.3,30.90909090909091,0.49090909090909096,10.409090909090908,11.554545454545455,15.609090909090908,1.7,0.0,23.75,1429.75,131.0
2025-09-19 07:00:00,0.05005216218629174,58.86652803682915,55.91644806350282,24.75,89.69166666666666,22.95,982.9166666666666,167.08333333333334,0.4583333333333333,13.891666666666666,15.433333333333332,20.866666666666667,1.7,0.0,23.75,1429.75,101.0
2025-09-19 08:00:00,0.03061679133166528,79.69775456200068,77.02146744821269,27.041666666666668,77.85833333333333,22.849999999999998,983.4166666666666,276.6666666666667,0.75,13.258333333333333,14.708333333333334,19.908333333333335,3.2,0.0,23.75,1429.75,117.0
2025-09-19 09:00:00,0.012638606191202667,81.04240889889137,80.84769590043292,29.691666666666666,64.93333333333334,22.416666666666668,983.65,538.0,0.9,10.633333333333335,12.583333333333334,17.458333333333332,2.7,0.0,23.75,1429.75,243.0
2025-09-19 10:00:00,0.009315076819054892,80.3384973220018,80.55002062736472,30.0,63.975,22.441666666666666,983.75,508.5,0.8916666666666667,9.65,12.691666666666668,16.825,3.5,0.0,23.75,1429.75,209.5
2025-09-19 11:00:00,0.0086550125969755,79.2607225127619,79.49984443324466,31.383333333333336,60.84166666666667,22.941666666666666,983.0166666666668,629.8333333333334,0.9500000000000001,9.383333333333333,12.283333333333333,17.258333333333333,3.7,0.0,23.75,1429.75,253.5
2025-09-19 12:00:00,0.0064338015011300665,79.44726691202942,79.97761366817313,31.558333333333334,60.475,22.983333333333334,982.0666666666666,654.5833333333334,1.1833333333333333,10.191666666666666,13.508333333333333,17.724999999999998,4.6,0.0,23.75,1429.75,235.5
2025-09-19 13:00:00,0.007761107554781283,79.56484058818403,79.96362820648966,31.333333333333332,60.99166666666667,22.95,980.9250000000001,472.3333333333333,1.1666666666666667,11.475,14.700000000000001,20.608333333333334,4.8,0.0,23.75,1429.75,237.0
2025-09-19 14:00:00,0.011672599194698492,70.7858885050943,70.69704578241358,30.849999999999998,65.49166666666666,23.625,980.0416666666666,255.25,0.8583333333333334,13.991666666666667,18.558333333333334,24.34166666666667,2.9,0.0,23.75,1429.75,249.0
2025-09-19 15:00:00,0.014348074804020007,64.71691537624278,64.34797188316385,30.166666666666668,67.93333333333334,23.566666666666666,979.9083333333333,178.91666666666666,1.0083333333333333,15.241666666666667,20.083333333333332,25.825,4.7,0.0,23.75,1429.75,225.0
2025-09-19 16:00:00,0.01881074806797654,37.746570197615135,37.372521144441556,27.974999999999998,76.85833333333333,23.516666666666666,980.25,88.16666666666667,0.9249999999999999,11.408333333333333,13.633333333333333,18.55,3.6,0.0,23.75,1429.75,57.0
2025-09-19 17:00:00,0.03440187615339125,1.6312637943924466,1.5945166738220762,25.718181818181815,87.95454545454545,23.58181818181818,980.5545454545455,11.636363636363637,0.6727272727272727,12.009090909090908,13.336363636363636,18.036363636363635,2.2,3.0,24.25,1430.25,135.0
2025-09-23 09:00:00,0.007471245734697143,82.34694990756796,82.46740509673431,30.62857142857143,61.82857142857143,22.5,983.9571428571428,567.5714285714286,0.9428571428571428,10.071428571428571,12.757142857142856,17.400000000000002,3.4,0.0,1.0,1447.5,146.0
2025-09-23 10:00:00,0.007586585011940317,79.80457782520087,79.75469085705727,31.96666666666667,57.40833333333333,22.525000000000002,983.5916666666667,743.0833333333334,1.1,9.041666666666666,11.733333333333334,16.291666666666668,3.6,0.0,1.0,1447.5,90.0
2025-09-23 11:00:00,0.007728209671779175,76.93143467512058,76.88894898991595,33.09166666666667,54.15833333333333,22.599999999999998,982.7833333333333,770.9166666666666,1.0999999999999999,8.508333333333333,10.5,14.983333333333334,3.7,0.0,1.0,1447.5,94.0
2025-09-23 12:00:00,0.0076839937034978165,77.76057754011957,77.8708553550715,33.833333333333336,50.48333333333333,22.125,981.7833333333333,715.8333333333334,1.125,6.7,9.0,12.950000000000001,3.5,0.0,1.0,1447.5,67.0
2025-09-23 13:00:00,0.007594225751661308,79.63916329151313,79.84990292880316,33.80833333333333,48.24166666666667,21.34166666666667,980.7083333333334,707.4166666666666,1.2916666666666667,5.016666666666667,6.6000000000000005,10.658333333333333,3.7,0.0,1.0,1447.5,50.5
2025-09-23 14:00:00,0.007651529565043092,78.54597044508111,79.08554822475573,34.233333333333334,44.35,20.4,979.875,633.0833333333334,1.4083333333333332,5.033333333333333,7.0,10.450000000000001,3.8,0.0,1.0,1447.5,74.5
2025-09-23 15:00:00,0.008502596246060182,64.40492050789354,65.04535010881465,32.90833333333334,47.324999999999996,20.224999999999998,979.5,301.25,1.2666666666666666,5.133333333333334,7.283333333333334,12.85,3.4,0.0,1.0,1447.5,61.0
2025-09-23 16:00:00,0.012482509256872809,30.472251782204676,30.37985402947965,31.291666666666668,54.15833333333333,20.925,979.4166666666666,99.33333333333333,0.9916666666666667,5.866666666666667,8.316666666666666,13.0,2.9,0.0,1.0,1447.5,27.0
2025-09-23 17:00:00,0.02888261576423916,10.578769159554144,10.275843125615998,30.333333333333332,61.06666666666666,21.983333333333334,979.6833333333334,41.333333333333336,0.10833333333333334,7.55,10.316666666666666,16.075,1.7,0.0,1.0,1447.5,61.0
2025-09-23 18:00:00,0.0840742242983649,0.372344264383641,0.337409169242392,29.5,64.0,22.0,980.0,2.0,0.0,8.4,12.3,15.7,0.0,0.0,1.0,1447.5,105.0
2025-09-24 06:00:00,0.06082440910567688,2.494857473828606,2.3874054696351528,25.19,80.66,21.65,981.82,23.2,0.37,12.72,14.1,19.06,1.8,0.0,0.0,1447.5,112.0
2025-09-24 07:00:00,0.012328926107893351,37.9227074249149,37.29651763117834,25.925,76.75833333333334,21.566666666666666,982.525,110.08333333333333,0.4666666666666666,16.458333333333332,18.266666666666666,24.75,1.9,0.0,0.0,1447.5,85.0
2025-09-24 08:00:00,0.007747330464355833,76.63435578838211,76.67857859727089,27.258333333333336,69.27499999999999,21.14166666666667,983.2416666666667,221.33333333333334,0.9166666666666666,16.141666666666666,19.258333333333333,26.008333333333336,3.1,0.0,0.0,1447.5,121.5
2025-09-24 09:00:00,0.007475867012086592,82.3146350875152,82.47382697576816,29.041666666666668,63.24166666666667,21.34166666666667,983.3083333333334,466.4166666666667,1.05,13.049999999999999,16.891666666666666,23.7,3.3,0.0,0.0,1447.5,149.5
2025-09-24 10:00:00,0.00749959263387055,81.74457091296159,81.75272745079852,31.366666666666664,55.0,21.233333333333334,982.625,680.9166666666666,1.1833333333333333,10.125,14.091666666666667,21.375,4.1,0.0,0.0,1447.5,146.0
2025-09-24 11:00:00,0.0076281021768362075,78.91994489173071,78.8592240522786,32.94166666666667,48.85833333333333,20.808333333333334,981.8166666666666,897.3333333333334,1.2833333333333334,12.875,18.8,27.075,4.3,0.0,0.0,1447.5,116.5
2025-09-24 12:00:00,0.007677569424453759,77.90638593080418,77.96243943921458,33.891666666666666,45.475,20.466666666666665,980.7166666666667,895.1666666666666,1.3499999999999999,5.191666666666666,7.341666666666666,13.833333333333334,4.4,0.0,0.0,1447.5,118.0
2025-09-24 13:00:00,0.0077193376218935746,77.09223732571697,77.34071226407782,34.225,44.5,20.45,979.5333333333333,818.6666666666666,1.3333333333333333,4.483333333333333,6.191666666666666,11.35,3.9,0.0,0.0,1447.5,72.0
2025-09-24 14:00:00,0.007802831515188025,75.50831307441645,75.72253386158968,33.375,47.291666666666664,20.633333333333333,978.8583333333332,355.0833333333333,1.075,5.441666666666666,7.533333333333334,12.825000000000001,3.0,0.0,0.0,1447.5,61.5
2025-09-24 15:00:00,0.008188089764177975,68.88863410186977,69.28091798172137,32.34166666666667,49.925000000000004,20.583333333333332,978.4250000000001,251.25,1.1500000000000001,6.4750000000000005,9.116666666666667,15.6,3.4,0.0,0.0,1447.5,45.5
2025-09-24 16:00:00,0.013680438544628568,25.50298620589815,25.112196833295425,30.875,53.73333333333333,20.416666666666668,978.0916666666667,79.41666666666667,1.2,7.308333333333334,10.716666666666667,16.400000000000002,3.8,0.0,0.0,1447.5,31.0
2025-09-24 17:00:00,0.04180122500947503,3.645050915757509,3.5068202637031423,30.2,55.175000000000004,20.233333333333334,978.2666666666668,21.083333333333332,0.8250000000000001,9.425,12.841666666666667,18.816666666666666,2.4,0.0,0.0,1447.5,39.0
2025-09-24 18:00:00,0.0974883111514931,0.242031461221376,0.21578107242048,30.0,57.5,20.7,978.5,2.0,0.7,12.0,15.4,20.9,0.9,0.0,0.0,1447.5,1.0
2025-09-25 06:00:00,0.051390430165213274,12.86176047655387,9.186888478432918,26.09090909090909,74.27272727272727,21.163636363636364,980.1727272727272,49.09090909090909,0.609090909090909,19.945454545454545,22.154545454545453,29.927272727272726,1.6,0.0,0.0,1447.5,97.0
2025-09-25 07:00:00,0.009068630655098433,63.034625944439,62.0565424314838,27.508333333333336,69.36666666666666,21.375,980.775,233.08333333333334,0.65,20.941666666666666,23.65833333333333,31.158333333333335,3.0,0.0,0.0,1447.5,63.0
2025-09-25 08:00:00,0.0074866305094297,81.82057202356633,82.19952055049431,29.900000000000002,60.725,21.508333333333336,981.4583333333334,478.0,0.9166666666666666,18.8,24.541666666666668,34.074999999999996,3.0,0.0,0.0,1447.5,123.0
2025-09-25 09:00:00,0.007511767946920242,81.179917756355,81.37712404553086,31.266666666666666,55.60833333333333,21.34166666666667,981.5916666666667,649.5833333333334,1.05,12.666666666666666,16.216666666666665,22.491666666666664,4.0,0.0,0.0,1447.5,151.0
2025-09-25 10:00:00,0.007623893634446917,78.78033752952689,78.86361602969563,33.25833333333333,49.74166666666667,21.391666666666666,981.1416666666668,826.6666666666666,1.0416666666666667,8.508333333333333,11.908333333333333,16.916666666666668,3.1,0.0,0.0,1447.5,166.5
2025-09-25 11:00:00,0.007715685130231974,76.88660936895,77.09432733366656,34.449999999999996,44.30833333333334,20.558333333333334,980.3249999999999,894.0,1.1500000000000001,5.158333333333333,7.116666666666667,11.35,5.6,0.0,0.0,1447.5,85.5
2025-09-25 12:00:00,0.007851792971068366,74.46819538974181,74.77117898669961,34.175000000000004,43.53333333333333,20.016666666666666,979.3333333333334,794.4166666666666,1.4000000000000001,3.775,5.5,8.383333333333333,5.0,0.0,0.0,1447.5,26.5
2025-09-25 13:00:00,0.0077936492905608746,76.01439272749879,76.6089772013826,34.80833333333333,42.108333333333334,20.058333333333334,978.1416666666668,724.8333333333334,1.2666666666666666,3.0416666666666665,4.133333333333334,6.783333333333334,4.3,0.0,0.0,1447.5,50.5
2025-09-25 14:00:00,0.007908267920975825,73.41729409871613,74.01775610134962,35.24166666666667,41.641666666666666,20.25,977.3000000000001,543.9166666666666,1.0833333333333333,2.9166666666666665,3.9333333333333336,6.4750000000000005,3.4,0.0,0.0,1447.5,9.0
2025-09-25 15:00:00,0.0095676130926933,53.28166965591504,53.809860172927785,34.11666666666667,46.0,20.858333333333334,976.525,226.83333333333334,0.9083333333333333,4.183333333333334,5.425,8.291666666666666,3.1,0.0,0.0,1447.5,22.0
2025-09-25 16:00:00,0.014299124240878834,36.948665202658894,37.120113350699846,33.583333333333336,48.525,21.266666666666666,976.4499999999999,101.83333333333333,0.6916666666666668,4.391666666666667,5.75,9.4,2.4,0.0,0.0,1447.5,17.0
2025-09-25 17:00:00,0.025456812302849633,11.52198431028471,11.340889716711837,31.3,61.875,23.116666666666664,976.9166666666666,46.666666666666664,0.9333333333333332,8.549999999999999,11.391666666666666,16.533333333333335,3.1,0.0,0.0,1447.5,216.0
2025-09-25 18:00:00,0.0655731040110739,0.714106173654552,0.652278341280224,30.6,61.5,22.4,977.3,7.0,1.0,9.8,16.4,20.2,2.1,0.0,0.0,1447.5,182.0
2025-09-26 06:00:00,0.051911193254021534,5.627756611699464,4.561407146483086,24.46,87.39,22.22,979.6700000000001,32.9,0.22000000000000003,9.290000000000001,10.3,13.930000000000001,1.8,0.0,1.0,1460.75,138.0
2025-09-26 07:00:00,0.007998808992008584,73.54984775037816,67.9869618091532,26.583333333333332,75.47500000000001,21.891666666666666,980.0666666666666,233.58333333333334,0.7583333333333333,9.725,10.799999999999999,14.633333333333333,2.1,0.0,1.0,1460.75,101.0
2025-09-26 08:00:00,0.007457961653894508,82.30287915278565,82.75576580461227,28.675,66.5,21.808333333333334,980.7333333333332,476.8333333333333,0.9416666666666668,9.5,11.341666666666667,15.525,3.4,0.0,1.0,1460.75,109.0
2025-09-26 09:00:00,0.0076143548619516,78.98092755572107,79.09660629190678,30.28333333333333,59.25,21.483333333333334,980.9583333333334,530.8333333333334,1.1333333333333333,6.558333333333334,8.783333333333333,12.125,3.7,0.0,1.0,1460.75,79.0
2025-09-26 10:00:00,0.007452698272951284,82.36943768156448,82.51434774150876,31.78333333333333,53.50833333333333,21.2,980.7166666666667,728.1666666666666,1.25,5.158333333333333,7.208333333333333,10.725,3.4,0.0,1.0,1460.75,119.5
2025-09-26 11:00:00,0.0076262870644220005,78.56639179148402,78.76140189294138,33.166666666666664,49.85833333333333,21.316666666666666,979.8333333333334,783.5833333333334,1.2416666666666667,4.583333333333333,6.408333333333334,9.683333333333334,4.0,0.0,1.0,1460.75,131.0
2025-09-26 12:00:00,0.007603867460257791,79.07962549810503,79.25677191437408,33.733333333333334,48.68333333333334,21.433333333333334,978.8083333333334,707.5,1.1416666666666668,5.166666666666667,6.8,11.733333333333334,3.9,0.0,1.0,1460.75,166.0
2025-09-26 13:00:00,0.0076289060095456164,78.52219251510253,78.7534690775149,33.06666666666667,50.01666666666667,21.266666666666666,977.8416666666667,410.8333333333333,1.0250000000000001,5.783333333333334,7.791666666666667,11.983333333333334,3.2,0.0,1.0,1460.75,212.5
2025-09-26 14:00:00,0.007670739104333792,77.69100871236931,78.23446229196259,33.50833333333333,48.975,21.333333333333332,977.1166666666667,412.4166666666667,0.8916666666666667,5.925,8.0,13.566666666666668,3.3,0.0,1.0,1460.75,165.0
2025-09-26 15:00:00,0.008031344368474818,70.91349442797753,71.60478154271622,33.391666666666666,50.0,21.575,976.5666666666666,297.8333333333333,0.9,7.408333333333332,10.5,15.466666666666667,3.3,0.0,1.0,1460.75,227.5
2025-09-26 16:00:00,0.011468046500013441,37.45352038732079,37.41364724511261,32.69166666666667,51.300000000000004,21.358333333333334,976.625,106.5,0.7833333333333333,8.091666666666667,11.466666666666667,18.375,2.3,0.0,1.0,1460.75,226.0
2025-09-26 17:00:00,0.023949953621473757,13.669452552082001,13.469178699882718,31.775000000000002,54.11666666666667,21.383333333333336,977.1333333333333,53.25,0.35000000000000003,9.708333333333334,13.783333333333333,20.716666666666665,1.7,0.0,1.0,1460.75,93.5
2025-09-26 18:00:00,0.0802805846574069,0.421889822359124,0.3887890801014809,31.1,57.0,21.6,977.5,3.0,0.7,12.8,17.7,24.8,1.1,0.0,1.0,1460.75,340.0
2025-09-27 06:00:00,0.04725846193815126,6.314203835802488,5.883369843141445,25.48,73.52000000000001,20.419999999999998,980.8799999999999,36.6,0.37,15.440000000000001,17.14,23.2,1.9,0.0,0.0,1460.75,146.0
2025-09-27 07:00:00,0.009278111917982975,58.71306146852779,57.49359815494907,26.691666666666666,69.46666666666667,20.691666666666666,981.5083333333333,156.33333333333334,0.4666666666666666,18.575,20.641666666666666,27.96666666666667,1.9,0.0,0.0,1460.75,152.0
2025-09-27 08:00:00,0.007420562780201017,83.20421678845427,83.52819338984436,29.15833333333333,61.25833333333333,20.941666666666666,981.8666666666667,459.4166666666667,0.975,17.45,21.90833333333333,29.575,4.3,0.0,0.0,1460.75,200.0
2025-09-27 09:00:00,0.007471374401639633,82.00933387762552,82.11443366953362,30.84166666666667,55.65833333333333,20.974999999999998,981.8583333333332,552.6666666666666,1.05,14.316666666666668,19.716666666666665,26.741666666666664,3.4,0.0,0.0,1460.75,117.0
2025-09-27 10:00:00,0.007682118872563617,77.61535275557452,77.80499563155425,31.775000000000002,53.11666666666667,21.041666666666668,981.3833333333333,580.75,1.125,12.799999999999999,16.558333333333334,24.166666666666668,4.4,0.0,0.0,1460.75,170.5
2025-09-27 11:00:00,0.007621081143505792,78.74744873702357,78.91352991545729,33.041666666666664,49.333333333333336,21.033333333333335,980.6416666666668,638.75,1.175,10.383333333333333,14.266666666666667,21.766666666666666,3.5,0.0,0.0,1460.75,289.0
2025-09-27 12:00:00,0.007502785531167591,81.2699133291771,81.44581421151597,33.625,48.15,21.158333333333335,979.6750000000001,669.5,1.1166666666666667,9.283333333333333,12.299999999999999,18.841666666666665,4.4,0.0,0.0,1460.75,295.0
2025-09-27 13:00:00,0.007696685622036667,77.24415193224992,77.43618963454468,33.141666666666666,49.39166666666667,21.125,978.5833333333334,355.75,1.0999999999999999,8.941666666666666,11.833333333333334,18.266666666666666,3.6,0.0,0.0,1460.75,78.0
2025-09-27 14:00:00,0.007713498684791042,77.11062348263921,77.797760817691,33.28333333333333,48.81666666666666,21.091666666666665,977.9499999999999,460.6666666666667,1.0916666666666666,9.075000000000001,12.641666666666666,18.425,3.8,0.0,0.0,1460.75,281.5
2025-09-27 15:00:00,0.010019578604884108,48.60999910723837,49.859609606720404,33.733333333333334,48.15833333333333,21.25,977.5916666666667,320.9166666666667,0.9833333333333334,7.508333333333333,9.891666666666667,15.75,4.0,0.0,0.0,1460.75,42.5
2025-09-27 16:00:00,0.011105361923969,44.33641939137369,44.36979680086389,31.758333333333336,54.56666666666666,21.483333333333334,978.1166666666667,115.58333333333333,1.0666666666666667,8.208333333333334,11.033333333333333,16.150000000000002,3.9,0.0,0.0,1460.75,96.0
2025-09-27 17:00:00,0.031065996847280467,7.608351683946182,7.466650179883096,28.84166666666667,67.3,21.825,979.1916666666666,35.416666666666664,1.0916666666666666,7.0249999999999995,8.883333333333335,14.700000000000001,4.2,3.0,0.25,1461.0,146.0
2025-09-27 18:00:00,0.0778358065336545,0.457449371769596,0.423962968484392,25.9,86.0,23.4,979.5,3.0,0.7,8.4,9.4,12.6,0.7,0.0,0.25,1461.0,143.0
2025-09-28 06:00:00,0.04971428176202439,13.894651252696507,10.194942357652888,24.872727272727275,78.75454545454545,20.954545454545453,981.5818181818181,56.45454545454545,0.2909090909090909,14.390909090909092,15.963636363636363,21.59090909090909,1.6,0.0,0.0,1461.0,96.0
2025-09-28 07:00:00,0.007607820589145258,79.21012388971342,72.99992630446478,26.900000000000002,71.925,21.40833333333333,981.9833333333332,230.41666666666666,0.6749999999999999,12.616666666666667,13.991666666666667,18.941666666666666,2.2,0.0,0.0,1461.0,79.0
2025-09-28 08:00:00,0.007488532095517542,81.93984883775293,82.30994873754074,29.825,60.65833333333333,21.40833333333333,982.4916666666667,503.4166666666667,0.9083333333333333,10.783333333333333,14.258333333333333,19.6,3.4,0.0,0.0,1461.0,90.0
2025-09-28 09:00:00,0.007518808286324684,81.3448537295816,81.56353914538865,30.90833333333333,54.89166666666667,20.816666666666666,982.6166666666667,600.0,1.1333333333333333,9.141666666666667,11.9,17.825,3.6,0.0,0.0,1461.0,137.5
2025-09-28 10:00:00,0.007559253604845058,80.49736742667075,80.44098061192658,31.983333333333334,52.583333333333336,21.083333333333332,982.4083333333333,717.5833333333334,1.0833333333333333,8.833333333333334,12.475,18.541666666666668,3.6,0.0,0.0,1461.0,271.0
2025-09-28 11:00:00,0.007673155055348525,78.15247164124779,78.18189982288058,33.00833333333333,49.99166666666667,21.2,981.4250000000001,916.0833333333334,1.2833333333333334,8.225,11.216666666666667,18.016666666666666,4.5,0.0,0.0,1461.0,239.5
2025-09-28 12:00:00,0.007758839263627033,76.7777433158469,76.75079897744949,34.00833333333333,47.30833333333334,21.2,980.2333333333332,820.75,1.05,7.466666666666666,10.233333333333333,16.483333333333334,3.4,0.0,0.0,1461.0,285.5
2025-09-28 13:00:00,0.007872858402535425,74.63813136738764,74.80911072214053,33.791666666666664,47.708333333333336,21.158333333333335,979.1750000000001,606.75,1.2416666666666667,7.516666666666667,10.125,16.391666666666666,4.3,0.0,0.0,1461.0,255.0
2025-09-28 14:00:00,0.007858544321919075,74.54757740005205,74.75539439255432,33.18333333333333,48.96666666666667,21.025000000000002,978.4333333333334,329.5,0.9833333333333334,8.058333333333334,10.625,17.616666666666667,5.5,0.0,0.0,1461.0,303.0
2025-09-28 15:00:00,0.009295619426395533,58.3799156904032,58.13747728120618,32.483333333333334,51.050000000000004,21.066666666666666,977.9,149.83333333333334,0.775,9.358333333333333,12.408333333333333,20.316666666666666,2.7,0.0,0.0,1461.0,301.5
2025-09-28 16:00:00,0.02017599792247245,11.015808421641879,10.84463437211451,32.1,51.458333333333336,20.891666666666666,977.6333333333333,58.583333333333336,0.8916666666666666,9.991666666666667,13.875,21.858333333333334,3.0,0.0,0.0,1461.0,273.5
2025-09-28 17:00:00,0.0421147410346605,3.2334532046362905,3.1225870279236037,31.472727272727273,53.93636363636363,21.036363636363635,978.2454545454547,23.363636363636363,0.49090909090909096,13.127272727272727,18.027272727272727,25.845454545454547,1.8,0.0,0.0,1461.0,314.0
2025-09-29 06:00:00,0.06488457872780909,2.7173614072831054,2.598008472071902,24.96,76.75,20.630000000000003,981.64,21.9,0.58,12.75,14.15,19.14,2.0,0.0,0.0,1461.0,124.5
2025-09-29 07:00:00,0.011172405620773275,43.84363877933262,43.166272293776935,25.641666666666666,74.41666666666667,20.791666666666668,982.2916666666666,117.83333333333333,0.7000000000000001,17.108333333333334,18.974999999999998,25.683333333333334,1.9,0.0,0.0,1461.0,118.0
2025-09-29 08:00:00,0.0075206170440293004,81.2323609254837,81.52318315353723,27.46666666666667,67.60000000000001,20.958333333333332,982.5666666666666,338.5,0.9249999999999999,15.208333333333334,18.258333333333333,25.03333333333333,2.9,0.0,0.0,1461.0,102.5
2025-09-29 09:00:00,0.0075117174428132915,81.51618813866223,81.76042238251001,30.325,57.791666666666664,21.091666666666665,982.9250000000001,631.9166666666666,1.0,11.391666666666666,16.258333333333333,25.7,3.4,0.0,0.0,1461.0,113.0
2025-09-29 10:00:00,0.007566293825639083,80.15772599884271,80.25980325383955,31.491666666666664,54.574999999999996,21.241666666666667,982.6833333333334,640.75,0.9416666666666668,11.025,15.616666666666667,25.2,4.2,0.0,0.0,1461.0,295.0
2025-09-29 11:00:00,0.007698200478508791,77.36797629882757,77.26327546325484,33.225,48.73333333333333,20.974999999999998,981.475,907.9166666666666,0.9916666666666667,10.700000000000001,15.725,24.849999999999998,4.0,0.0,0.0,1461.0,252.0
2025-09-29 12:00:00,0.007698883903615567,77.6020864943054,77.67165255436512,34.05833333333333,43.166666666666664,19.808333333333334,980.0833333333334,755.75,1.2,8.708333333333334,12.358333333333334,21.891666666666666,4.1,0.0,0.0,1461.0,112.5
2025-09-29 13:00:00,0.007649631456815009,78.68865230956395,78.94873021242746,34.483333333333334,40.791666666666664,19.25,978.9,580.8333333333334,1.0166666666666668,8.166666666666666,11.9,19.091666666666665,4.5,0.0,0.0,1461.0,305.5
2025-09-29 14:00:00,0.007709318300302233,77.40115262411896,77.59689044669186,34.425000000000004,42.175000000000004,19.716666666666665,978.2083333333334,439.4166666666667,0.9500000000000001,8.558333333333334,12.116666666666667,20.208333333333332,3.0,0.0,0.0,1461.0,241.0
2025-09-29 15:00:00,0.007897161737230658,73.77540069558906,73.89638301184017,34.141666666666666,45.15833333333333,20.591666666666665,977.9166666666666,338.0,0.7166666666666667,11.808333333333332,16.291666666666668,25.258333333333336,3.3,0.0,0.0,1461.0,304.5
2025-09-29 16:00:00,0.008664939452833776,61.615065639993844,61.55852108441625,33.44166666666667,47.975,20.958333333333332,977.9,159.5,0.3083333333333333,12.375,16.633333333333333,27.416666666666668,1.5,0.0,0.0,1461.0,295.5
2025-09-29 17:00:00,0.029392929999792265,12.066542654563706,11.742933112997987,32.25833333333333,51.46666666666667,20.991666666666667,978.4416666666666,40.5,0.6666666666666666,16.241666666666667,22.891666666666666,35.96666666666667,3.1,0.0,0.0,1461.0,276.0
2025-09-29 18:00:00,0.0669028672394556,0.682186917888684,0.6336771367765639,31.0,54.8,20.9,978.8,7.0,0.3,17.1,25.4,41.6,0.7,0.0,0.0,1461.0,291.0
2025-09-30 06:00:00,0.06958451962699651,1.2516654281047914,1.1831781002543176,25.322222222222223,71.51111111111112,19.844444444444445,980.5777777777779,14.555555555555555,0.39999999999999997,20.799999999999997,23.066666666666666,31.188888888888886,1.7,0.0,0.0,1461.0,139.0
2025-09-30 07:00:00,0.020627988356848176,14.409352163431961,13.957247085336084,25.575,71.28333333333333,20.033333333333335,981.4916666666667,60.333333333333336,0.4666666666666666,26.15833333333333,29.041666666666668,39.233333333333334,1.9,0.0,0.0,1461.0,88.5
2025-09-30 08:00:00,0.008981517438490533,57.28185134649804,57.83418566028214,26.3,68.96666666666667,20.158333333333335,982.1416666666668,139.5,0.7333333333333334,35.875,41.333333333333336,57.76666666666667,2.1,0.0,0.0,1461.0,142.5
2025-09-30 09:00:00,0.007544626325935509,80.59449725569526,80.97549735491431,27.708333333333332,64.49166666666666,20.416666666666668,982.5500000000001,318.75,0.775,25.933333333333334,34.80833333333333,50.86666666666667,1.9,0.0,0.0,1461.0,153.0
2025-09-30 10:00:00,0.0074913669541033165,81.69705003598483,81.93844672753302,29.96666666666667,57.9,20.816666666666666,982.0583333333334,583.5,0.8250000000000001,18.099999999999998,25.258333333333336,40.09166666666667,3.3,0.0,0.0,1461.0,136.5
2025-09-30 11:00:00,0.007702371859412458,77.24127723927897,77.40830936953166,32.34166666666667,51.51666666666667,21.075,980.8833333333333,767.5,0.9249999999999999,12.816666666666668,18.849999999999998,29.691666666666666,2.7,0.0,0.0,1461.0,94.5
2025-09-30 12:00:00,0.007693494365169026,77.44266805435852,77.6686184782239,33.949999999999996,45.88333333333333,20.691666666666666,979.4416666666666,784.5833333333334,0.9500000000000001,10.241666666666667,14.275,24.741666666666664,3.1,0.0,0.0,1461.0,221.0
2025-09-30 13:00:00,0.007750479434218892,76.19029196445516,76.50937718360781,34.766666666666666,42.44166666666667,20.133333333333333,978.2166666666667,618.0,1.05,7.091666666666666,10.308333333333334,17.483333333333334,3.7,0.0,0.0,1461.0,39.5
2025-09-30 14:00:00,0.007937367800633725,72.60829581739408,72.86963748325495,33.125,46.15,20.033333333333335,977.4583333333334,230.58333333333334,0.7916666666666666,8.441666666666666,11.058333333333332,19.558333333333334,2.7,0.0,0.0,1461.0,21.5
2025-09-30 15:00:00,0.007854427729559492,74.101565831618,74.53091404472362,32.75,50.125,21.008333333333333,977.1916666666667,280.5833333333333,0.9,10.75,14.4,24.133333333333336,3.4,0.0,0.0,1461.0,18.0
2025-09-30 16:00:00,0.009158714653821658,57.64616851173768,57.70805356380192,32.40833333333334,50.40833333333333,20.791666666666668,977.275,151.08333333333334,0.8083333333333332,12.4,17.116666666666667,26.650000000000002,2.2,0.0,0.0,1461.0,15.5
2025-09-30 17:00:00,0.028792783765654858,10.529208832623683,10.268525385728848,31.34166666666667,57.300000000000004,21.900000000000002,977.8333333333334,43.166666666666664,0.125,14.808333333333332,20.224999999999998,30.816666666666666,0.7,0.0,0.0,1461.0,21.0
2025-09-30 18:00:00,0.0920957445779783,0.28165974572296,0.256731602804856,30.4,60.5,22.0,978.1,1.0,0.0,15.3,21.8,25.0,0.0,0.0,0.0,1461.0,16.0
2025-10-01 06:00:00,0.0498731897275101,5.163143772530234,4.935115004030789,26.01,72.85,20.779999999999998,980.18,33.2,0.0,18.369999999999997,20.39,27.589999999999996,0.0,0.0,0.0,1461.0,73.0
2025-10-01 07:00:00,0.010994536955451807,41.34207002155144,40.15622154470122,26.974999999999998,68.94166666666666,20.825,980.7666666666668,114.08333333333333,0.49166666666666664,18.125,20.208333333333332,27.46666666666667,1.8,0.0,0.0,1461.0,84.0
2025-10-01 08:00:00,0.007525317538202066,81.07797159152209,81.1744707421173,28.641666666666666,63.791666666666664,21.116666666666667,980.9166666666666,327.3333333333333,0.8583333333333334,22.525000000000002,29.599999999999998,40.233333333333334,3.0,0.0,0.0,1461.0,135.5
2025-10-01 09:00:00,0.007494791814655034,81.87215672633332,81.9981599765646,30.558333333333334,57.11666666666667,21.116666666666667,980.8583333333332,533.0833333333334,0.9583333333333334,15.049999999999999,20.783333333333335,32.36666666666667,3.2,0.0,0.0,1461.0,148.5
2025-10-01 10:00:00,0.0075730931700905245,80.21569307054081,80.45282143899416,31.53333333333333,53.39166666666667,20.958333333333332,980.3833333333333,523.75,1.075,9.291666666666666,12.716666666666667,19.816666666666666,3.9,0.0,0.0,1461.0,119.0
2025-10-01 11:00:00,0.007597934488716442,79.56220498695198,79.75423888774203,32.891666666666666,49.041666666666664,20.808333333333334,979.6416666666668,600.9166666666666,0.9,11.049999999999999,16.55,32.0,3.0,0.0,0.0,1461.0,80.0
2025-10-01 12:00:00,0.0076799032472442755,77.77186355251708,78.05578751568667,34.324999999999996,43.00833333333333,19.966666666666665,978.375,737.5,1.0083333333333333,6.466666666666666,9.233333333333333,15.35,2.9,0.0,0.0,1461.0,31.5
2025-10-01 13:00:00,0.007676113353118158,77.83760107100464,78.16216138740722,34.449999999999996,40.233333333333334,19.041666666666668,977.5333333333333,513.1666666666666,0.9333333333333335,6.908333333333334,9.741666666666667,16.658333333333335,3.5,0.0,0.0,1461.0,55.5
2025-10-01 14:00:00,0.007686377585197608,77.67876363106456,78.06570324808165,33.824999999999996,43.916666666666664,19.833333333333332,977.25,390.0833333333333,0.8583333333333334,7.041666666666667,9.983333333333333,15.891666666666666,2.7,0.0,0.0,1461.0,12.5
2025-10-01 15:00:00,0.007844393365000417,74.44179362671353,74.68257929034989,33.53333333333333,47.050000000000004,20.7,977.3333333333334,261.9166666666667,0.44166666666666665,6.108333333333333,8.866666666666667,13.183333333333332,1.8,0.0,0.0,1461.0,348.5
2025-10-01 16:00:00,0.0133994830115257,37.79126463505144,37.461657919825946,33.03333333333333,52.65833333333333,22.041666666666668,977.7333333333332,98.0,0.0,7.808333333333334,11.208333333333334,17.466666666666665,0.0,0.0,0.0,1461.0,311.0
2025-10-01 17:00:00,0.05038967994743096,3.9358329578565616,3.7963047001765435,31.59166666666667,55.725,21.675,978.1916666666666,20.666666666666668,0.3333333333333333,13.375,17.991666666666667,27.099999999999998,2.3,0.0,0.0,1461.0,113.0
2025-10-02 06:00:00,0.07517461773074698,2.6666179092619964,2.559088366127337,25.71666666666667,79.97500000000001,22.025000000000002,981.4166666666666,23.666666666666668,0.6166666666666666,11.591666666666667,12.875,17.400000000000002,2.2,0.0,0.0,1462.75,147.0
2025-10-02 07:00:00,0.013781334242517382,26.44209705039619,25.79065912686079,26.241666666666664,75.71666666666667,21.616666666666664,982.4666666666667,87.83333333333333,0.7833333333333333,12.966666666666667,14.4,19.491666666666667,2.3,0.0,0.0,1462.75,103.0
2025-10-02 08:00:00,0.008256656673632984,68.07785838271231,68.08603333109222,27.508333333333336,70.22500000000001,21.599999999999998,983.2416666666667,195.41666666666666,0.75,15.616666666666667,17.325,23.425,2.5,0.0,0.0,1462.75,142.0
2025-10-02 09:00:00,0.007522031883910725,81.24189304266054,81.60980800021865,29.291666666666668,62.199999999999996,21.333333333333332,983.1166666666667,389.5,0.875,11.991666666666667,16.283333333333335,24.40833333333333,3.3,0.0,0.0,1462.75,193.0
2025-10-02 10:00:00,0.007560534451609283,80.27126297355443,80.65608758165475,30.433333333333334,59.225,21.616666666666664,982.975,419.3333333333333,0.8416666666666667,11.341666666666667,15.366666666666667,23.933333333333334,2.3,0.0,0.0,1462.75,182.0
2025-10-02 11:00:00,0.0076151938414249914,79.11277483089748,79.32504318498,32.50833333333333,54.199999999999996,22.083333333333332,982.25,697.0,0.8583333333333334,9.558333333333334,12.875,20.758333333333333,3.3,0.0,0.0,1462.75,143.0
2025-10-02 12:00:00,0.0077908059483704495,75.46122906110143,75.62154716382771,34.49166666666667,49.24166666666667,22.333333333333332,980.9416666666666,797.5833333333334,0.8583333333333334,8.233333333333333,11.35,18.441666666666666,2.9,0.0,0.0,1462.75,24.0
2025-10-02 13:00:00,0.007679054177940784,77.69624249898955,77.97200492903828,35.13333333333333,46.11666666666667,21.825000000000003,980.0083333333333,719.5833333333334,0.9,6.8,9.241666666666667,15.233333333333334,3.5,0.0,0.0,1462.75,315.5
2025-10-02 14:00:00,0.007731917864243408,76.73956688341077,77.21620247162836,35.074999999999996,44.75833333333333,21.3,979.2583333333333,489.75,0.875,7.95,11.066666666666668,16.724999999999998,2.9,0.0,0.0,1462.75,345.0
2025-10-02 15:00:00,0.008193861356049376,68.39543627663805,68.57682753090891,34.016666666666666,49.15833333333333,21.858333333333334,978.7333333333335,298.5833333333333,1.0416666666666667,10.733333333333334,14.641666666666666,26.483333333333334,3.9,0.0,0.0,1462.75,266.5
2025-10-02 16:00:00,0.009928918466611524,50.459913646111396,49.91488923831576,32.65,52.791666666666664,21.791666666666668,978.9416666666667,127.41666666666667,0.7083333333333334,14.375,19.925,31.150000000000002,3.0,0.0,0.0,1462.75,297.0
2025-10-02 17:00:00,0.028020041395864486,8.720710872003208,8.41968402692741,29.633333333333336,66.25833333333334,22.53333333333333,979.9250000000001,33.166666666666664,0.7666666666666666,9.075000000000001,11.75,17.691666666666666,4.3,3.0,0.25,1463.0,201.5
2025-10-03 06:00:00,0.09032208599295027,1.441279898580967,1.3704051877726264,25.208333333333332,82.375,22.0,984.1750000000001,17.166666666666668,0.425,11.875,13.183333333333332,17.858333333333334,2.4,0.0,0.0,1470.0,56.0
2025-10-03 07:00:00,0.013664338668466417,30.437738884590633,29.729087498059897,26.166666666666668,77.85000000000001,22.0,984.975,97.25,0.4666666666666666,13.983333333333334,15.533333333333333,21.008333333333333,2.4,0.0,0.0,1470.0,124.0
2025-10-03 08:00:00,0.007695127119439975,77.57369777647108,77.77034834727661,28.083333333333332,71.05,22.333333333333332,985.6083333333332,267.9166666666667,0.5416666666666666,16.141666666666666,18.383333333333333,24.241666666666664,2.1,0.0,0.0,1470.0,128.0
2025-10-03 09:00:00,0.0075668384147825,80.18014739222043,80.39848882543343,29.8,64.64166666666667,22.45,985.7333333333332,408.25,0.6666666666666666,13.491666666666667,17.474999999999998,23.45,2.1,0.0,0.0,1470.0,94.5
2025-10-03 10:00:00,0.0075475942651155835,80.52312476862228,80.91602109350909,30.708333333333332,61.958333333333336,22.625,985.4,564.6666666666666,0.875,12.75,17.166666666666668,21.941666666666666,2.6,0.0,0.0,1470.0,162.0
2025-10-03 11:00:00,0.007636212928860708,78.62722179260753,78.99645541751009,31.733333333333334,58.458333333333336,22.59166666666667,984.725,663.0833333333334,0.9166666666666666,11.174999999999999,14.774999999999999,19.133333333333333,2.8,0.0,0.0,1470.0,161.0
2025-10-03 12:00:00,0.007707501600820517,77.12046538207339,77.34213580161334,33.791666666666664,51.824999999999996,22.541666666666668,983.5583333333334,813.8333333333334,0.7583333333333333,8.416666666666666,11.174999999999999,14.266666666666666,2.2,0.0,0.0,1470.0,200.5
2025-10-03 13:00:00,0.0078604156971805,74.18284743211154,74.64594827818404,34.766666666666666,49.291666666666664,22.583333333333332,982.4166666666666,840.3333333333334,0.9916666666666667,6.783333333333334,8.516666666666667,12.083333333333334,2.8,0.0,0.0,1470.0,180.5
2025-10-03 14:00:00,0.007892755371597433,73.74104957145894,75.06734142644878,34.641666666666666,49.46666666666667,22.55,981.4583333333334,586.4166666666666,1.0416666666666667,6.141666666666667,7.933333333333334,11.225,3.2,0.0,0.0,1470.0,174.0
2025-10-03 15:00:00,0.010654477404444357,41.78126955263705,41.804712463522065,32.85,57.166666666666664,23.25,980.9416666666666,176.66666666666666,1.3499999999999999,7.766666666666667,9.708333333333334,12.125,3.2,0.0,0.0,1470.0,165.0
2025-10-03 16:00:00,0.017178568241834665,17.047064732490757,16.640927582479197,32.38333333333333,58.225,23.15833333333333,980.8666666666667,72.66666666666667,1.05,8.65,11.216666666666667,14.408333333333333,3.0,0.0,0.0,1470.0,170.5
2025-10-03 17:00:00,0.06359471959949532,1.4818649315837522,1.3971381038939779,31.558333333333334,63.06666666666666,23.691666666666666,981.2166666666667,13.916666666666666,1.1500000000000001,11.591666666666667,14.258333333333333,19.2,3.3,0.0,0.0,1470.0,181.5
2025-10-04 06:00:00,0.10959397641555918,0.22066846279184968,0.19918294404059111,21.849999999999998,97.02499999999999,21.383333333333336,987.6166666666667,4.833333333333333,0.6749999999999999,2.4,2.6999999999999997,3.6750000000000003,1.7,6.0,36.5,1506.5,201.5
2025-10-04 07:00:00,0.045511735457223174,2.3842838264252877,2.2723101474424614,22.041666666666668,97.0,21.59166666666667,988.2333333333332,21.5,0.65,3.6833333333333336,4.091666666666667,5.55,1.6,3.0,37.5,1507.5,153.5
2025-10-04 08:00:00,0.01584746615294892,20.15330667849375,19.60593400805435,22.641666666666666,95.20833333333333,21.858333333333334,988.1916666666666,72.0,0.65,5.824999999999999,6.45,8.716666666666667,1.9,3.0,38.0,1508.0,214.0
2025-10-04 09:00:00,0.008552479676544725,65.27622365905212,64.96604135643287,23.916666666666668,91.8,22.516666666666666,988.2166666666667,159.33333333333334,1.05,5.658333333333334,6.283333333333334,8.525,3.6,0.0,38.0,1508.0,339.5
2025-10-04 10:00:00,0.0075479563494818165,80.73826785898451,81.1446458607737,25.275000000000002,86.35000000000001,22.849999999999998,987.4333333333334,289.6666666666667,0.7250000000000001,5.933333333333334,6.55,8.891666666666667,2.3,0.0,38.0,1508.0,33.5
2025-10-04 11:00:00,0.007490060581777075,82.10632194871873,82.42192262868676,28.141666666666666,72.10000000000001,22.641666666666666,985.975,597.75,0.6916666666666668,5.583333333333333,6.75,9.091666666666667,2.9,0.0,38.0,1508.0,44.0
2025-10-04 12:00:00,0.007632954749619608,79.0599228309507,79.3674442008618,29.858333333333334,61.46666666666667,21.666666666666668,984.5333333333333,552.25,0.7916666666666666,5.033333333333333,6.791666666666667,8.700000000000001,2.4,0.0,38.0,1508.0,141.5
2025-10-04 13:00:00,0.007648264420318283,78.8037056848084,79.18629497588147,31.71666666666667,60.425000000000004,23.125,984.0,793.4166666666666,0.9500000000000001,6.1000000000000005,7.7250000000000005,9.766666666666667,4.2,0.0,38.0,1508.0,266.0
2025-10-04 14:00:00,0.0083560668325639,70.62009380875206,74.02311016718654,32.56666666666667,57.30833333333334,23.041666666666668,982.9333333333334,679.5833333333334,0.8250000000000001,5.108333333333333,6.3999999999999995,7.383333333333333,3.2,0.0,38.0,1508.0,286.0
2025-10-04 15:00:00,0.016229744480592192,18.58579674353133,18.540835704395306,31.450000000000003,60.525,22.891666666666666,981.8666666666667,275.9166666666667,0.7916666666666666,5.008333333333334,6.45,9.691666666666666,2.6,0.0,38.0,1508.0,286.5
2025-10-04 16:00:00,0.024626707071745853,7.091624665597654,6.669991249947446,29.991666666666664,64.93333333333334,22.708333333333332,981.5833333333334,45.083333333333336,0.24166666666666667,6.25,8.166666666666666,10.783333333333333,2.2,0.0,38.0,1508.0,298.0
2025-10-04 17:00:00,0.04109233371190781,2.8595489065292905,2.6901615141185364,29.258333333333336,67.14166666666667,22.541666666666668,981.6166666666667,22.75,0.09166666666666666,6.8999999999999995,8.558333333333334,12.5,1.5,0.0,38.0,1508.0,322.5
2025-10-04 18:00:00,0.0937128516399052,0.2683812044973599,0.238907685693248,28.6,72.0,23.1,981.8,1.0,0.0,9.8,12.6,18.8,0.0,0.0,38.0,1508.0,342.0
2025-10-05 06:00:00,0.04895356310831131,11.517484492187362,6.4934822678730875,24.099999999999998,85.99166666666667,21.650000000000002,985.275,50.166666666666664,0.7999999999999999,3.9499999999999997,4.416666666666667,5.991666666666667,2.6,0.0,0.0,1508.0,219.5
2025-10-05 07:00:00,0.007560804386506425,80.48384094188727,72.70800886441732,26.166666666666668,76.70833333333333,21.78333333333333,985.6083333333332,247.91666666666666,0.8583333333333334,5.108333333333333,5.658333333333334,7.708333333333333,2.7,0.0,0.0,1508.0,111.0
2025-10-05 08:00:00,0.00749745983895235,81.90920375405285,82.19769698024366,28.858333333333334,66.64999999999999,22.03333333333333,986.0333333333333,472.9166666666667,0.7999999999999999,4.808333333333334,5.858333333333333,8.058333333333334,2.6,0.0,0.0,1508.0,300.0
2025-10-05 09:00:00,0.007612634882189642,79.46554111764783,79.53301287746383,30.758333333333336,61.00833333333333,22.391666666666666,986.1416666666668,665.3333333333334,0.8583333333333334,4.458333333333333,5.7,8.416666666666666,3.1,0.0,0.0,1508.0,129.0
2025-10-05 10:00:00,0.0077408090367827335,76.86878130508534,76.85549739271325,32.416666666666664,58.625,23.3,985.7416666666667,809.8333333333334,0.8583333333333334,4.991666666666666,6.308333333333334,9.325000000000001,2.6,0.0,0.0,1508.0,331.5
2025-10-05 11:00:00,0.007887169730889524,74.26346893200024,74.39414743287053,33.550000000000004,55.949999999999996,23.575,984.7833333333333,718.25,0.8333333333333334,5.125,6.675,9.775,3.9,0.0,0.0,1508.0,133.0
2025-10-05 12:00:00,0.008024157923301316,71.96480112063729,72.17141828263995,32.15833333333333,58.541666666666664,23.016666666666666,983.6833333333334,349.5,0.6583333333333333,5.266666666666667,7.0249999999999995,10.508333333333333,2.0,0.0,0.0,1508.0,13.0
2025-10-05 13:00:00,0.007639519593709534,79.11832552510667,79.47998857793446,31.958333333333332,58.225,22.7,982.6583333333333,745.25,1.5916666666666668,3.858333333333333,5.141666666666667,7.941666666666666,4.6,0.0,0.0,1508.0,335.0
2025-10-05 14:00:00,0.008105613718579234,70.02583775777838,71.21974159805237,31.066666666666666,59.025,22.116666666666664,981.6333333333333,272.5,0.7999999999999999,3.9499999999999997,5.441666666666666,7.875,3.9,0.0,0.0,1508.0,26.5
2025-10-05 15:00:00,0.008216364149763334,68.01624246391098,67.93889002983407,33.108333333333334,52.49166666666667,22.108333333333334,980.9250000000001,342.3333333333333,1.0333333333333332,4.433333333333334,6.091666666666666,10.366666666666667,3.0,0.0,0.0,1508.0,194.5
2025-10-05 16:00:00,0.01788434313816385,22.746790389436512,22.257606360340088,30.483333333333334,59.25833333333333,21.599999999999998,981.1083333333332,71.83333333333333,1.0250000000000001,5.125,6.8500000000000005,11.025,5.2,0.0,0.0,1508.0,251.0
2025-10-05 17:00:00,0.025322208875968876,13.723779561319303,13.209051977405984,27.40833333333333,69.54166666666667,21.366666666666664,981.8249999999999,50.5,0.9833333333333334,4.858333333333333,5.966666666666666,9.025,2.6,0.0,0.0,1508.0,21.0
2025-10-05 18:00:00,0.0759781714713361,0.4864829685187199,0.4463721952732,27.0,72.4,21.7,982.3,1.0,0.3,5.7,6.2,8.4,0.7,0.0,0.0,1508.0,65.0
2025-10-06 13:00:00,0.015671064708571318,79.75940755731754,78.99323303033822,34.63,49.21,22.43,982.9200000000001,790.3,0.8,4.76,6.17,9.309999999999999,2.6,0.0,6.25,1523.75,272.0
2025-10-06 14:00:00,0.009453497078860918,78.7223865612932,78.92801655297092,35.699999999999996,43.30833333333334,21.333333333333332,982.0083333333333,756.5,0.7333333333333334,4.233333333333333,5.458333333333333,8.933333333333334,2.8,0.0,6.25,1523.75,299.5
2025-10-06 15:00:00,0.019741116277075425,74.91146232798614,73.59239006139974,32.74166666666667,56.11666666666667,22.633333333333336,981.5500000000001,343.0,1.3416666666666668,4.1499999999999995,5.266666666666667,7.358333333333333,4.3,0.0,6.25,1523.75,347.5
2025-10-06 16:00:00,0.04234998778694112,11.976470565605283,11.506927784020341,29.208333333333332,69.075,22.883333333333336,982.1750000000001,33.666666666666664,1.2916666666666667,6.1000000000000005,7.55,11.524999999999999,3.8,6.0,6.75,1524.25,173.0
2025-10-06 17:00:00,0.048626367345699424,0.6409310868628756,0.6102387844660953,26.808333333333334,75.85833333333333,22.208333333333332,982.9916666666667,8.083333333333334,1.4333333333333333,8.316666666666666,9.208333333333334,12.483333333333334,3.6,0.0,6.75,1524.25,340.5
2025-10-06 18:00:00,0.0400763147218974,0.435268157462261,0.414170607443859,26.0,81.9,22.7,983.9,6.0,1.1,11.8,13.1,17.7,2.2,0.0,6.75,1524.25,174.0
2025-10-07 06:00:00,0.12516969642399406,9.335947110906538,5.582573513345387,24.527272727272727,92.82727272727273,23.318181818181817,985.7727272727273,41.72727272727273,0.0,15.481818181818182,17.181818181818183,23.227272727272727,0.0,0.0,0.0,1524.25,110.0
2025-10-07 07:00:00,0.10723346661044157,78.2228420868221,67.04900847895438,26.825,80.675,23.208333333333332,986.2666666666668,212.25,0.425,16.383333333333333,18.224999999999998,24.65833333333333,1.6,0.0,0.0,1524.25,95.5
2025-10-07 08:00:00,0.024079739937099692,86.5007916944474,84.84756916004746,29.183333333333334,71.50833333333334,23.516666666666666,986.5833333333334,440.8333333333333,0.7666666666666666,14.799999999999999,16.458333333333332,22.241666666666664,2.1,0.0,0.0,1524.25,91.0
2025-10-07 09:00:00,0.022815147547962083,83.84556981563243,82.25441229311976,31.258333333333336,63.824999999999996,23.583333333333332,986.7333333333332,634.5833333333334,0.7916666666666666,14.700000000000001,19.291666666666668,27.175,2.2,0.0,0.0,1524.25,140.0
2025-10-07 10:00:00,0.02251171286087171,81.59798142036237,80.08808777298617,32.24166666666667,57.791666666666664,22.891666666666666,986.375,746.0833333333334,0.7833333333333333,12.958333333333334,17.441666666666666,26.21666666666667,2.2,0.0,0.0,1524.25,94.0
2025-10-07 11:00:00,0.023448090901704674,80.15679542579834,78.51520705238048,32.74166666666667,50.28333333333333,21.058333333333334,985.1999999999999,898.5,1.175,13.316666666666668,18.016666666666666,25.900000000000002,3.9,0.0,0.0,1524.25,20.5
2025-10-07 12:00:00,0.021528150686511514,78.4484770580913,77.15861385989801,33.75833333333333,48.416666666666664,21.366666666666664,984.1333333333333,842.25,0.9916666666666667,12.325000000000001,16.875,24.84166666666667,3.1,0.0,0.0,1524.25,101.5
2025-10-07 13:00:00,0.020813839546850364,78.4085071236881,77.26211362257254,33.03636363636363,50.81818181818182,21.472727272727273,983.1727272727272,451.6363636363636,0.6818181818181818,13.118181818181819,17.345454545454547,27.58181818181818,2.0,0.0,0.0,1524.25,147.0
2025-10-07 14:00:00,0.012256227023601908,81.7556900462685,82.00179042152591,32.699999999999996,52.25,21.658333333333335,982.15,423.3333333333333,0.8333333333333334,14.533333333333333,19.558333333333334,29.650000000000002,2.3,0.0,0.0,1524.25,177.5
2025-10-07 15:00:00,0.0028104433813604074,69.75348598359194,70.80362129428154,32.199999999999996,53.725,21.633333333333336,981.4416666666666,216.33333333333334,0.6749999999999999,14.233333333333334,19.516666666666666,29.25,2.3,0.0,0.0,1524.25,162.0
2025-10-07 16:00:00,0.03174191676266165,53.47061392456974,50.630766181661606,31.545454545454547,56.76363636363636,21.927272727272726,981.5181818181819,136.9090909090909,1.2727272727272727,16.19090909090909,21.818181818181817,32.95454545454545,3.6,0.0,0.0,1524.25,178.0
2025-10-07 17:00:00,0.028294118255535617,2.8512256149121984,2.8235928733616404,30.727272727272727,61.054545454545455,22.37272727272727,982.0727272727272,17.90909090909091,0.6545454545454545,21.654545454545453,29.55454545454546,44.481818181818184,1.9,0.0,0.0,1524.25,146.0
2025-10-08 06:00:00,0.053972222662226364,5.039086303284566,4.420007955861322,25.745454545454546,94.47272727272728,24.827272727272728,985.2545454545453,31.545454545454547,0.22727272727272727,40.04545454545455,44.45454545454545,60.08181818181818,1.8,0.0,0.0,1524.25,96.0
2025-10-08 07:00:00,0.05810376175422948,66.34722240013551,62.15574817634583,27.075,85.65833333333335,24.45,985.9499999999999,173.83333333333334,0.6666666666666666,42.875,47.6,64.35000000000001,1.8,0.0,0.0,1524.25,163.5
2025-10-08 08:00:00,0.026094378255734237,85.24898919359315,83.50199054834498,29.099999999999998,75.27499999999999,24.308333333333334,986.3000000000001,364.25,0.7416666666666667,36.800000000000004,42.391666666666666,56.86666666666667,2.5,0.0,0.0,1524.25,165.0
2025-10-08 09:00:00,0.027040061900326175,85.23000789845635,83.28481995707092,30.583333333333332,67.99166666666666,24.016666666666666,986.4916666666667,561.4166666666666,0.775,32.84166666666667,42.9,52.60833333333333,2.2,0.0,0.0,1524.25,124.5
2025-10-08 10:00:00,0.02562898594492206,82.86406349444763,81.1584528647585,31.50833333333333,63.166666666666664,23.675,986.025,692.5833333333334,1.0416666666666667,46.65,58.525,70.89166666666667,3.0,0.0,0.0,1524.25,158.0
2025-10-08 11:00:00,0.022163207144917874,82.79378607760248,81.60180192788954,32.141666666666666,59.199999999999996,23.208333333333332,984.9083333333333,773.75,1.2249999999999999,56.81666666666666,68.85000000000001,79.33333333333333,3.7,0.0,0.0,1524.25,162.0
2025-10-08 12:00:00,0.02403066073224885,80.90224112109605,79.60792395627497,32.56666666666667,56.175000000000004,22.741666666666664,983.65,716.9166666666666,1.325,38.125,47.75833333333333,55.80833333333334,2.9,0.0,0.0,1524.25,169.0
2025-10-08 13:00:00,0.023453664433430166,80.23030323204911,78.81898479946769,32.475,56.80833333333334,22.825,982.4833333333332,403.75,1.25,29.608333333333334,37.88333333333333,46.60833333333333,3.4,0.0,0.0,1524.25,157.0
2025-10-08 14:00:00,0.025141354894169184,63.47763161115765,62.153324199871584,31.15833333333333,62.05833333333334,23.058333333333334,981.725,135.33333333333334,0.6749999999999999,45.10833333333333,57.175000000000004,66.95833333333333,2.7,0.0,0.0,1524.25,171.5
2025-10-08 15:00:00,0.025460145424169092,59.674716812925006,58.519688937635124,30.358333333333334,65.02499999999999,23.058333333333334,981.3666666666667,200.16666666666666,0.8250000000000001,46.166666666666664,59.125,70.65833333333333,3.1,0.0,0.0,1524.25,32.5
2025-10-08 16:00:00,0.03434953341145009,2.731250935832986,2.6600867182183556,28.09166666666667,73.89999999999999,23.016666666666666,982.0,17.083333333333332,0.6583333333333333,55.84166666666667,64.95833333333333,83.18333333333334,2.4,0.0,0.0,1524.25,51.0
2025-10-08 17:00:00,0.05799525574604736,0.13773214218820448,0.13094886586482626,26.425,84.9875,23.675,982.6625,1.875,2.1625,59.5,66.05,89.3125,5.7,3.0,0.25,1524.5,160.0
2025-10-09 06:00:00,0.04787388955141507,3.050406089080833,2.828917271810501,25.181818181818183,93.39090909090909,24.045454545454547,985.5636363636364,24.727272727272727,0.0,48.72727272727273,54.09090909090909,73.10000000000001,0.0,0.0,0.0,1524.5,88.0
2025-10-09 07:00:00,0.04079629028928751,59.361145453748044,57.2618718148402,26.733333333333334,84.14999999999999,23.84166666666667,986.2166666666667,152.91666666666666,0.3,48.61666666666667,53.958333333333336,72.95,1.0,0.0,0.0,1524.5,87.0
2025-10-09 08:00:00,0.02404768313082603,73.04068412286341,71.68018680017899,27.55,81.70833333333333,24.15833333333333,986.7333333333332,190.16666666666666,0.30833333333333335,43.85,48.675000000000004,65.77499999999999,1.4,0.0,0.0,1524.5,113.5
2025-10-09 09:00:00,0.022349540043531915,85.08787754330412,83.74227150842329,29.316666666666666,73.0,24.0,986.7166666666667,437.4166666666667,0.775,38.71666666666667,46.68333333333334,58.75,2.0,0.0,0.0,1524.5,156.5
2025-10-09 10:00:00,0.02582567246722114,83.8420641849475,81.96192955630858,31.5,64.05,23.90833333333333,986.1333333333333,662.8333333333334,0.6666666666666666,36.15833333333333,47.14166666666667,57.199999999999996,2.3,0.0,0.0,1524.5,90.5
2025-10-09 11:00:00,0.024691044440773077,82.27827735625556,80.63823706593692,32.641666666666666,60.15833333333333,23.933333333333334,985.0333333333333,783.5833333333334,0.9166666666666666,32.94166666666667,43.59166666666667,52.51666666666667,3.2,3.0,0.25,1524.75,177.0
2025-10-09 12:00:00,0.026905042325627668,80.76039739412131,78.8336247249555,33.93333333333333,55.041666666666664,23.65833333333333,983.6166666666667,772.9166666666666,0.8250000000000001,32.05833333333333,41.75,50.39166666666667,2.2,0.0,0.25,1524.75,130.5
2025-10-09 13:00:00,0.02363510263395845,79.74526958123565,78.40907590296528,33.458333333333336,54.525,23.03333333333333,982.375,545.25,0.9333333333333332,27.78333333333333,36.44166666666667,44.48333333333333,3.2,0.0,0.25,1524.75,166.5
2025-10-09 14:00:00,0.019309212754503476,80.76092688413192,80.1247121466183,32.9,56.025,22.991666666666664,981.6583333333333,408.1666666666667,0.8250000000000001,29.833333333333332,39.333333333333336,48.64166666666667,2.6,0.0,0.25,1524.75,129.0
2025-10-09 15:00:00,0.01899223644198821,59.09208294850506,58.6140231929834,30.991666666666664,63.96666666666667,23.349999999999998,981.0749999999999,167.08333333333334,2.0500000000000003,29.925,38.958333333333336,46.71666666666667,6.2,0.0,0.25,1524.75,165.0
2025-10-09 16:00:00,0.009036735904694641,38.46374931714582,39.0075640738796,29.375,69.425,23.191666666666666,981.1583333333333,105.58333333333333,0.625,32.99166666666667,41.84166666666667,52.18333333333334,3.6,0.0,0.25,1524.75,164.0
2025-10-09 17:00:00,0.0294675199296907,7.106867980651544,6.947703038660964,29.827272727272728,73.00909090909092,24.518181818181816,981.5181818181819,31.272727272727273,0.2,41.45454545454545,47.59090909090909,62.881818181818176,1.6,0.0,0.25,1524.75,78.0
2025-10-10 06:00:00,0.08864354513649014,8.784894748501962,6.663321802054578,23.108333333333334,96.80833333333334,22.583333333333332,984.3083333333334,41.916666666666664,0.05833333333333333,7.2,7.991666666666667,10.816666666666668,0.7,0.0,9.5,1561.5,192.5
2025-10-10 07:00:00,0.07526439250492672,76.19680856248819,69.41126687772154,24.90833333333333,88.26666666666667,22.858333333333334,984.9333333333334,200.41666666666666,0.3666666666666667,8.475,9.424999999999999,12.733333333333334,1.8,0.0,9.5,1561.5,167.5
2025-10-10 08:00:00,0.02790109757511254,87.24408287683174,85.16796022672459,27.116666666666664,73.98333333333333,22.05,985.4583333333334,403.0833333333333,0.75,6.708333333333333,7.4750000000000005,10.108333333333333,2.5,0.0,9.5,1561.5,172.0
2025-10-10 09:00:00,0.029010547261426826,85.70528407304413,83.41527807578149,29.316666666666666,64.74166666666666,22.025000000000002,985.6750000000001,585.0,0.7999999999999999,7.583333333333333,9.266666666666667,12.116666666666667,3.1,0.0,9.5,1561.5,112.5
2025-10-10 10:00:00,0.028596470535458784,83.44818714650162,81.29869489183942,30.758333333333336,66.10833333333333,23.71666666666667,985.3666666666667,680.6666666666666,0.7416666666666667,11.266666666666666,14.4,17.683333333333334,2.8,0.0,9.5,1561.5,100.0
2025-10-10 11:00:00,0.02889524784496605,81.67245950153008,79.54267136628812,31.808333333333334,63.300000000000004,23.991666666666664,984.0916666666667,753.5,0.875,17.474999999999998,23.541666666666668,27.583333333333332,2.6,0.0,9.5,1561.5,23.5
2025-10-10 12:00:00,0.02824033701514264,81.34652639836658,79.32918110773413,32.675000000000004,58.574999999999996,23.474999999999998,982.875,742.9166666666666,0.6583333333333333,28.025000000000002,35.641666666666666,40.46666666666667,2.7,0.0,9.5,1561.5,87.5
2025-10-10 13:00:00,0.02813814730150688,81.14906232997345,79.17423787836421,32.699999999999996,56.86666666666667,23.066666666666666,981.7083333333334,670.0833333333334,1.0833333333333333,28.566666666666666,35.61666666666667,41.416666666666664,3.1,0.0,9.5,1561.5,83.0
2025-10-10 14:00:00,0.02624097015258699,82.59508473391838,80.94259172761679,32.4,58.64166666666667,23.275000000000002,980.725,455.5,1.1500000000000001,30.541666666666668,40.03333333333333,47.51666666666667,3.6,0.0,9.5,1561.5,143.0
2025-10-10 15:00:00,0.021370758848600655,69.53888312359514,68.83047822666545,31.183333333333334,63.775,23.525000000000002,980.1916666666667,192.16666666666666,1.1166666666666667,37.766666666666666,50.96666666666667,58.88333333333333,3.4,0.0,9.5,1561.5,342.0
2025-10-10 16:00:00,0.01539110375237545,46.5672160171724,46.61640520659616,30.900000000000002,64.95833333333333,23.55,980.3166666666666,118.75,1.1416666666666666,41.833333333333336,55.19166666666666,64.86666666666666,3.4,0.0,9.5,1561.5,161.0
2025-10-10 17:00:00,0.029922652368099056,8.57904407839441,8.477374868515868,29.80909090909091,70.61818181818181,23.91818181818182,980.8545454545455,35.0,1.3727272727272728,59.10909090909092,71.75454545454545,91.85454545454546,3.3,0.0,9.5,1561.5,164.0
2025-10-11 06:00:00,0.0658032174591076,13.17240166089502,11.543622759656257,25.09166666666667,88.60833333333333,23.09166666666667,983.85,51.833333333333336,0.5499999999999999,33.5,37.175000000000004,50.25833333333333,1.9,0.0,0.0,1561.5,111.0
2025-10-11 07:00:00,0.03940908225539267,73.722333422199,70.80510011377378,26.525000000000002,78.2,22.416666666666668,984.3583333333332,186.83333333333334,0.6166666666666666,19.333333333333332,21.433333333333334,28.983333333333334,1.7,0.0,0.0,1561.5,138.0
2025-10-11 08:00:00,0.027177673375447024,85.69540806070746,83.73220578465889,28.508333333333336,70.625,22.650000000000002,984.6750000000001,418.3333333333333,0.6833333333333332,16.208333333333332,18.658333333333335,24.641666666666666,2.1,0.0,0.0,1561.5,104.0
2025-10-11 09:00:00,0.029114799278916623,84.91313417681778,82.5942764140066,30.441666666666666,63.699999999999996,22.808333333333334,985.1416666666668,621.6666666666666,0.9166666666666666,14.008333333333333,18.683333333333334,22.95,2.6,0.0,0.0,1561.5,52.0
2025-10-11 10:00:00,0.029748628608605467,82.5408885600127,80.1871630493252,32.266666666666666,56.98333333333333,22.666666666666668,984.6916666666666,764.0,0.7999999999999999,14.691666666666668,19.391666666666666,23.108333333333334,2.6,0.0,0.0,1561.5,18.5
2025-10-11 11:00:00,0.03050937348268729,80.30432764503624,77.88712966844967,33.65,52.98333333333334,22.75,983.5833333333334,857.6666666666666,0.725,18.016666666666666,23.583333333333332,27.983333333333334,2.1,0.0,0.0,1561.5,34.0
2025-10-11 12:00:00,0.02834801453468216,79.25933339516108,77.30262145520028,33.050000000000004,55.13333333333333,22.825,982.6999999999999,545.9166666666666,0.6416666666666667,20.224999999999998,28.133333333333336,35.291666666666664,3.1,0.0,0.0,1561.5,28.0
2025-10-11 13:00:00,0.02719057913198852,78.70368365429063,77.02782769495728,30.8,62.35833333333333,22.575,981.8333333333334,443.25,2.183333333333333,24.483333333333334,32.324999999999996,39.175000000000004,7.4,0.0,0.0,1561.5,179.0
2025-10-11 14:00:00,0.025459851907376985,78.93391334916618,77.56620807442584,28.974999999999998,67.95,22.458333333333332,981.5416666666666,243.08333333333334,1.5083333333333335,40.19166666666667,53.15833333333333,66.44166666666666,4.9,0.0,0.0,1561.5,9.0
2025-10-11 15:00:00,0.0260111445010618,80.72058294876696,79.16942149105212,30.675,62.175000000000004,22.65833333333333,980.975,281.6666666666667,1.075,37.59166666666667,50.86666666666667,65.46666666666667,3.3,0.0,0.0,1561.5,338.5
2025-10-11 16:00:00,0.014652757678993251,56.66372942779632,56.75989626645919,30.3,63.85,22.71666666666667,980.975,140.33333333333334,1.2083333333333333,38.9,53.675000000000004,67.875,3.5,0.0,0.0,1561.5,348.5
2025-10-11 17:00:00,0.022165543131144258,6.459188903098774,6.495895543743533,29.491666666666664,68.69166666666666,23.141666666666666,981.0666666666666,32.75,0.7833333333333333,44.18333333333334,55.699999999999996,73.15833333333333,2.1,0.0,0.0,1561.5,344.0
2025-10-12 06:00:00,0.04302611427541875,1.7581469105341654,1.6783503094975127,24.733333333333334,96.18333333333334,24.125,983.775,16.166666666666668,0.08333333333333333,89.97500000000001,99.88333333333333,134.99166666666667,1.4,0.0,0.0,1561.5,63.0
2025-10-12 07:00:00,0.057140941358230564,65.47857978532744,61.30687903509354,26.108333333333334,88.8,24.108333333333334,984.0416666666666,162.5,0.3416666666666666,85.33333333333333,94.74166666666667,128.01666666666668,1.3,0.0,0.0,1561.5,61.5
2025-10-12 08:00:00,0.029334018619020782,84.85353970750668,82.77635809059501,27.983333333333334,78.14166666666667,23.816666666666666,984.3666666666667,345.25,0.6416666666666667,73.54166666666667,82.04166666666667,110.75,2.0,0.0,0.0,1561.5,50.5
2025-10-12 09:00:00,0.03141015405036223,84.91633188197574,82.43859758804604,30.525000000000002,66.22500000000001,23.508333333333336,984.375,615.0,0.775,56.775,75.74166666666666,98.65833333333335,2.7,0.0,0.0,1561.5,46.0
2025-10-12 10:00:00,0.0312889576197349,83.48342413743897,81.03690828975145,31.03333333333333,59.68333333333334,22.266666666666666,983.8249999999999,696.6666666666666,1.1666666666666667,42.175000000000004,57.90833333333333,74.23333333333333,3.9,0.0,0.0,1561.5,30.5
2025-10-12 11:00:00,0.03203846657662777,81.7292781485255,79.20080124841324,31.21666666666667,57.14166666666667,21.75,982.9,713.5,1.6583333333333334,40.18333333333333,55.65,74.85833333333333,4.2,0.0,0.0,1561.5,345.0
2025-10-12 12:00:00,0.029685338251741984,84.32708969445589,82.06659898924619,32.15833333333333,54.475,21.849999999999998,981.9083333333333,691.1666666666666,1.4416666666666667,39.775,54.34166666666667,69.125,4.3,0.0,0.0,1561.5,350.0
2025-10-12 13:00:00,0.027470161552366482,81.1950683533366,79.34971189789654,32.766666666666666,52.475,21.78333333333333,981.125,648.0,1.0166666666666666,37.36666666666667,50.550000000000004,67.68333333333334,2.5,0.0,0.0,1561.5,326.5
2025-10-12 14:00:00,0.022936088039040303,77.52568792801631,76.51024569821796,33.025,51.699999999999996,21.775000000000002,980.3583333333332,453.3333333333333,0.9416666666666668,36.09166666666667,48.574999999999996,66.13333333333334,3.0,0.0,0.0,1561.5,322.5
2025-10-12 15:00:00,0.023055756828124687,72.63682580641314,71.65851736296737,31.816666666666666,57.041666666666664,22.28333333333333,979.9833333333332,242.75,1.1833333333333333,41.61666666666667,55.90833333333333,74.27499999999999,3.9,0.0,0.0,1561.5,162.5
2025-10-12 16:00:00,0.016652773755546243,43.69363078194308,43.724891892014476,31.041666666666668,60.199999999999996,22.458333333333332,979.8083333333333,115.33333333333333,1.1083333333333334,49.800000000000004,68.05833333333334,89.44166666666666,2.6,0.0,0.0,1561.5,161.5
2025-10-12 17:00:00,0.03238233129989759,8.093660301182256,7.92976637314231,30.383333333333336,63.46666666666667,22.708333333333332,980.2833333333333,36.333333333333336,0.8083333333333335,59.675000000000004,80.90833333333333,104.56666666666666,2.2,0.0,0.0,1561.5,160.0
2025-10-12 18:00:00,0.0473358560411115,0.922213674560175,0.861124851243946,29.9,65.7,22.8,980.7,7.0,0.5,67.2,76.2,102.1,0.7,0.0,0.0,1561.5,146.0
2025-10-13 06:00:00,0.04535319507468786,1.3769647296019005,1.3207556303619181,23.474999999999998,97.23333333333333,23.016666666666666,983.8249999999999,16.083333333333332,0.21666666666666665,39.725,44.09166666666667,59.59166666666667,1.0,0.0,9.0,1640.0,140.5
2025-10-13 07:00:00,0.03519885843429304,25.311281777603043,24.32806731801094,24.116666666666664,97.24166666666667,23.65833333333333,984.5666666666666,87.0,0.10833333333333332,42.608333333333334,47.291666666666664,63.93333333333334,0.8,0.0,9.0,1640.0,138.0
2025-10-13 08:00:00,0.028308338446719983,86.64239691050783,84.63388405516464,27.191666666666666,72.13333333333334,21.375,984.75,405.25,0.5583333333333332,37.625,41.791666666666664,56.48333333333333,1.4,0.0,9.0,1640.0,99.0
2025-10-13 09:00:00,0.0301181702286767,84.76223503631611,82.44408892459997,30.175,45.24166666666667,15.866666666666667,984.6666666666666,570.75,0.725,34.65833333333334,42.416666666666664,53.300000000000004,2.1,0.0,9.0,1640.0,141.5
2025-10-13 10:00:00,0.02908327782179589,83.8382236074297,81.72508747916126,31.125,61.791666666666664,22.933333333333334,984.1166666666667,722.0833333333334,0.8083333333333332,34.608333333333334,45.21666666666667,53.23333333333333,2.2,0.0,9.0,1640.0,151.5
2025-10-13 11:00:00,0.0296941289080702,81.69349165461277,79.54116767879239,32.016666666666666,60.333333333333336,23.375,983.0333333333333,719.1666666666666,0.8083333333333332,34.550000000000004,46.125,57.14166666666667,2.9,0.0,9.0,1640.0,87.0
2025-10-13 12:00:00,0.03097880529678655,82.50934249768495,80.1190650867804,32.65833333333333,54.80833333333334,22.375,982.2166666666667,764.75,1.2833333333333334,34.85,45.791666666666664,56.291666666666664,3.8,0.0,9.0,1640.0,344.0
2025-10-13 13:00:00,0.029189960750692093,82.99580084637437,80.90703862603753,32.833333333333336,55.925000000000004,22.891666666666666,981.3166666666666,661.25,1.2083333333333333,36.375,48.98333333333333,61.26666666666667,3.8,0.0,9.0,1640.0,15.0
2025-10-13 14:00:00,0.031161680939245456,66.63306993001525,64.95129537662251,33.78333333333333,55.28333333333333,23.474999999999998,980.4333333333334,422.0833333333333,1.2416666666666667,35.141666666666666,47.458333333333336,58.31666666666666,5.7,0.0,9.0,1640.0,159.0
2025-10-13 15:00:00,0.03801398790108789,8.106834166242013,7.730109223697508,27.008333333333336,81.39999999999999,23.55,980.3583333333332,45.166666666666664,1.125,42.38333333333333,50.050000000000004,65.20833333333333,4.1,3.0,9.5,1640.5,173.0
2025-10-13 16:00:00,0.03546248405909186,10.901550059320966,10.508102338924761,26.858333333333334,87.22500000000001,24.566666666666666,980.6083333333332,53.833333333333336,0.35833333333333334,49.59166666666667,55.05833333333334,74.41666666666667,1.4,0.0,9.5,1640.5,192.0
2025-10-13 17:00:00,0.03660006853180609,2.6931954197313868,2.5912435285092625,26.266666666666666,86.67500000000001,23.891666666666666,981.0500000000001,21.333333333333332,0.3416666666666666,48.324999999999996,53.65833333333333,72.54166666666667,2.1,0.0,9.5,1640.5,119.0
2025-10-13 18:00:00,0.0659216666230483,0.0582386017422456,0.054646277431977,25.9,87.9,23.8,981.4,2.0,0.7,45.4,50.4,68.1,0.7,0.0,9.5,1640.5,71.0
2025-10-14 06:00:00,0.0514200744937554,1.9097608411174598,1.7749252970430118,24.08181818181818,97.27272727272727,23.645454545454548,982.4545454545455,18.181818181818183,0.0,58.11818181818182,64.51818181818182,87.21818181818182,0.0,0.0,0.0,1641.0,44.0
2025-10-14 07:00:00,0.04671808090695371,40.783375545465354,38.761784573576286,25.333333333333332,91.56666666666666,23.849999999999998,983.2166666666667,115.66666666666667,0.0,52.21666666666667,57.99166666666667,78.35000000000001,0.0,0.0,0.0,1641.0,65.0
2025-10-14 08:00:00,0.02604730224793304,83.58015884506148,81.92822543669557,26.708333333333332,81.53333333333333,23.266666666666666,983.6583333333333,296.4166666666667,0.4166666666666667,38.80833333333333,43.05833333333334,58.225,1.8,0.0,0.0,1641.0,116.0
2025-10-14 09:00:00,0.029558509446617167,85.80457890506017,83.47821474066171,28.900000000000002,71.31666666666668,23.208333333333332,983.7916666666666,552.0833333333334,0.7916666666666666,27.65833333333333,34.666666666666664,41.78333333333333,2.6,0.0,0.0,1641.0,321.0
2025-10-14 10:00:00,0.02886153520946971,83.08052025800977,80.95190519606562,29.941666666666666,66.93333333333334,23.166666666666668,983.3166666666666,597.6666666666666,0.8583333333333334,23.883333333333336,31.858333333333334,38.99166666666667,2.7,0.0,0.0,1641.0,100.0
2025-10-14 11:00:00,0.029727749008868275,82.8787287187812,80.618950528338,30.666666666666668,64.06666666666666,23.099999999999998,982.3666666666667,753.75,1.2,28.075,37.18333333333333,43.541666666666664,3.8,0.0,0.0,1641.0,120.0
2025-10-14 12:00:00,0.028489478800482693,82.95514370273938,80.90683116952358,30.983333333333334,63.55833333333334,23.266666666666666,981.3333333333334,705.5833333333334,1.3583333333333334,25.733333333333334,33.449999999999996,38.275,3.7,0.0,0.0,1641.0,161.0
2025-10-14 13:00:00,0.025579134418427633,81.4128707893244,79.8895923203579,30.599999999999998,65.15833333333333,23.333333333333332,980.35,542.3333333333334,1.675,24.191666666666666,32.40833333333333,39.791666666666664,4.2,0.0,0.0,1641.0,144.5
2025-10-14 14:00:00,0.022563705067005252,77.53135712222196,76.57315972713671,30.391666666666666,67.425,23.666666666666668,979.5833333333334,419.6666666666667,1.4416666666666667,26.641666666666666,36.06666666666667,41.46666666666667,4.3,0.0,0.0,1641.0,114.5
2025-10-14 15:00:00,0.03185161838863842,30.620397945826525,29.673692019568644,29.316666666666666,72.27499999999999,23.808333333333334,979.375,111.83333333333333,1.2666666666666666,27.900000000000002,36.391666666666666,43.541666666666664,4.8,0.0,0.0,1641.0,344.5
2025-10-14 16:00:00,0.026904499329518865,13.206872201078324,12.902128098036863,27.90833333333333,78.95,23.941666666666666,979.6833333333334,54.333333333333336,0.9583333333333334,39.516666666666666,43.86666666666667,59.275,4.1,0.0,0.0,1641.0,328.0
2025-10-14 17:00:00,0.050150128854727416,0.41478917948655153,0.39509013179565877,25.458333333333332,93.89166666666667,24.425,980.3333333333334,7.333333333333333,0.75,34.78333333333333,38.65,52.225,5.1,18.0,3.0,1644.0,161.5
2025-10-15 06:00:00,0.060057040028550515,0.10180214747600523,0.09612405626751175,24.644444444444446,97.4,24.22222222222222,982.5333333333333,3.0,0.47777777777777775,36.900000000000006,40.93333333333334,55.355555555555554,1.7,48.0,13.5,1657.5,132.0
2025-10-15 07:00:00,0.03982717651078881,10.65162765350369,10.287915344320565,24.383333333333336,97.35833333333333,23.941666666666666,983.4583333333334,42.583333333333336,0.8666666666666667,24.083333333333332,26.758333333333336,36.166666666666664,5.3,105.0,48.0,1692.0,194.5
2025-10-15 08:00:00,0.029018162733471558,45.74487862692593,44.59302938800221,25.025000000000002,70.35000000000001,18.833333333333332,983.7416666666667,114.33333333333333,0.43333333333333335,23.941666666666666,26.566666666666666,35.916666666666664,1.9,3.0,48.25,1692.25,262.0
2025-10-15 09:00:00,0.029511806109775603,63.03635661829694,61.423619471591756,25.416666666666668,70.75,19.708333333333332,984.2833333333333,168.08333333333334,0.27499999999999997,20.8,23.108333333333334,31.21666666666667,1.9,3.0,48.5,1692.5,324.0
2025-10-15 10:00:00,0.02862344300746866,87.34988302042395,85.24911010197563,27.366666666666664,61.13333333333333,19.183333333333334,983.8583333333332,474.1666666666667,1.0083333333333333,15.141666666666666,16.825,22.733333333333334,2.7,0.0,48.5,1692.5,339.0
2025-10-15 11:00:00,0.03131962748911924,85.79684054192138,83.25684819332831,29.78333333333333,48.6,17.808333333333334,982.625,644.0833333333334,1.0333333333333334,9.625,12.658333333333333,15.158333333333333,3.7,0.0,48.5,1692.5,263.5
2025-10-15 12:00:00,0.029966090773613452,85.4527656011188,83.13803510879156,30.2,52.025,19.3,981.5166666666668,758.5,1.45,8.441666666666666,11.491666666666667,14.325000000000001,4.1,0.0,48.5,1692.5,85.5
2025-10-15 13:00:00,0.02868986571193517,83.10493164451178,81.08081606242183,30.166666666666668,64.39166666666667,22.708333333333332,980.3583333333332,425.6666666666667,1.3,6.816666666666666,9.208333333333334,12.0,4.5,0.0,48.5,1692.5,88.0
2025-10-15 14:00:00,0.014950013911846591,83.75585921723324,83.89335049474722,30.55,63.824999999999996,22.95,979.525,490.5,1.6083333333333334,3.8166666666666664,4.916666666666667,6.983333333333333,4.3,0.0,48.5,1692.5,110.5
2025-10-15 15:00:00,0.0258582334754742,78.60062519471775,77.06799473242596,29.291666666666668,70.275,23.275000000000002,979.1500000000001,280.75,2.1083333333333334,3.875,5.033333333333333,7.183333333333334,6.4,0.0,48.5,1692.5,139.5
2025-10-15 16:00:00,0.023570162811241982,58.69784919160602,57.913253602686176,29.375,67.875,22.849999999999998,979.4416666666666,140.41666666666666,1.625,4.8500000000000005,5.891666666666667,8.200000000000001,4.7,0.0,48.5,1692.5,96.0
2025-10-15 17:00:00,0.02483830323011763,9.200174056121055,9.04970501506942,28.20909090909091,71.8,22.663636363636364,980.1909090909091,40.09090909090909,1.3727272727272728,5.309090909090909,6.281818181818181,8.627272727272727,4.3,0.0,48.5,1692.5,106.0
2025-10-16 06:00:00,0.14557842197175921,7.923709537829371,4.464779497172717,24.672727272727272,95.8,24.0,981.7454545454547,36.27272727272727,0.0,22.063636363636363,24.5,33.13636363636363,0.0,0.0,0.0,1692.5,61.0
2025-10-16 07:00:00,0.07805721158111906,66.1080836507795,60.60261819943455,26.308333333333334,86.50833333333333,23.90833333333333,982.3416666666667,144.33333333333334,0.3166666666666667,24.55,27.28333333333333,36.88333333333333,2.1,0.0,0.0,1692.5,210.0
2025-10-16 08:00:00,0.0284232587065462,81.57438319279028,79.61982755626363,27.233333333333334,81.8,23.891666666666666,983.15,245.25,0.8833333333333333,22.133333333333336,24.583333333333332,33.24166666666667,3.0,0.0,0.0,1692.5,344.5
2025-10-16 09:00:00,0.03218961764069557,72.48496513856054,70.47563465461701,28.108333333333334,78.68333333333334,24.075,983.5749999999999,211.58333333333334,0.525,24.349999999999998,27.175,36.6,1.9,0.0,0.0,1692.5,166.0
2025-10-16 10:00:00,0.02934558950660844,83.74604420488966,81.56089720998314,29.833333333333332,70.47500000000001,23.883333333333336,983.1583333333333,591.1666666666666,1.0416666666666667,19.016666666666666,24.166666666666668,29.683333333333334,3.7,0.0,0.0,1692.5,99.0
2025-10-16 11:00:00,0.028763927947858134,82.58108517180035,80.48638349454899,30.641666666666666,66.52499999999999,23.691666666666666,982.0,689.1666666666666,1.3,10.066666666666666,13.625,17.05,4.1,0.0,0.0,1692.5,108.5
2025-10-16 12:00:00,0.0290772987240222,82.14531803752493,80.0157246984807,31.175,64.95833333333333,23.816666666666666,980.7083333333334,562.6666666666666,1.5999999999999999,8.516666666666667,11.433333333333332,15.108333333333334,4.0,0.0,0.0,1692.5,159.5
2025-10-16 13:00:00,0.028184239084831714,82.77367778598546,80.77290725432651,31.208333333333332,65.38333333333334,23.958333333333332,979.7083333333334,512.6666666666666,1.4000000000000001,11.516666666666666,15.049999999999999,18.349999999999998,5.0,0.0,0.0,1692.5,101.0
2025-10-16 14:00:00,0.026752069179343127,77.24272712584803,75.68057143174958,30.900000000000002,66.70833333333333,23.974999999999998,979.0083333333333,467.5,1.5583333333333333,14.225,18.608333333333334,23.133333333333336,4.4,0.0,0.0,1692.5,173.0
2025-10-16 15:00:00,0.035389873822462885,23.3517124918738,22.83778770063842,27.34166666666667,84.41666666666667,24.425,979.5,97.0,1.5083333333333335,11.716666666666667,13.741666666666667,18.875,7.3,15.0,2.0,1694.5,336.5
2025-10-16 16:00:00,0.04112767612975212,1.0239101572299714,0.975516849452157,25.474999999999998,94.35000000000001,24.53333333333333,980.1666666666666,12.666666666666666,1.1333333333333333,13.35,14.808333333333332,20.041666666666668,2.8,18.0,5.25,1697.75,344.0
2025-10-16 17:00:00,0.04780768309282278,0.4939429382767492,0.4706974856838011,25.330000000000002,83.97,22.18,980.57,6.3,0.95,8.879999999999999,9.870000000000001,13.35,3.6,3.0,5.5,1698.0,339.0
2025-10-17 06:00:00,0.03870660250737494,1.0949204571756614,1.066990677693062,24.9,97.3,24.419999999999998,984.07,14.6,0.0,16.330000000000002,18.15,24.56,0.0,0.0,0.0,1698.0,332.0
2025-10-17 07:00:00,0.027807039349768452,13.327586773565,12.876552787555392,25.2,97.34166666666665,24.775000000000002,984.875,60.166666666666664,0.4083333333333334,17.075,18.958333333333332,25.633333333333336,2.1,0.0,0.0,1698.0,335.5
2025-10-17 08:00:00,0.02910519175675079,77.15079911269287,75.23720614993539,26.308333333333334,97.47500000000001,25.891666666666666,984.8916666666665,245.08333333333334,1.0083333333333333,12.325000000000001,13.700000000000001,18.516666666666666,3.6,0.0,0.0,1698.0,332.0
2025-10-17 09:00:00,0.0277645924219196,82.8178616123978,80.95775688269556,27.683333333333334,97.64166666666667,27.291666666666668,985.3583333333332,257.25,0.9583333333333334,5.5249999999999995,6.133333333333333,8.325,3.9,0.0,0.0,1698.0,329.5
2025-10-17 10:00:00,0.02695909541582361,81.5047076672509,79.83960498745112,28.316666666666666,89.47500000000001,26.224999999999998,985.3249999999999,305.3333333333333,0.9333333333333332,5.166666666666667,5.941666666666666,8.116666666666667,2.9,0.0,0.0,1698.0,91.0
2025-10-17 11:00:00,0.025530142827538283,86.24946571557608,84.65656908339685,29.241666666666664,48.208333333333336,16.566666666666666,984.0916666666667,403.0,1.0083333333333335,5.983333333333333,7.825,9.366666666666667,3.2,0.0,0.0,1698.0,37.0
2025-10-17 12:00:00,0.02538337052600645,80.46126380190567,78.99688143236999,28.875,32.775,10.9,982.9499999999999,301.1666666666667,1.25,4.608333333333333,5.666666666666667,7.533333333333334,3.8,0.0,0.0,1698.0,346.5
2025-10-17 13:00:00,0.0256048173343663,83.80309735317678,82.24410671111745,29.95,31.900000000000002,11.458333333333334,982.1833333333334,459.75,1.125,2.8666666666666667,3.475,4.558333333333333,3.9,0.0,0.0,1698.0,184.0
2025-10-17 14:00:00,0.02346304332333994,76.68788693115634,75.59340575846961,26.724999999999998,52.166666666666664,15.808333333333332,981.7833333333333,234.25,1.5916666666666666,4.566666666666667,5.391666666666667,7.891666666666666,5.0,57.0,6.5,1704.5,340.0
2025-10-17 15:00:00,0.02184086557644084,77.63941032505089,76.7691885412381,28.008333333333336,45.10833333333333,14.958333333333334,981.5333333333333,289.4166666666667,1.4833333333333334,4.3999999999999995,4.875,6.633333333333333,4.5,0.0,6.5,1704.5,320.0
2025-10-17 16:00:00,0.026710941537306142,46.25153141703378,45.36855550500295,27.575,23.675,3.7416666666666667,981.775,117.08333333333333,1.5583333333333333,4.133333333333334,4.608333333333333,6.25,4.3,0.0,6.5,1704.5,317.5
2025-10-17 17:00:00,0.02980200944710091,9.126096278748982,8.89784492838582,27.08181818181818,39.93636363636364,11.854545454545455,982.5181818181819,37.45454545454545,0.9363636363636364,5.690909090909091,6.327272727272727,8.581818181818182,2.7,0.0,6.5,1704.5,126.0
2025-10-18 06:00:00,0.0486407160947085,0.6342049837104536,0.6089278004957506,24.736363636363638,69.19090909090909,18.754545454545454,984.1181818181817,10.272727272727273,0.0,23.41818181818182,25.963636363636365,35.127272727272725,0.0,0.0,0.5,1705.0,21.0
2025-10-18 07:00:00,0.03382440337917545,17.946619664972324,17.247934187705372,25.266666666666666,65.23333333333333,18.266666666666666,984.8249999999999,65.91666666666667,0.0,16.391666666666666,18.208333333333332,24.625,0.0,0.0,0.5,1705.0,264.0
2025-10-18 08:00:00,0.031221726411536185,58.31837520863599,56.7552192015865,26.291666666666668,58.03333333333333,17.383333333333333,985.0583333333334,142.58333333333334,0.11666666666666665,10.950000000000001,12.141666666666666,16.45,1.4,0.0,0.5,1705.0,128.5
2025-10-18 09:00:00,0.0248593759210019,81.73528937318049,80.40193066098537,27.041666666666668,71.625,21.316666666666666,984.9250000000001,239.25,0.6416666666666667,5.983333333333333,6.641666666666667,9.0,2.2,0.0,0.5,1705.0,331.0
2025-10-18 10:00:00,0.023988309696848707,83.11205379119018,81.87698803971642,27.866666666666664,74.95,23.025000000000002,984.1416666666668,274.5,1.0166666666666668,4.2749999999999995,4.833333333333333,6.608333333333333,3.1,0.0,0.5,1705.0,347.5
2025-10-18 11:00:00,0.02413996393762145,83.94574690368854,82.67840072440539,28.46666666666667,70.40833333333333,22.566666666666666,983.7083333333334,288.5,1.0416666666666667,4.308333333333334,5.291666666666667,7.0,3.3,0.0,0.5,1705.0,347.5
2025-10-18 12:00:00,0.024348177732223652,75.79174655936158,74.73714413271415,28.349999999999998,71.58333333333333,22.724999999999998,982.9833333333332,283.0833333333333,0.9833333333333334,4.616666666666666,5.508333333333333,7.3500000000000005,2.7,0.0,0.5,1705.0,174.5
2025-10-18 13:00:00,0.021735293890942902,82.07917293792127,81.09671430212957,29.25,68.61666666666666,22.883333333333336,981.6083333333332,395.75,1.1500000000000001,4.158333333333333,5.541666666666667,6.691666666666666,3.2,0.0,0.5,1705.0,150.0
2025-10-18 14:00:00,0.022942928418152167,78.16366035092058,77.15476954613762,27.641666666666666,77.02499999999999,23.224999999999998,981.0916666666667,203.5,1.9000000000000001,5.758333333333334,6.766666666666667,8.983333333333333,4.8,0.0,0.5,1705.0,149.5
2025-10-18 15:00:00,0.021480768978945866,80.50904753501594,79.71924450288124,28.016666666666666,75.11666666666666,23.233333333333334,980.4666666666667,236.75,1.1333333333333333,5.766666666666667,6.3999999999999995,8.758333333333333,4.0,0.0,0.5,1705.0,141.5
2025-10-18 16:00:00,0.029609439602012805,25.20859207447055,24.787398218983455,27.75,75.19166666666666,22.974999999999998,980.4666666666667,72.41666666666667,1.05,5.808333333333334,6.508333333333333,8.725,3.1,0.0,0.5,1705.0,133.0
2025-10-18 17:00:00,0.035579502497382516,2.5053634715708655,2.4557710222588534,27.11818181818182,76.43636363636364,22.654545454545453,981.0363636363636,17.272727272727273,1.0363636363636364,9.745454545454546,10.827272727272726,14.645454545454545,3.2,0.0,0.5,1705.0,166.0
2025-10-19 06:00:00,0.11471110295630967,3.0920247022876413,2.067495946484095,23.64,92.44,22.36,983.26,22.3,0.02,15.569999999999999,17.27,23.4,0.7,0.0,0.0,1705.0,61.0
2025-10-19 07:00:00,0.07973475841758407,78.95010718982806,72.48203198026901,26.208333333333332,80.36666666666666,22.541666666666668,983.75,222.08333333333334,0.25833333333333336,16.224999999999998,18.008333333333333,24.375,1.6,0.0,0.0,1705.0,140.0
2025-10-19 08:00:00,0.022780263009189616,85.86479233113899,84.70448387873218,28.833333333333332,69.23333333333333,22.65833333333333,984.3333333333334,460.5833333333333,0.4166666666666667,12.0,13.466666666666667,17.691666666666666,1.4,0.0,0.0,1705.0,41.5
2025-10-19 09:00:00,0.025267136562066975,81.25340082061354,79.7732668761176,29.858333333333334,65.45833333333333,22.708333333333332,984.6166666666667,608.8333333333334,0.7666666666666666,7.441666666666666,10.091666666666667,12.341666666666667,2.5,0.0,0.0,1705.0,126.5
2025-10-19 10:00:00,0.026444219818658275,82.40011927590929,80.76849674049015,29.8,64.74166666666666,22.458333333333332,984.1583333333333,603.3333333333334,1.0,4.2749999999999995,5.633333333333333,7.641666666666667,2.5,0.0,0.0,1705.0,167.5
2025-10-19 11:00:00,0.026452346998529053,80.817039115347,79.21194492185583,30.558333333333334,63.074999999999996,22.741666666666664,983.2666666666668,619.3333333333334,0.9583333333333334,3.6916666666666664,4.908333333333333,6.441666666666666,3.2,0.0,0.0,1705.0,151.0
2025-10-19 12:00:00,0.02424495114111086,83.30690055800942,82.05500699271359,30.400000000000002,63.96666666666667,22.833333333333332,982.275,717.6666666666666,1.8833333333333335,5.408333333333334,6.8999999999999995,9.725,4.5,0.0,0.0,1705.0,163.5
2025-10-19 13:00:00,0.025387678609892824,83.28145797029295,81.83438883365835,30.525000000000002,63.800000000000004,22.883333333333336,981.2333333333332,522.1666666666666,1.7916666666666667,3.8333333333333335,5.391666666666667,7.441666666666666,5.1,0.0,0.0,1705.0,135.5
2025-10-19 14:00:00,0.020949247659914617,85.00731206446,84.29813996826094,29.53333333333333,69.7,23.40833333333333,980.2333333333332,354.6666666666667,1.5666666666666667,5.9750000000000005,7.841666666666666,11.174999999999999,4.4,0.0,0.0,1705.0,139.5
2025-10-19 15:00:00,0.02708194170556062,78.99949670975397,77.39233889673524,29.291666666666668,70.85833333333333,23.483333333333334,979.8916666666665,267.9166666666667,1.4416666666666667,7.516666666666667,9.933333333333334,12.691666666666668,4.4,0.0,0.0,1705.0,115.0
2025-10-19 16:00:00,0.022742422244918667,58.99684535680004,58.352995822832376,28.425,74.075,23.383333333333336,980.0333333333333,137.33333333333334,1.3499999999999999,9.975,11.541666666666666,15.299999999999999,3.4,0.0,0.0,1705.0,141.0
2025-10-19 17:00:00,0.030406295659082684,11.149575702285508,10.906791360012537,28.045454545454547,76.52727272727272,23.55454545454546,980.1272727272727,40.45454545454545,1.1727272727272728,10.609090909090908,11.763636363636364,15.936363636363637,3.5,0.0,0.0,1705.0,106.0
2025-10-20 06:00:00,0.04383402183005166,1.7345036934561455,1.6773260170019302,24.110000000000003,95.64,23.38,982.4100000000001,18.2,0.09,21.47,23.810000000000002,32.21,0.7,0.0,0.0,1705.0,100.0
2025-10-20 07:00:00,0.03906435796559874,33.44679985246952,32.27937164902715,24.90833333333333,92.375,23.616666666666664,983.3333333333334,103.91666666666667,0.0,37.699999999999996,41.85,56.56666666666666,0.0,0.0,0.0,1705.0,100.0
2025-10-20 08:00:00,0.02506906125550586,83.86889452300072,82.33230423604643,26.666666666666668,80.93333333333334,23.150000000000002,983.7833333333333,248.83333333333334,0.5166666666666666,32.458333333333336,36.016666666666666,48.725,1.7,0.0,0.0,1705.0,279.5
2025-10-20 09:00:00,0.024976729891268003,83.84488724014291,82.31019224450317,27.191666666666666,77.53333333333333,22.95,984.1083333333335,272.5,0.5583333333333333,12.916666666666666,14.433333333333332,19.391666666666666,1.8,0.0,0.0,1705.0,236.5
2025-10-20 10:00:00,0.02487527626444014,84.01766701103081,82.48091841840365,28.0,72.70833333333333,22.666666666666668,983.7333333333332,298.0,0.8416666666666667,5.783333333333334,7.083333333333333,8.6,2.5,0.0,0.0,1705.0,337.5
2025-10-20 11:00:00,0.024417042113260692,83.05805696480176,81.61576961148322,27.8,73.26666666666667,22.608333333333334,982.7583333333333,249.08333333333334,0.9833333333333334,4.566666666666666,5.583333333333333,6.95,3.0,0.0,0.0,1705.0,105.0
2025-10-20 12:00:00,0.023518793035816405,84.86353497197135,83.53514066280307,28.15833333333333,71.96666666666667,22.650000000000002,981.6166666666667,307.0833333333333,1.1083333333333334,3.841666666666667,4.583333333333333,6.2250000000000005,3.4,0.0,0.0,1705.0,96.5
2025-10-20 13:00:00,0.022830298518404155,84.41476591025572,83.20610935110624,28.816666666666666,69.35833333333333,22.675,980.5500000000001,330.75,0.9666666666666667,3.9333333333333336,5.016666666666667,6.1499999999999995,3.2,0.0,0.0,1705.0,94.5
2025-10-20 14:00:00,0.021297944557257458,83.07370026624504,82.176806092462,29.858333333333334,63.475,22.191666666666666,979.9083333333333,455.8333333333333,1.0833333333333333,2.7083333333333335,3.4416666666666664,4.9750000000000005,3.2,0.0,0.0,1705.0,333.0
2025-10-20 15:00:00,0.026263048612334042,72.30362828576712,70.91730571314838,27.625,77.43333333333334,23.166666666666668,979.6416666666668,202.5,1.4166666666666667,2.766666666666667,3.658333333333333,4.941666666666667,5.3,3.0,0.25,1705.25,165.5
2025-10-20 16:00:00,0.034265838608522343,12.073257397589396,11.841249795338207,25.183333333333334,90.175,23.5,980.1083333333332,49.416666666666664,0.7833333333333333,6.083333333333333,6.7749999999999995,9.174999999999999,3.9,0.0,0.25,1705.25,333.0
2025-10-20 17:00:00,0.03802364276273728,4.536161008786296,4.426301687852526,25.6,90.66363636363636,23.981818181818184,980.6,27.363636363636363,0.6272727272727273,7.336363636363637,8.127272727272727,11.009090909090908,3.2,0.0,0.25,1705.25,110.0
2025-10-21 06:00:00,0.04483971218341055,1.8695071765530202,1.8408696575861518,24.145454545454548,97.3,23.718181818181815,982.0818181818181,19.0,0.0,17.60909090909091,19.536363636363635,26.427272727272726,0.0,0.0,0.25,1705.5,81.0
2025-10-21 07:00:00,0.03220972427355424,21.86396933294115,21.47158353174507,24.75,95.05,23.933333333333334,982.6083333333332,78.0,0.0,17.991666666666667,19.958333333333332,27.008333333333336,0.0,0.0,0.25,1705.5,100.0
2025-10-21 08:00:00,0.030747589762171557,36.236797205194314,35.41377675553035,25.583333333333332,90.94166666666666,24.016666666666666,983.4,101.5,0.0,15.733333333333334,17.458333333333332,23.633333333333336,0.0,0.0,0.25,1705.5,120.5
2025-10-21 09:00:00,0.03063263368443889,40.378689837959264,39.48322538759698,25.916666666666668,90.11666666666667,24.166666666666668,984.0333333333333,101.5,0.0,10.883333333333333,12.075000000000001,16.308333333333334,0.0,3.0,0.5,1705.75,158.5
2025-10-21 10:00:00,0.030035406663131824,46.710809945726,45.5512699805852,25.84166666666667,90.13333333333333,24.116666666666664,983.9166666666666,116.5,0.6083333333333333,7.358333333333333,8.174999999999999,11.066666666666668,2.6,0.0,0.5,1705.75,17.0
2025-10-21 11:00:00,0.023493517611668634,76.27195517405507,75.1926661900345,26.566666666666666,85.70833333333333,23.991666666666664,982.9666666666667,181.33333333333334,0.775,5.25,5.816666666666666,7.891666666666667,2.4,0.0,0.5,1705.75,349.0
2025-10-21 12:00:00,0.0294656281505661,25.903728840606433,25.322436761075185,26.325,87.45833333333333,24.083333333333332,981.9916666666667,63.833333333333336,0.7166666666666667,4.366666666666666,4.866666666666666,6.575,2.8,21.0,3.5,1708.75,335.5
2025-10-21 13:00:00,0.02877318723489454,3.2743445665464193,3.174554403953017,24.90833333333333,95.80833333333334,24.191666666666666,981.4333333333334,27.333333333333332,0.575,4.658333333333333,5.183333333333333,7.008333333333333,4.3,27.0,6.5,1711.75,333.0
2025-10-21 14:00:00,0.03737345259830373,0.9559301127904888,0.9207786281006222,24.924999999999997,96.29166666666667,24.325,980.9250000000001,12.916666666666666,0.08333333333333333,5.941666666666666,6.591666666666666,8.916666666666666,2.5,18.0,13.25,1718.5,183.0
2025-10-21 15:00:00,0.03639241116779814,14.432042271243118,13.954205602894021,24.375,95.825,23.708333333333332,980.375,54.416666666666664,0.6833333333333332,3.016666666666667,3.358333333333333,4.533333333333333,2.2,9.0,14.5,1719.75,101.0
2025-10-21 16:00:00,0.03108960155895228,7.895178641482176,7.642235625121692,24.8,95.325,23.991666666666664,980.225,38.666666666666664,0.3333333333333333,5.45,6.066666666666666,8.208333333333334,1.7,3.0,14.75,1720.0,166.0
2025-10-21 17:00:00,0.034766952037234365,2.0257042227348503,1.9599568155398155,24.781818181818185,94.68181818181819,23.91818181818182,980.3454545454545,15.909090909090908,0.5,4.309090909090909,4.79090909090909,6.472727272727273,1.6,0.0,14.75,1720.0,340.0
2025-10-22 06:00:00,0.054463905850681796,0.42928094591525917,0.411862561182011,23.6875,97.025,23.1875,982.0875,7.875,1.35,1.9500000000000002,2.1625,2.975,3.2,6.0,21.5,1741.75,346.5
2025-10-22 07:00:00,0.03039185491741865,8.555241529128212,8.31481177419895,23.958333333333332,96.15833333333335,23.333333333333332,982.6,40.75,1.0833333333333333,2.2083333333333335,2.4833333333333334,3.35,3.2,3.0,21.5,1741.75,348.5
2025-10-22 08:00:00,0.028599516374938,43.67547938731632,42.76789713697928,24.575,94.625,23.683333333333334,983.1,126.5,1.2583333333333333,2.2416666666666667,2.4916666666666667,3.3666666666666667,3.4,3.0,21.75,1742.0,346.0
2025-10-22 09:00:00,0.026632815246182783,69.38770692905138,68.11241431650416,25.358333333333334,90.98333333333333,23.808333333333334,983.5,227.25,1.2416666666666667,3.2416666666666667,3.608333333333333,4.883333333333334,3.1,6.0,22.25,1742.5,347.0
2025-10-22 10:00:00,0.022338113427200445,77.43404740773103,76.581973344572,26.166666666666668,86.60000000000001,23.775000000000002,983.3166666666666,215.66666666666666,1.5250000000000001,2.9250000000000003,3.25,4.408333333333333,4.1,0.0,22.25,1742.5,3.0
2025-10-22 11:00:00,0.027521325227918423,72.31579672131197,70.93936977000095,26.383333333333336,87.325,24.125,982.4416666666666,217.41666666666666,1.0,3.225,3.5833333333333335,4.841666666666667,3.0,3.0,22.5,1742.75,333.5
2025-10-22 12:00:00,0.029905518623411842,37.77510244235467,36.928449611724496,26.433333333333334,85.96666666666665,23.90833333333333,981.4333333333334,97.66666666666667,1.1916666666666667,4.9750000000000005,5.5249999999999995,7.491666666666667,3.3,3.0,22.75,1743.0,341.5
2025-10-22 13:00:00,0.027449124578293866,43.85220445665461,42.98617777233781,26.066666666666666,89.49166666666667,24.21666666666667,980.1999999999999,116.58333333333333,1.0333333333333334,4.908333333333333,5.458333333333333,7.408333333333334,2.8,0.0,22.75,1743.0,340.0
2025-10-22 14:00:00,0.02864664878180627,67.03143275922672,65.58318498543356,27.016666666666666,83.38333333333334,23.916666666666668,979.2916666666666,297.0,0.9500000000000001,3.4499999999999997,3.8333333333333335,5.183333333333334,3.6,0.0,22.75,1743.0,334.0
2025-10-22 15:00:00,0.022978983854959858,72.00961010596465,71.07291803868823,28.09166666666667,74.10833333333333,23.058333333333334,979.0833333333334,220.0,1.2666666666666666,5.258333333333334,5.916666666666667,7.991666666666666,4.3,0.0,22.75,1743.0,340.0
2025-10-22 16:00:00,0.0214223633894627,53.837264678333234,53.27621899253118,28.108333333333334,76.25,23.558333333333334,979.2666666666668,126.5,0.6166666666666667,6.875,7.641666666666667,10.333333333333334,2.3,0.0,22.75,1743.0,338.0
2025-10-22 17:00:00,0.03681249829489822,5.067540202988454,4.998623333139678,27.5,80.02222222222223,23.755555555555556,979.9111111111112,19.11111111111111,0.47777777777777775,8.744444444444445,9.733333333333333,13.155555555555557,2.5,0.0,22.75,1743.0,15.0
2025-10-23 06:00:00,0.04766565628520528,1.7799548046317388,1.698590502419589,24.325,97.3,23.90833333333333,982.1333333333333,17.916666666666668,0.20833333333333334,14.275,15.85,21.40833333333333,1.1,0.0,0.0,1743.25,315.0
2025-10-23 07:00:00,0.03819989059216589,35.460208439557015,33.985164933236426,24.925,96.25,24.291666666666668,982.8833333333333,97.5,0.0,14.858333333333334,16.508333333333333,22.308333333333334,0.0,0.0,0.0,1743.25,323.5
2025-10-23 08:00:00,0.0243142548177353,82.56716463931782,81.33224908304275,26.608333333333334,85.95833333333333,24.05,983.7416666666667,265.0833333333333,0.075,15.950000000000001,17.7,23.925,0.7,0.0,0.0,1743.25,172.5
2025-10-23 09:00:00,0.025404528508280618,84.99562005002537,83.4909618556349,28.84166666666667,73.70833333333333,23.691666666666666,984.3166666666666,472.0833333333333,0.5499999999999999,8.575000000000001,9.916666666666666,13.174999999999999,1.9,0.0,0.0,1743.25,120.5
2025-10-23 10:00:00,0.0269620843244205,82.10500623007975,80.39060846411519,31.058333333333334,64.98333333333333,23.724999999999998,984.0,700.0,0.7583333333333333,6.833333333333333,8.575000000000001,10.450000000000001,2.4,0.0,0.0,1743.25,136.5
2025-10-23 11:00:00,0.026825354088464665,81.72018436084325,80.01115299271183,31.875,62.25833333333333,23.775000000000002,982.975,593.3333333333334,0.6083333333333333,5.758333333333333,7.666666666666667,9.608333333333333,2.6,0.0,0.0,1743.25,305.5
2025-10-23 12:00:00,0.02389113958487364,81.18195606647345,79.96825836008081,31.066666666666666,64.89166666666667,23.691666666666666,981.85,634.25,1.075,5.391666666666667,7.133333333333333,9.133333333333335,3.2,0.0,0.0,1743.25,172.0
2025-10-23 13:00:00,0.0289337189436378,35.49962813792565,34.6794628677056,27.150000000000002,86.14999999999999,24.508333333333336,981.3166666666666,103.08333333333333,1.1833333333333333,6.2749999999999995,7.683333333333334,11.075000000000001,4.4,57.0,7.5,1750.75,136.0
2025-10-23 14:00:00,0.024811673467772632,76.92833465892905,75.67939121899197,26.183333333333334,89.97500000000001,24.416666666666668,980.3249999999999,180.08333333333334,0.8333333333333334,5.6000000000000005,6.2250000000000005,8.408333333333333,2.4,3.0,7.75,1751.0,126.0
2025-10-23 15:00:00,0.019048638506813816,74.10668049071454,73.69215395497261,27.891666666666666,81.08333333333333,24.366666666666664,979.65,207.83333333333334,0.5416666666666666,3.9499999999999997,4.3999999999999995,5.966666666666666,1.6,0.0,7.75,1751.0,181.0
2025-10-23 16:00:00,0.01639611368059144,37.56518075154951,37.69419310491475,28.816666666666666,76.39166666666667,24.275000000000002,979.9416666666666,113.16666666666667,0.4583333333333333,3.4166666666666665,3.7916666666666665,5.141666666666667,2.5,0.0,7.75,1751.0,301.5
2025-10-23 17:00:00,0.025917221249702138,5.338261807491589,5.345920242886647,28.863636363636363,74.45454545454545,23.91818181818182,980.6545454545455,28.636363636363637,0.7545454545454546,4.0636363636363635,4.5181818181818185,6.118181818181818,2.3,0.0,7.75,1751.0,154.0
2025-10-24 06:00:00,0.043713497796910236,0.8463966331344983,0.8191602326513434,23.82,97.19,23.35,983.68,12.1,0.0,9.209999999999999,10.22,13.85,0.0,3.0,1.0,1753.5,75.0
2025-10-24 07:00:00,0.031087685976765648,11.968373408076966,11.552348348736516,24.241666666666664,96.60833333333333,23.7,984.6,56.25,0.11666666666666665,8.833333333333334,9.816666666666666,13.275,1.2,0.0,1.0,1753.5,25.0
2025-10-24 08:00:00,0.027146098697054477,75.37032933127033,73.87273558321937,25.683333333333334,89.91666666666667,23.941666666666666,985.1166666666667,217.75,0.14166666666666666,13.525,14.983333333333334,20.291666666666668,1.3,0.0,1.0,1753.5,144.0
2025-10-24 09:00:00,0.025637842249897225,83.2117370883083,81.65829373612434,27.575,77.44166666666666,23.28333333333333,985.3583333333332,344.9166666666667,0.425,13.408333333333333,15.533333333333333,20.533333333333335,1.9,0.0,1.0,1753.5,143.5
2025-10-24 10:00:00,0.024437072916032948,80.90823318309953,79.59114836583497,28.15833333333333,71.7,22.575,985.5583333333334,256.6666666666667,0.075,11.341666666666667,14.208333333333334,19.733333333333334,0.7,0.0,1.0,1753.5,96.5
2025-10-24 11:00:00,0.02513474795521922,81.22216277032403,79.79341552235933,28.78333333333333,69.78333333333333,22.71666666666667,984.8333333333334,240.75,0.15,10.816666666666668,14.200000000000001,19.808333333333334,1.8,0.0,1.0,1753.5,80.0
2025-10-24 12:00:00,0.023747458198342907,83.41615556649985,82.17538677026913,27.95,76.05,23.375,983.975,279.6666666666667,0.7833333333333333,12.516666666666666,16.216666666666665,20.541666666666668,2.3,0.0,1.0,1753.5,153.0
2025-10-24 13:00:00,0.024630895647221724,82.52964115701936,81.16638384977436,27.825,79.125,23.866666666666664,983.0833333333334,247.33333333333334,1.1916666666666667,13.174999999999999,15.766666666666666,21.891666666666666,2.9,0.0,1.0,1753.5,158.0
2025-10-24 14:00:00,0.024700206635446986,81.78495997154045,80.42532657118274,27.741666666666664,80.80833333333334,24.150000000000002,982.0083333333333,232.41666666666666,1.0333333333333334,16.958333333333332,18.825,25.458333333333332,2.8,0.0,1.0,1753.5,149.0
2025-10-24 15:00:00,0.02529752465182675,73.69786463523992,72.3995936452582,27.7,80.26666666666667,24.016666666666666,981.2833333333333,173.66666666666666,0.9500000000000001,13.791666666666666,15.299999999999999,20.7,2.9,0.0,1.0,1753.5,82.0
2025-10-24 16:00:00,0.032393853889057675,34.93385874470345,33.92535717844404,27.108333333333334,83.3,24.05,980.9333333333334,86.41666666666667,0.6333333333333333,14.183333333333332,15.766666666666666,21.325,1.9,0.0,1.0,1753.5,153.0
2025-10-24 17:00:00,0.038662644447745496,2.1866363214898668,2.1087239790130186,26.71,85.24,24.03,981.28,14.6,0.13999999999999999,14.23,15.819999999999999,21.369999999999997,1.5,0.0,1.0,1753.5,325.0
2025-10-25 06:00:00,0.04095030290371315,0.8755040524722049,0.8387417693782443,24.463636363636365,97.25454545454545,24.027272727272727,983.6181818181817,13.545454545454545,0.0,54.1,60.07272727272727,81.16363636363636,0.0,0.0,0.0,1753.5,131.0
2025-10-25 07:00:00,0.04705828791713528,59.68480673072586,57.55776044001866,26.275000000000002,88.23333333333333,24.133333333333336,984.2916666666666,173.33333333333334,0.0,51.791666666666664,57.5,77.70833333333333,0.0,0.0,0.0,1753.5,83.5
2025-10-25 08:00:00,0.025982359408753434,83.45302985081308,81.91442975681683,27.849999999999998,76.95,23.433333333333334,984.8833333333333,323.0833333333333,0.2916666666666667,28.258333333333336,31.358333333333334,42.625,2.3,0.0,0.0,1753.5,39.5
2025-10-25 09:00:00,0.026791595615286143,83.80509556963726,82.08860324076389,29.224999999999998,69.73333333333333,23.141666666666666,985.3666666666667,445.0833333333333,0.5,20.616666666666667,25.833333333333332,33.13333333333333,1.8,0.0,0.0,1753.5,53.5
2025-10-25 10:00:00,0.028119464344163708,81.33281064389426,79.44961385456809,31.150000000000002,61.18333333333334,22.808333333333334,984.9666666666667,772.25,0.75,19.0,26.15833333333333,33.050000000000004,2.5,0.0,0.0,1753.5,174.5
2025-10-25 11:00:00,0.028562389003148527,77.55635865225929,75.69671047389397,30.258333333333336,66.83333333333333,23.34166666666667,983.9499999999999,480.25,1.0333333333333334,16.716666666666665,22.099999999999998,26.925,3.3,0.0,0.0,1753.5,144.5
2025-10-25 12:00:00,0.02708873315454555,80.11353912752112,78.42833539293323,28.400000000000002,77.95,24.2,982.85,222.91666666666666,0.5666666666666667,17.708333333333332,20.483333333333334,26.741666666666664,2.2,3.0,0.25,1753.75,248.5
2025-10-25 13:00:00,0.023227895707259433,83.73776331459979,82.60222081989083,28.375,73.45833333333333,23.125,981.8583333333332,420.5,1.0,11.183333333333332,13.483333333333334,17.516666666666666,3.1,0.0,0.25,1753.75,170.0
2025-10-25 14:00:00,0.024270734643890818,81.99468593205971,80.69890253453252,30.233333333333334,66.64166666666667,23.358333333333334,981.0166666666668,464.25,1.1416666666666668,7.558333333333334,10.233333333333333,12.466666666666667,3.7,0.0,0.25,1753.75,98.5
2025-10-25 15:00:00,0.021656042716858625,51.032051595531065,50.6831677425624,29.375,65.22500000000001,22.191666666666666,980.5916666666667,156.41666666666666,1.25,5.683333333333334,7.616666666666667,9.433333333333334,4.0,0.0,0.25,1753.75,123.0
2025-10-25 16:00:00,0.02353511285156165,46.60401748111937,46.1431279073253,29.84166666666667,67.96666666666667,23.325,980.9499999999999,118.33333333333333,1.0166666666666666,8.616666666666667,10.65,13.808333333333332,3.0,0.0,0.25,1753.75,97.5
2025-10-25 17:00:00,0.02963917035509799,13.792943317852012,13.452886367019447,29.016666666666666,74.175,23.96666666666667,981.65,47.75,1.0083333333333333,10.458333333333334,12.508333333333333,16.400000000000002,4.3,0.0,0.25,1753.75,124.0
2025-10-26 06:00:00,0.04726083919709163,1.986640841047996,1.890356255227455,22.727272727272727,75.0,18.027272727272727,984.2545454545453,18.90909090909091,0.0,7.009090909090909,7.790909090909091,10.554545454545455,0.0,0.0,0.25,1789.75,38.0
2025-10-26 07:00:00,0.04042218077683514,47.691881367293526,46.01899003301418,23.833333333333332,62.824999999999996,16.341666666666665,985.0583333333334,119.25,0.0,11.391666666666666,12.625,17.091666666666665,0.0,0.0,0.25,1789.75,127.5
2025-10-26 08:00:00,0.025983024804860408,79.7717309823137,78.28923901238763,25.175,54.625,15.416666666666666,985.5,211.83333333333334,0.21666666666666665,14.316666666666668,15.891666666666666,21.5,1.4,0.0,0.25,1789.75,116.5
2025-10-26 09:00:00,0.028090204023664165,85.86673701029697,83.89890449063178,28.141666666666666,36.46666666666667,11.799999999999999,985.7083333333334,510.8333333333333,0.6333333333333333,12.041666666666666,13.958333333333334,19.058333333333334,1.8,0.0,0.25,1789.75,88.0
2025-10-26 10:00:00,0.029251021157369956,83.76567725175802,81.64059181600233,29.875,27.866666666666664,9.191666666666666,985.4,618.6666666666666,0.47500000000000003,12.233333333333334,16.0,18.741666666666667,1.7,0.0,0.25,1789.75,84.0
2025-10-26 11:00:00,0.027185293990327517,80.42596847300614,78.72036778438394,31.34166666666667,21.474999999999998,6.658333333333334,984.275,844.3333333333334,0.6583333333333333,11.358333333333334,15.333333333333334,18.575,2.5,0.0,0.25,1789.75,149.5
2025-10-26 12:00:00,0.027372499196449542,81.21824587654882,79.47347235458481,32.225,18.866666666666667,5.566666666666666,983.025,654.0,0.75,10.85,14.225,18.241666666666667,2.4,0.0,0.25,1789.75,229.5
2025-10-26 13:00:00,0.023594307190635076,82.40964242256645,81.23989519370423,31.400000000000002,22.974999999999998,7.625,982.0583333333334,461.5833333333333,1.075,9.258333333333333,12.158333333333333,15.516666666666666,2.9,0.0,0.25,1789.75,164.5
2025-10-26 14:00:00,0.028749684189521164,65.25933657853086,64.06040019871007,30.849999999999998,37.875,13.691666666666668,981.3916666666668,215.41666666666666,0.6583333333333333,10.441666666666666,12.841666666666667,17.675,1.9,0.0,0.25,1789.75,250.0
2025-10-26 15:00:00,0.03086151846958028,2.319346611903407,2.2531383737049326,26.566666666666666,80.27499999999999,22.825,981.6750000000001,16.75,1.0166666666666666,10.475,12.85,17.183333333333334,4.1,6.0,1.25,1790.75,40.0
2025-10-26 16:00:00,0.036702252036750295,9.057398792619974,8.832993359688615,24.333333333333332,87.14166666666667,22.075,981.7083333333334,49.666666666666664,0.7416666666666667,5.391666666666667,5.991666666666667,8.116666666666667,3.6,0.0,1.25,1790.75,175.5
2025-10-26 17:00:00,0.035232373959902065,2.989719807013483,2.9253161045920604,24.858333333333334,86.2,22.391666666666666,982.1833333333334,19.916666666666668,0.075,7.108333333333333,7.883333333333333,10.683333333333332,0.7,0.0,1.25,1790.75,325.5
2025-10-27 06:00:00,0.05192503498236444,0.2246251272540406,0.21722242764269256,24.333333333333332,93.27777777777777,23.2,982.7222222222222,6.0,0.3333333333333333,26.422222222222224,29.32222222222222,39.644444444444446,1.5,24.0,2.75,1793.5,171.0
2025-10-27 07:00:00,0.030992374467154485,10.061869953978693,9.948600211295181,24.400000000000002,93.59166666666665,23.316666666666666,982.5916666666667,50.083333333333336,0.25,30.666666666666668,34.041666666666664,46.03333333333333,1.5,3.0,3.0,1793.75,99.5
2025-10-27 08:00:00,0.03334858700534875,15.614979759590865,15.360684472864412,25.016666666666666,90.89999999999999,23.458333333333332,984.225,61.916666666666664,0.10833333333333332,36.516666666666666,40.541666666666664,54.800000000000004,0.9,0.0,3.0,1793.75,159.0
2025-10-27 09:00:00,0.031332214016262724,51.98499160731175,50.80779978858678,26.016666666666666,84.01666666666667,23.116666666666664,984.5916666666667,128.33333333333334,0.08333333333333333,35.25,39.15,52.88333333333333,1.1,0.0,3.0,1793.75,74.5
2025-10-27 10:00:00,0.024746085374171074,79.53928217834024,78.37200607037367,27.183333333333334,75.96666666666667,22.583333333333332,983.7416666666667,208.08333333333334,0.075,30.53333333333333,33.9,45.81666666666666,1.3,0.0,3.0,1793.75,64.5
2025-10-27 11:00:00,0.02555097362437714,72.22309292333547,71.04422394904692,27.875,74.10000000000001,22.849999999999998,983.375,165.75,0.24166666666666667,22.45,24.933333333333334,33.708333333333336,1.5,0.0,3.0,1793.75,22.5
2025-10-27 12:00:00,0.025438481173645694,68.98185062663954,67.876387268998,28.183333333333334,75.10000000000001,23.375,982.6666666666666,147.66666666666666,0.0,21.025000000000002,23.34166666666667,31.566666666666666,0.0,0.0,3.0,1793.75,70.0
2025-10-27 13:00:00,0.026547538107580707,66.26921944254785,65.13659187155737,28.349999999999998,74.60000000000001,23.433333333333334,981.7333333333332,151.66666666666666,0.15833333333333333,20.14166666666667,22.366666666666664,30.233333333333334,2.6,0.0,3.0,1793.75,103.5
2025-10-27 14:00:00,0.0295470366433493,53.791977081822345,52.56405457476591,28.21666666666667,72.35000000000001,22.808333333333334,980.6750000000001,123.08333333333333,0.4666666666666666,15.358333333333334,17.041666666666668,23.066666666666666,1.8,0.0,3.0,1793.75,219.5
2025-10-27 15:00:00,0.03475456478032749,27.537337003708956,26.566870999715764,27.099999999999998,77.90833333333333,22.941666666666666,979.9166666666666,78.83333333333333,0.2916666666666667,34.44166666666667,38.225,51.65833333333333,1.5,0.0,3.0,1793.75,265.5
2025-10-27 16:00:00,0.03411857383646196,12.992154734888262,12.524028438083947,26.675,81.05,23.166666666666668,979.65,51.416666666666664,0.5166666666666666,16.841666666666665,18.716666666666665,25.291666666666668,1.7,0.0,3.0,1793.75,265.5
2025-10-27 17:00:00,0.041501986041717474,0.8441736473576383,0.8209399426113423,26.15,82.575,23.0,980.2375,7.625,0.45,13.8875,15.424999999999999,20.85,2.4,0.0,3.0,1793.75,42.5
2025-10-28 06:00:00,0.05550795154474979,0.09161773330178712,0.08769267091590535,23.52857142857143,84.77142857142857,20.857142857142858,980.6285714285714,2.5714285714285716,0.5,17.900000000000002,19.857142857142858,26.857142857142858,1.7,3.0,1.0,1796.5,104.0
2025-10-28 07:00:00,0.03960060400917304,0.5628901836847063,0.5462965339559545,23.424999999999997,87.00833333333333,21.150000000000002,981.3166666666666,9.666666666666666,0.47500000000000003,22.125,24.55,33.19166666666667,2.2,3.0,1.5,1797.0,113.0
2025-10-28 08:00:00,0.030754333180141702,2.0315622651469396,2.00240430714402,23.541666666666668,87.72500000000001,21.416666666666668,982.0666666666666,20.583333333333332,0.525,35.916666666666664,39.875,53.89166666666667,1.4,3.0,2.25,1797.75,148.5
2025-10-28 09:00:00,0.028538610906251084,5.968857457832638,6.00817006105713,24.116666666666664,83.70833333333333,21.208333333333332,983.0333333333333,37.333333333333336,0.5666666666666667,27.5,30.53333333333333,41.28333333333333,1.8,3.0,3.0,1798.5,194.0
2025-10-28 10:00:00,0.035594742045928406,13.873344625504666,13.643084760619912,23.96666666666667,86.02499999999999,21.483333333333334,982.8666666666667,58.666666666666664,0.625,28.65833333333333,31.825000000000003,43.01666666666667,1.7,3.0,3.5,1799.0,128.0
2025-10-28 11:00:00,0.0344576880567003,21.540255383413992,21.048104522604124,24.333333333333332,82.55833333333334,21.191666666666666,982.0,72.25,0.09999999999999999,28.191666666666666,31.291666666666668,42.300000000000004,0.7,0.0,3.5,1799.0,221.5
2025-10-28 12:00:00,0.03297565851800117,34.89646625488345,34.00120096446978,24.45,83.00833333333333,21.416666666666668,980.4333333333334,94.0,0.3833333333333333,31.15833333333333,34.56666666666667,46.71666666666667,0.9,3.0,3.75,1799.25,106.0
2025-10-28 13:00:00,0.02988573942490061,50.75061313908056,49.5654821067682,25.05,80.16666666666667,21.400000000000002,979.0416666666666,112.16666666666667,0.575,32.25833333333333,35.84166666666667,48.416666666666664,1.8,0.0,3.75,1799.25,101.0
2025-10-28 14:00:00,0.03256287259136292,27.742206247908232,26.972848527639968,25.65833333333333,76.44166666666666,21.208333333333332,977.5083333333333,77.16666666666667,0.725,35.416666666666664,39.31666666666667,53.13333333333333,2.2,0.0,3.75,1799.25,124.0
2025-10-28 15:00:00,0.03162858315443474,7.762809508008732,7.527755360215831,25.416666666666668,80.25,21.8,977.8000000000001,38.166666666666664,0.06666666666666667,42.625,47.30833333333334,63.958333333333336,0.7,0.0,3.75,1799.25,58.5
2025-10-28 16:00:00,0.03313775126430755,2.265379583746808,2.194537299916951,24.933333333333334,80.5,21.375,978.875,19.333333333333332,0.0,42.90833333333333,47.666666666666664,64.43333333333334,0.0,3.0,4.0,1799.5,58.5
2025-10-28 17:00:00,0.04803385422195246,0.452374885381747,0.43385723774098633,24.4,77.74444444444445,20.299999999999997,978.9333333333333,6.111111111111111,0.6,37.75555555555556,41.922222222222224,56.67777777777778,1.6,3.0,4.0,1799.5,37.0
2025-10-29 06:00:00,0.12545157877852572,16.305466665856645,9.566349685546081,24.108333333333334,69.81666666666666,18.25,981.2416666666667,53.833333333333336,0.6416666666666666,29.866666666666664,33.15,44.800000000000004,2.1,0.0,0.0,1799.5,162.5
2025-10-29 07:00:00,0.07818750991388493,59.35794491229589,51.57632026801673,25.516666666666666,68.95,19.433333333333334,982.2083333333334,129.75,0.0,28.366666666666664,31.491666666666664,42.56666666666667,0.0,0.0,0.0,1799.5,20.0
2025-10-29 08:00:00,0.024404647871954347,81.16437368391708,79.84200304978312,26.858333333333334,66.09166666666665,20.016666666666666,982.8000000000001,242.75,0.0,29.3,32.766666666666666,44.35833333333333,0.0,0.0,0.0,1799.5,80.0
2025-10-29 09:00:00,0.02305764344473031,85.65143806326643,84.46935681641519,28.508333333333336,61.13333333333333,20.3,982.9416666666666,401.5,0.65,20.308333333333334,26.583333333333332,34.95,3.5,0.0,0.0,1799.5,306.5
2025-10-29 10:00:00,0.026083589830474735,85.33735768496126,83.71891815290397,29.491666666666664,58.025,20.375,982.5749999999999,475.5,0.875,12.641666666666666,17.141666666666666,22.258333333333336,3.1,0.0,0.0,1799.5,297.0
2025-10-29 11:00:00,0.025318908313593635,84.92318215949,83.41754187675333,30.291666666666668,57.85833333333333,21.075,981.7416666666667,450.4166666666667,0.8666666666666667,13.241666666666667,17.791666666666668,23.84166666666667,3.3,0.0,0.0,1799.5,276.5
2025-10-29 12:00:00,0.027840319932940893,85.22042714385124,83.25540894237359,31.025000000000002,54.26666666666667,20.733333333333334,980.8000000000001,550.3333333333334,0.9500000000000001,14.008333333333333,19.041666666666668,23.90833333333333,4.0,0.0,0.0,1799.5,290.5
2025-10-29 13:00:00,0.026441309864448915,85.09924845612237,83.35410176791676,31.458333333333332,46.80833333333334,18.59166666666667,980.0,643.5833333333334,0.9666666666666667,11.883333333333333,15.933333333333332,22.458333333333332,3.9,0.0,0.0,1799.5,297.5
2025-10-29 14:00:00,-0.006145301290967354,68.149362173731,70.77312596991698,32.42727272727273,44.56363636363636,18.836363636363636,979.2818181818183,589.0,1.0727272727272728,9.281818181818181,12.181818181818182,17.87272727272727,3.5,0.0,0.0,1799.5,309.0
2025-10-29 15:00:00,0.017479726540866127,31.592550273451867,31.809481420196743,30.974999999999998,50.916666666666664,19.666666666666668,978.9166666666666,138.33333333333334,1.0333333333333334,11.625,15.383333333333333,20.75,4.5,0.0,0.0,1799.5,312.0
2025-10-29 16:00:00,0.022615194186667815,29.859528049387492,29.639724815703676,30.075,48.916666666666664,18.2,979.2416666666667,96.75,0.8666666666666667,11.625,15.741666666666667,22.766666666666666,4.0,0.0,0.0,1799.5,306.0
2025-10-29 17:00:00,0.0257329833496266,5.201839535140973,5.175708365419747,28.71111111111111,49.099999999999994,17.044444444444444,979.7555555555555,28.666666666666668,0.35555555555555557,13.822222222222223,18.799999999999997,26.27777777777778,2.2,0.0,0.0,1799.5,314.0
2025-10-30 06:00:00,0.22961485722645203,15.497625184165244,4.398481611075443,22.669999999999998,84.47,19.93,984.43,48.1,0.0,27.889999999999997,30.97,41.86,0.0,0.0,0.0,1799.5,44.5
2025-10-30 07:00:00,0.057809476441762105,73.51455319775843,69.82779139862605,25.41111111111111,71.44444444444444,19.866666666666667,985.0999999999999,235.33333333333334,0.19999999999999998,26.522222222222222,29.433333333333337,39.82222222222222,1.2,0.0,0.0,1799.5,98.0
2025-10-30 08:00:00,0.022868658373697528,86.47282473258547,85.38924838160419,27.96666666666667,63.083333333333336,20.3,985.5916666666667,447.5833333333333,0.5583333333333333,24.575,30.558333333333334,40.69166666666667,2.1,0.0,0.0,1799.5,86.0
2025-10-30 09:00:00,0.024320105994110348,83.8054620762069,82.48946934785432,30.083333333333332,55.425000000000004,20.183333333333334,985.7166666666667,636.0833333333334,0.725,19.991666666666667,27.241666666666664,35.166666666666664,2.1,0.0,0.0,1799.5,188.0
2025-10-30 10:00:00,0.025549837800454302,82.01044390405728,80.49077425038244,31.708333333333332,47.51666666666667,19.191666666666666,985.2833333333333,774.75,0.9,15.575000000000001,20.533333333333335,27.0,3.8,0.0,0.0,1799.5,286.0
2025-10-30 11:00:00,0.02907340797211759,81.04141654377268,78.99799331248337,32.925000000000004,42.975,18.691666666666666,984.225,843.9166666666666,0.9750000000000001,12.174999999999999,16.8,22.516666666666666,3.8,0.0,0.0,1799.5,285.5
2025-10-30 12:00:00,0.028665458713689085,80.59203324359135,78.54314655688407,33.641666666666666,40.733333333333334,18.5,983.1833333333334,803.8333333333334,0.9166666666666666,11.075000000000001,15.25,18.316666666666666,3.5,0.0,0.0,1799.5,302.0
2025-10-30 13:00:00,0.026690383469062273,81.55280208503206,79.77655185020674,34.06666666666667,38.891666666666666,18.091666666666665,982.4416666666666,748.9166666666666,0.9500000000000001,11.108333333333334,15.275,19.283333333333335,3.6,0.0,0.0,1799.5,299.0
2025-10-30 14:00:00,0.0026366793317801917,73.577390149902,75.41739092174339,33.541666666666664,43.99166666666667,19.650000000000002,981.6166666666667,590.25,1.4000000000000001,11.416666666666666,14.958333333333334,20.433333333333334,4.8,0.0,0.0,1799.5,226.5
2025-10-30 15:00:00,0.00537328548260725,40.573851383102344,41.54297050966,32.525,47.75,20.008333333333333,981.2833333333333,137.66666666666666,1.0,13.533333333333333,18.658333333333335,25.275000000000002,3.9,0.0,0.0,1799.5,249.5
2025-10-30 16:00:00,0.018326613167587883,14.314543003481619,14.466017569788098,31.95,49.34166666666667,20.025000000000002,981.7333333333332,62.916666666666664,1.0916666666666666,14.958333333333334,21.0,27.583333333333332,3.8,0.0,0.0,1799.5,223.5
2025-10-30 17:00:00,0.02492160511818716,2.754748761279398,2.8579468382765496,31.01,53.870000000000005,20.58,982.3399999999999,19.4,0.48,18.740000000000002,25.919999999999998,34.55,2.4,0.0,0.0,1799.5,166.5
2025-10-31 06:00:00,0.20854941953291287,12.710915915996791,4.429734381643106,23.04,83.16,20.02,986.6700000000001,42.6,0.21000000000000002,33.12,36.8,49.730000000000004,1.7,0.0,0.0,1799.5,84.5
2025-10-31 07:00:00,0.09220541958464665,75.34139350811843,67.09999418077585,25.7375,70.275,19.9375,987.125,231.25,0.6625,34.2875,38.1,51.4875,2.0,0.0,0.0,1799.5,110.5
2025-10-31 08:00:00,0.02242549763164815,86.6844269239274,85.72729744510293,28.133333333333336,61.51666666666667,20.075,987.4416666666666,451.6666666666667,0.8166666666666668,28.741666666666664,35.71666666666667,48.708333333333336,2.5,0.0,0.0,1799.5,197.5
2025-10-31 09:00:00,0.02592813151711669,84.1277172314978,82.57233881290627,30.55,52.93333333333334,19.875,987.4250000000001,639.8333333333334,0.8416666666666667,23.05,31.558333333333334,40.44166666666667,2.6,0.0,0.0,1799.5,235.5
2025-10-31 10:00:00,0.02696870510085292,81.59251670108668,79.92146052752555,32.425000000000004,48.14166666666667,20.05,986.8583333333332,771.8333333333334,0.8666666666666667,19.741666666666667,25.791666666666668,33.84166666666667,3.3,0.0,0.0,1799.5,254.5
2025-10-31 11:00:00,0.026630219527371185,79.77712823995869,78.16233271960466,33.86666666666667,43.449999999999996,19.741666666666667,985.6,837.25,0.8416666666666667,13.491666666666667,17.991666666666667,25.066666666666666,2.5,0.0,0.0,1799.5,161.0
2025-10-31 12:00:00,0.028310675969708567,79.8555408673446,78.0431779202612,34.449999999999996,41.51666666666667,19.5,984.2833333333333,830.6666666666666,0.8583333333333334,11.258333333333333,14.975,20.916666666666668,3.5,0.0,0.0,1799.5,64.0
2025-10-31 13:00:00,0.022737564125527982,79.94484760079189,79.02040751863278,34.675000000000004,40.675000000000004,19.366666666666667,983.1999999999999,756.1666666666666,0.975,11.891666666666666,16.083333333333332,20.875,3.2,0.0,0.0,1799.5,190.5
2025-10-31 14:00:00,-0.006050209022358782,57.25369478319672,58.584274411185106,34.45454545454545,39.53636363636363,18.763636363636365,982.3363636363637,607.7272727272727,1.0999999999999999,11.736363636363636,15.7,20.20909090909091,4.5,0.0,0.0,1799.5,253.0
2025-10-31 15:00:00,0.012439155660914457,18.83897798769439,19.312341932180455,32.43333333333333,42.975,18.258333333333333,982.1333333333333,107.58333333333333,0.9,13.508333333333333,17.866666666666667,22.775000000000002,3.3,0.0,0.0,1799.5,282.0
2025-10-31 16:00:00,0.022193727297444066,9.469007430132363,9.53943573185288,31.433333333333334,45.166666666666664,18.141666666666666,982.4499999999999,49.666666666666664,0.6833333333333332,15.875,21.516666666666666,29.2,2.2,0.0,0.0,1799.5,312.0
2025-10-31 17:00:00,0.03058615910364697,2.284186721818201,2.2877220501970683,30.369999999999997,50.35,18.91,982.9100000000001,16.5,0.07999999999999999,18.509999999999998,25.44,37.089999999999996,0.7,0.0,0.0,1799.5,343.5
2025-11-01 06:00:00,0.17914463757885601,10.611993054289758,4.55768913338563,22.85,87.86,20.78,986.28,40.7,0.0,36.32,40.31,54.470000000000006,0.0,0.0,0.0,1799.5,80.5
2025-11-01 07:00:00,0.07252565070331461,70.96741239113936,66.03258426028144,25.2625,75.4375,20.6125,986.8625,219.375,0.5625,34.375,38.1875,51.5875,1.7,0.0,0.0,1799.5,93.0
2025-11-01 08:00:00,0.021812822153603875,86.05383913237931,85.28915450560457,27.775000000000002,65.54166666666667,20.766666666666666,987.25,428.5833333333333,0.75,33.06666666666667,39.425000000000004,52.24166666666667,2.2,0.0,0.0,1799.5,111.0
2025-11-01 09:00:00,0.02731619764365584,83.86211531792777,82.14863659061025,30.191666666666666,56.041666666666664,20.458333333333332,987.0833333333334,626.25,0.7916666666666666,25.558333333333334,34.125,42.73333333333333,2.3,0.0,0.0,1799.5,86.5
2025-11-01 10:00:00,0.029836895052040614,81.79144586314142,79.67758877814141,31.46666666666667,50.90833333333333,20.099999999999998,986.5083333333333,763.8333333333334,0.8083333333333332,21.375,28.266666666666666,35.11666666666667,2.5,0.0,0.0,1799.5,43.0
2025-11-01 11:00:00,0.028125672450101166,80.75779308309059,78.90859376974697,32.608333333333334,46.875,19.791666666666668,985.4166666666666,822.25,0.8583333333333334,17.366666666666667,23.075,30.291666666666668,2.3,0.0,0.0,1799.5,38.5
2025-11-01 12:00:00,0.023021862473693117,78.74589316422092,77.74427948480003,33.96666666666667,44.88333333333333,20.3,984.1583333333333,817.0,0.7916666666666666,17.591666666666665,23.175,31.883333333333336,2.0,0.0,0.0,1799.5,71.5
2025-11-01 13:00:00,0.021558693456174425,79.14244572373069,78.36439229632447,34.71666666666667,39.71666666666667,19.041666666666668,983.2416666666667,742.9166666666666,0.8333333333333334,15.091666666666667,20.816666666666666,28.058333333333334,2.8,0.0,0.0,1799.5,60.5
2025-11-01 14:00:00,-0.0022750334691636273,57.044375412126904,58.16583980844561,34.72727272727273,39.43636363636364,18.927272727272726,982.3363636363637,595.6363636363636,0.7545454545454546,14.136363636363637,18.854545454545455,24.7,2.5,0.0,0.0,1799.5,126.0
2025-11-01 15:00:00,0.012812023569210509,18.918925160407838,19.11245295122229,33.225,43.6,19.191666666666666,982.0,105.58333333333333,0.17500000000000002,15.9,21.333333333333332,28.150000000000002,0.7,0.0,0.0,1799.5,110.0
2025-11-01 16:00:00,0.021849372517057073,10.800627287357797,10.72620954677433,32.30833333333333,46.449999999999996,19.391666666666666,982.3416666666667,53.916666666666664,0.15,19.075,26.0,34.11666666666667,1.6,0.0,0.0,1799.5,176.0
2025-11-01 17:00:00,0.02519137631019842,2.673828424693732,2.6467121505476667,31.52,51.31,20.25,982.9399999999999,18.6,0.32999999999999996,21.48,28.619999999999997,40.53,1.4,0.0,0.0,1799.5,144.0
2025-11-02 06:00:00,0.11518498386414684,8.72614617794757,5.952564891740322,24.130000000000003,91.67,22.73,986.3799999999999,39.6,0.1,48.05,53.35,72.09,1.2,0.0,0.0,1799.5,135.5
2025-11-02 07:00:00,0.01670395909185049,67.7183715389094,69.64873460519868,26.172727272727272,80.22727272727273,22.490909090909092,986.8181818181819,199.1818181818182,0.5272727272727272,44.28181818181818,49.154545454545456,66.45454545454545,2.1,0.0,0.0,1799.5,138.0
2025-11-02 08:00:00,0.025692078736405475,85.77949582121238,84.25094649335468,28.3,68.575,21.983333333333334,987.25,367.5,0.8583333333333334,36.28333333333333,43.80833333333334,56.9,2.3,0.0,0.0,1799.5,109.5
2025-11-02 09:00:00,0.023762680537380145,85.64479469757714,84.39416584371257,29.683333333333334,61.24166666666667,21.45,987.4499999999999,500.25,0.8916666666666666,33.324999999999996,43.93333333333334,54.53333333333333,2.8,0.0,0.0,1799.5,110.0
2025-11-02 10:00:00,0.02677581185638006,81.94548415541688,80.22451902464927,32.199999999999996,55.13333333333333,22.083333333333332,987.0333333333333,725.25,0.8083333333333332,30.791666666666668,39.916666666666664,51.225,2.9,0.0,0.0,1799.5,63.5
2025-11-02 11:00:00,0.02833229652742818,80.9734648264125,79.05629562662706,33.30833333333333,51.550000000000004,21.991666666666664,986.0749999999999,805.25,0.8583333333333334,26.991666666666664,36.39166666666667,46.94166666666666,2.9,0.0,0.0,1799.5,158.0
2025-11-02 12:00:00,0.029378787598880966,80.04396116105426,78.03963414510588,34.449999999999996,48.6,22.066666666666666,984.6666666666666,776.3333333333334,0.8416666666666667,24.900000000000002,33.15,41.5,2.4,0.0,0.0,1799.5,301.5
2025-11-02 13:00:00,0.024425325382724527,77.98535675398627,76.8155243684979,34.958333333333336,49.60833333333333,22.849999999999998,983.5416666666666,676.25,0.8083333333333332,23.166666666666668,31.05,39.766666666666666,2.5,0.0,0.0,1799.5,36.5
2025-11-02 14:00:00,0.017073853479195874,64.38962000827846,64.55736255171016,33.574999999999996,53.44166666666666,22.825,982.8333333333334,268.75,0.36666666666666664,22.974999999999998,29.849999999999998,39.09166666666667,3.6,0.0,0.0,1799.5,65.5
2025-11-02 15:00:00,0.017122648637338356,55.63938893964434,55.69735846713835,33.61666666666667,52.11666666666667,22.46666666666667,982.4916666666667,161.16666666666666,0.11666666666666665,23.400000000000002,30.924999999999997,39.324999999999996,1.3,0.0,0.0,1799.5,88.0
2025-11-02 16:00:00,0.02436616263608644,71.51927505161933,70.47218825835373,32.766666666666666,55.15833333333333,22.575,982.6583333333333,171.33333333333334,0.7666666666666666,21.916666666666668,28.833333333333332,36.40833333333333,4.9,0.0,0.0,1799.5,157.0
2025-11-02 17:00:00,0.03134507290085031,8.09535249190137,7.980227963084786,29.74,65.4,22.580000000000002,983.4200000000001,28.7,1.15,27.439999999999998,36.65,44.94,4.1,0.0,0.0,1799.5,161.5
2025-11-03 06:00:00,0.04333435131572719,1.566040672775101,1.531203178424768,24.880000000000003,93.06,23.740000000000002,985.6700000000001,16.7,0.03,42.730000000000004,47.45,64.12,1.4,0.0,0.0,1799.5,162.5
2025-11-03 07:00:00,0.03385479735523513,48.528333149615825,47.216121365619756,25.916666666666668,86.125,23.425,986.2583333333333,123.33333333333333,0.6416666666666667,44.675000000000004,49.59166666666667,67.04166666666667,2.2,0.0,0.0,1799.5,111.5
2025-11-03 08:00:00,0.026380973555480774,74.70949580684352,73.29153817995999,27.316666666666666,77.09166666666667,22.983333333333334,986.75,189.83333333333334,0.5750000000000001,41.5,46.15833333333333,62.05833333333334,2.2,0.0,0.0,1799.5,274.0
2025-11-03 09:00:00,0.024673320076355157,84.49746941522135,83.06154256470352,29.40833333333333,68.08333333333333,22.90833333333333,986.9416666666666,423.3333333333333,0.7916666666666666,39.11666666666667,50.51666666666667,64.55833333333332,2.3,0.0,0.0,1799.5,137.0
2025-11-03 10:00:00,0.02591929723824629,82.79293429472334,81.15093986405022,32.125,60.574999999999996,23.541666666666668,986.2833333333333,705.8333333333334,0.8250000000000001,33.44166666666667,45.949999999999996,60.94166666666666,2.3,0.0,0.0,1799.5,109.0
2025-11-03 11:00:00,0.02775602683999592,80.39183144422684,78.49684546425627,33.166666666666664,57.73333333333333,23.733333333333334,985.275,669.25,0.875,27.541666666666668,36.916666666666664,44.625,2.5,0.0,0.0,1799.5,28.0
2025-11-03 12:00:00,0.02605664278485864,80.1873659442649,78.57459172771355,33.53333333333333,54.94166666666666,23.224999999999998,984.0416666666666,656.25,0.8250000000000001,24.116666666666664,32.233333333333334,40.0,2.3,0.0,0.0,1799.5,31.5
2025-11-03 13:00:00,0.02365748601099099,74.59605581469786,73.4580632054328,33.28333333333333,55.025,23.041666666666668,983.0166666666668,389.0,0.8083333333333332,22.075,30.50833333333333,38.31666666666667,2.9,0.0,0.0,1799.5,11.0
2025-11-03 14:00:00,0.018705632457244794,67.92251223515215,67.61105149871344,32.541666666666664,57.01666666666667,22.933333333333334,982.1833333333334,275.0833333333333,0.5583333333333333,22.733333333333334,30.608333333333334,37.59166666666667,1.6,0.0,0.0,1799.5,8.5
2025-11-03 15:00:00,0.014562499348872776,44.987831473053234,45.22278318574076,32.483333333333334,57.824999999999996,23.125,981.875,126.5,0.425,25.491666666666664,34.016666666666666,42.80833333333334,1.5,0.0,0.0,1799.5,17.0
2025-11-03 16:00:00,0.022348650920672185,10.88661726829564,10.969685918851084,31.508333333333336,63.300000000000004,23.666666666666668,982.0500000000001,45.833333333333336,0.008333333333333333,40.50833333333333,51.96666666666667,68.35833333333333,0.7,0.0,0.0,1799.5,25.0
2025-11-03 17:00:00,0.031452553767443825,5.967935318980852,5.780769394408136,30.72222222222222,67.43333333333334,24.01111111111111,982.5555555555555,28.333333333333332,0.0,48.18888888888889,59.67777777777778,78.72222222222223,0.0,0.0,0.0,1799.5,110.0
2025-11-04 06:00:00,0.045046643990334395,2.2834108478867723,2.1755468782791385,25.133333333333333,80.22222222222223,21.522222222222222,984.8666666666666,22.0,0.5444444444444444,40.58888888888889,45.077777777777776,60.87777777777777,1.5,0.0,0.0,1799.5,137.0
2025-11-04 07:00:00,0.03019244296289311,9.948724041806052,9.848995207157827,25.525000000000002,79.14166666666667,21.691666666666666,985.8083333333334,51.833333333333336,0.6583333333333333,45.89166666666667,50.916666666666664,68.85000000000001,2.2,0.0,0.0,1799.5,97.0
2025-11-04 08:00:00,0.03151680091157503,41.9192527720499,41.069220934589325,26.25,76.39999999999999,21.808333333333334,986.7416666666667,114.75,0.4666666666666666,51.36666666666667,57.03333333333333,77.08333333333333,2.3,0.0,0.0,1799.5,103.5
2025-11-04 09:00:00,0.025576996187461967,80.47267843635466,79.150538972113,27.46666666666667,70.97500000000001,21.766666666666666,987.1083333333335,227.83333333333334,0.8500000000000001,48.14166666666667,56.458333333333336,74.52499999999999,2.9,0.0,0.0,1799.5,95.0
2025-11-04 10:00:00,0.024748264386073426,84.45687905971663,83.14519255150128,28.633333333333336,67.13333333333334,21.941666666666666,986.625,318.0833333333333,0.8500000000000001,39.199999999999996,52.75,66.41666666666667,2.8,0.0,0.0,1799.5,115.5
2025-11-04 11:00:00,0.025617982161761397,83.71622052135672,82.2481945166172,29.858333333333334,64.53333333333333,22.474999999999998,985.7833333333333,335.0833333333333,0.7583333333333333,30.03333333333333,40.65833333333333,51.9,2.3,0.0,0.0,1799.5,129.5
2025-11-04 12:00:00,0.026572405505615068,83.86453080286047,82.21006217597879,31.391666666666666,59.333333333333336,22.525000000000002,984.5166666666668,490.5833333333333,0.7916666666666666,19.066666666666666,25.383333333333336,31.641666666666666,2.4,0.0,0.0,1799.5,48.0
2025-11-04 13:00:00,0.027845719134600082,79.88914279021829,78.1534212823236,33.46666666666667,54.31666666666666,22.991666666666664,983.0333333333333,637.3333333333334,0.8166666666666668,16.675,22.53333333333333,30.09166666666667,2.8,0.0,0.0,1799.5,66.5
2025-11-04 14:00:00,0.023915830146528427,79.6403383357463,78.51473761981977,31.599999999999998,58.34166666666667,22.416666666666668,981.9666666666667,293.5,0.8416666666666667,19.875,27.90833333333333,33.208333333333336,2.4,0.0,0.0,1799.5,31.5
2025-11-04 15:00:00,0.019011394746087176,68.22035243062292,67.94191411672115,31.383333333333336,58.625,22.316666666666666,981.5749999999999,170.08333333333334,0.7166666666666667,22.366666666666664,30.266666666666666,38.88333333333333,2.2,0.0,0.0,1799.5,104.0
2025-11-04 16:00:00,0.01860413761940245,24.498381672266195,24.764169691738335,30.691666666666666,61.50833333333333,22.46666666666667,981.8583333333332,76.25,0.6083333333333333,25.05,34.449999999999996,42.61666666666667,1.7,0.0,0.0,1799.5,14.5
2025-11-04 17:00:00,0.044020927662750356,1.4687486499694042,1.425922745874435,29.466666666666665,69.05555555555556,23.200000000000003,982.3888888888889,12.333333333333334,0.24444444444444446,78.92222222222222,96.32222222222222,127.93333333333334,1.4,0.0,0.0,1799.5,338.0
2025-11-05 06:00:00,0.15444953176264828,8.581938462993781,4.399828040194484,24.93,86.15,22.490000000000002,983.9,37.3,0.0,32.57,36.160000000000004,48.86,0.0,0.0,0.0,1799.5,82.0
2025-11-05 07:00:00,0.04376181263457782,64.9074855405365,64.09731132524391,27.5375,74.475,22.6,984.45,211.875,0.3,33.9375,37.7125,50.95,1.7,0.0,0.0,1799.5,78.5
2025-11-05 08:00:00,0.025569736974101906,85.57637214964548,84.1219914790137,29.599999999999998,67.08333333333333,22.900000000000002,984.9583333333334,412.3333333333333,0.7083333333333334,28.599999999999998,35.30833333333333,44.208333333333336,2.0,0.0,0.0,1799.5,81.5
2025-11-05 09:00:00,0.027865347620618885,83.7757251404017,81.97528770187007,31.108333333333334,61.916666666666664,22.96666666666667,985.1999999999999,535.3333333333334,0.7583333333333333,22.758333333333336,30.133333333333336,40.083333333333336,2.2,0.0,0.0,1799.5,95.5
2025-11-05 10:00:00,0.02715511573123969,81.97259208016757,80.29784229239537,32.24166666666667,58.050000000000004,22.95,984.775,705.4166666666666,0.7833333333333333,20.658333333333335,27.933333333333334,35.74166666666667,2.4,0.0,0.0,1799.5,88.5
2025-11-05 11:00:00,0.027870634512455333,79.65137481852894,77.81454351100031,32.99166666666667,51.791666666666664,21.766666666666666,983.7166666666667,779.6666666666666,0.8833333333333333,16.3,21.125,25.916666666666668,2.5,0.0,0.0,1799.5,224.0
2025-11-05 12:00:00,0.024495319505645808,79.87215781875041,78.59608648807217,33.608333333333334,49.574999999999996,21.633333333333336,982.4833333333332,722.3333333333334,0.9249999999999999,15.133333333333333,19.474999999999998,24.925,2.7,0.0,0.0,1799.5,103.0
2025-11-05 13:00:00,0.019115764946450717,80.51543756183109,80.15777652677129,33.208333333333336,51.475,21.866666666666664,981.275,593.3333333333334,1.0250000000000001,15.991666666666667,21.3,25.224999999999998,2.5,0.0,0.0,1799.5,172.0
2025-11-05 14:00:00,0.019580359026982123,77.73472969741049,77.26567209600843,33.4,52.48333333333333,22.266666666666666,980.2416666666667,445.1666666666667,1.3416666666666668,13.933333333333332,18.575,23.28333333333333,4.6,0.0,0.0,1799.5,136.5
2025-11-05 15:00:00,0.03850400548990884,31.042791915310072,30.387638101156483,28.349999999999998,71.46666666666667,22.691666666666666,980.5083333333333,84.41666666666667,1.75,13.25,17.525000000000002,23.075,5.2,0.0,0.0,1799.5,26.0
2025-11-05 16:00:00,0.03770927161195382,8.157969616122342,7.842157186300213,27.191666666666666,74.26666666666667,22.224999999999998,980.6333333333333,43.833333333333336,0.4166666666666667,18.275000000000002,20.925,28.34166666666667,1.9,0.0,0.0,1799.5,129.5
2025-11-05 17:00:00,0.043061369128808744,0.9362725779021194,0.8913088667024874,27.6,73.12,22.36,981.15,10.9,0.18,22.2,25.5,34.21,1.1,0.0,0.0,1799.5,104.0
2025-11-06 06:00:00,0.046877773534534165,0.5193854386393337,0.4973305183757534,24.41,95.67999999999999,23.71,984.04,8.3,0.41,17.25,19.16,25.919999999999998,1.7,6.0,1.0,1807.75,106.5
2025-11-06 07:00:00,0.03661059945896067,7.007826422571957,6.738990858587651,24.358333333333334,97.14166666666667,23.933333333333334,984.7166666666667,44.166666666666664,0.0,19.491666666666667,21.641666666666666,29.266666666666666,0.0,0.0,1.0,1807.75,140.5
2025-11-06 08:00:00,0.02691113748008365,65.23378814297656,64.12868211113594,25.766666666666666,90.14166666666667,24.025000000000002,985.35,197.5,0.21666666666666667,21.84166666666667,24.266666666666666,32.8,2.2,0.0,1.0,1807.75,144.0
2025-11-06 09:00:00,0.025595746357117425,78.56919129126214,77.20368846925564,27.833333333333332,78.5,23.78333333333333,985.8583333333332,237.33333333333334,0.6916666666666668,17.658333333333335,19.616666666666667,26.508333333333336,2.1,0.0,1.0,1807.75,189.5
2025-11-06 10:00:00,0.027033672591922814,84.4068801940466,82.6541299059424,29.291666666666668,73.18333333333334,24.0,985.6333333333333,501.1666666666667,0.7833333333333333,17.25,20.216666666666665,26.150000000000002,3.0,0.0,1.0,1807.75,216.0
2025-11-06 11:00:00,0.0296507327377554,83.47317312189001,81.30709126514326,30.875,66.25,23.883333333333336,984.625,770.8333333333334,1.0083333333333333,15.858333333333334,20.716666666666665,26.175,3.1,0.0,1.0,1807.75,170.0
2025-11-06 12:00:00,0.027721339762659756,74.91927365610725,73.23294502427514,30.03333333333333,67.61666666666666,23.383333333333336,983.6083333333332,460.25,1.1833333333333333,15.225,19.825,25.2,3.8,0.0,1.0,1807.75,111.5
2025-11-06 13:00:00,0.02910315412752303,4.636044715281532,4.5332702795868665,24.816666666666666,92.86666666666667,23.575,983.6583333333333,26.833333333333332,1.3333333333333333,14.975,17.316666666666666,22.8,5.7,21.0,4.75,1811.5,30.5
2025-11-06 14:00:00,0.035052906161061055,2.4393911386064486,2.350081377095075,24.40833333333333,96.55833333333334,23.84166666666667,983.25,22.166666666666668,0.9666666666666667,18.691666666666666,20.733333333333334,28.05,3.1,18.0,9.25,1816.0,33.5
2025-11-06 15:00:00,0.04216192658311791,0.6657137806147195,0.637975173714259,24.175,94.64999999999999,23.125,983.0416666666666,10.916666666666666,0.14166666666666666,20.474999999999998,22.691666666666666,30.708333333333332,1.1,24.0,13.5,1820.25,171.0
2025-11-06 16:00:00,0.04776193578687296,0.3482398699073214,0.33229200367264705,24.458333333333332,10.450000000000001,-22.03333333333333,983.125,6.666666666666667,0.43333333333333335,35.291666666666664,39.19166666666667,52.975,1.6,6.0,15.25,1822.0,200.0
2025-11-06 17:00:00,0.0550763774456518,0.2628120093447414,0.24952699217645868,24.380000000000003,13.85,-4.99,983.3100000000001,4.8,0.39,37.510000000000005,41.63,56.29,1.1,3.0,15.75,1822.5,152.0
2025-11-07 06:00:00,0.07119041685038155,4.4217806607495875,3.3740950813073938,23.509999999999998,17.84,-2.23,985.5799999999999,24.4,0.0,43.78,48.63,65.72,0.0,0.0,0.0,1822.75,90.5
2025-11-07 07:00:00,0.03031107819411305,70.93025940491059,70.35956575970627,25.650000000000002,28.583333333333332,-5.141666666666667,986.1750000000001,186.41666666666666,0.20833333333333334,44.35833333333333,49.25,66.59166666666667,1.3,0.0,0.0,1822.75,80.0
2025-11-07 08:00:00,0.024483912785695564,82.57255704560994,81.40874301052577,27.641666666666666,97.7,27.275000000000002,986.7666666666668,338.0833333333333,0.4583333333333333,42.15,46.791666666666664,63.25833333333333,1.4,6.0,0.5,1823.25,83.5
2025-11-07 09:00:00,0.023889830420851174,83.71550636296125,82.59672974836882,30.508333333333336,98.03333333333335,30.108333333333334,986.9666666666667,562.0833333333334,0.5666666666666667,41.675000000000004,53.225,64.29166666666667,1.5,0.0,0.5,1823.25,329.5
2025-11-07 10:00:00,0.023050743312707473,82.06416308269065,81.01038201007852,31.125,98.09999999999998,30.5,986.6083333333332,663.5,0.9583333333333334,44.34166666666667,58.300000000000004,67.39999999999999,3.3,0.0,0.5,1823.25,313.0
2025-11-07 11:00:00,0.024276299736599408,82.90047249472379,81.64442764765434,31.675,98.09999999999998,30.5,985.6666666666666,746.0833333333334,1.2249999999999999,44.166666666666664,57.39166666666667,66.85833333333333,4.1,0.0,0.5,1823.25,313.0
2025-11-07 12:00:00,0.02438618206229506,79.68272103885882,78.41846408756429,32.15833333333333,98.09999999999998,30.5,984.5500000000001,651.4166666666666,1.2333333333333334,46.71666666666667,61.18333333333334,70.60833333333333,3.6,0.0,0.5,1823.25,118.5
2025-11-07 13:00:00,0.023668723133286107,82.7902343185966,81.5687513785492,31.90833333333333,98.09999999999998,30.5,983.6750000000001,643.75,1.2666666666666666,48.26666666666667,63.39166666666667,75.4,3.2,0.0,0.5,1823.25,167.5
2025-11-07 14:00:00,0.025593309230455368,72.91390440700393,71.6708061655069,31.041666666666668,59.49166666666667,12.658333333333333,982.9416666666666,241.91666666666666,1.1333333333333333,41.38333333333333,54.01666666666667,63.46666666666667,3.4,0.0,0.5,1823.25,346.5
2025-11-07 15:00:00,0.013115918285432134,65.46138352912935,65.67413795612156,31.55,6.625,-10.241666666666667,982.7166666666667,213.58333333333334,1.1583333333333334,44.083333333333336,58.24166666666667,67.34166666666667,3.2,0.0,0.5,1823.25,117.0
2025-11-07 16:00:00,0.010854461766898242,25.912664615107744,26.468501980032073,30.516666666666666,11.808333333333332,-2.4833333333333334,983.0833333333334,80.08333333333333,0.7666666666666666,55.275,74.53333333333333,87.95833333333333,2.7,0.0,0.5,1823.25,50.0
2025-11-07 17:00:00,0.020498502985784945,3.9963023216285283,4.129593856612923,29.377777777777776,20.455555555555556,4.388888888888889,983.5888888888888,22.22222222222222,0.6888888888888889,62.0,79.01111111111112,95.46666666666667,1.7,0.0,0.5,1823.25,143.0
2025-11-08 06:00:00,0.06593313929289095,4.443342949856527,3.9455470905526617,23.27,67.24,16.91,986.8100000000001,26.8,0.22000000000000003,88.28,98.02000000000001,132.44,1.3,0.0,0.0,1823.25,123.5
2025-11-08 07:00:00,0.006211547867651709,59.200279409267374,61.157672231948474,24.75,57.61666666666667,15.791666666666666,987.525,153.0,0.4166666666666667,83.11666666666666,92.26666666666667,124.70833333333333,1.4,0.0,0.0,1823.25,57.5
2025-11-08 08:00:00,0.024902254588611627,87.05028178320073,85.58526602761594,27.224999999999998,43.833333333333336,13.825000000000001,988.225,351.1666666666667,0.625,72.03333333333333,79.95833333333333,108.075,1.8,0.0,0.0,1823.25,109.5
2025-11-08 09:00:00,0.025598051650866285,85.5844117163656,84.02538595133886,29.21666666666667,33.86666666666667,11.674999999999999,988.5,520.75,0.7666666666666666,64.75,77.38333333333334,99.89999999999999,2.0,0.0,0.0,1823.25,79.0
2025-11-08 10:00:00,0.028182442578355667,82.65735202862191,80.80173347116998,30.016666666666666,25.133333333333336,7.883333333333333,988.1833333333334,615.25,1.0916666666666666,48.64166666666667,65.36666666666666,78.34166666666667,3.8,0.0,0.0,1823.25,43.0
2025-11-08 11:00:00,0.027907300927031708,83.55410295538161,81.69153617350621,30.833333333333332,26.59166666666667,9.424999999999999,987.3249999999999,741.3333333333334,1.2833333333333334,40.699999999999996,54.15,64.65833333333333,4.2,0.0,0.0,1823.25,340.5
2025-11-08 12:00:00,0.024856432456135502,83.59541576633335,82.13736578592649,30.95,44.416666666666664,17.391666666666666,986.1999999999999,510.5833333333333,1.3,38.266666666666666,51.09166666666667,63.14166666666666,4.5,0.0,0.0,1823.25,188.0
2025-11-08 13:00:00,0.02255063269839455,84.26698742328044,83.16396236785135,31.09166666666667,45.4,17.908333333333335,985.2833333333333,480.5833333333333,1.0166666666666668,35.78333333333334,47.425000000000004,58.449999999999996,3.3,0.0,0.0,1823.25,18.0
2025-11-08 14:00:00,0.017032760359603567,75.46856289368996,75.32248292746723,31.066666666666666,45.416666666666664,17.900000000000002,984.525,336.3333333333333,0.8416666666666667,33.44166666666667,45.449999999999996,53.85,2.9,0.0,0.0,1823.25,17.5
2025-11-08 15:00:00,0.010355039065211074,62.55850725911589,63.26954921844791,30.616666666666664,46.449999999999996,17.866666666666667,984.1333333333333,155.75,0.3666666666666667,36.733333333333334,49.28333333333333,59.46666666666667,2.7,0.0,0.0,1823.25,330.5
2025-11-08 16:00:00,0.01393963290300585,20.22914414930353,20.465267474090883,29.833333333333332,46.208333333333336,17.05,984.1916666666666,71.33333333333333,1.0916666666666666,30.583333333333332,40.766666666666666,50.94166666666666,3.2,0.0,0.0,1823.25,10.5
2025-11-08 17:00:00,0.024367542166264897,3.5343218415321824,3.5202874533289847,28.67777777777778,50.32222222222222,17.366666666666667,984.5777777777779,20.88888888888889,0.8333333333333334,33.87777777777777,44.111111111111114,53.955555555555556,2.5,0.0,0.0,1823.25,12.0
2025-11-09 06:00:00,0.10111260249362439,4.447570173088204,3.1027527968105337,20.75,83.62,17.91,986.6600000000001,26.7,0.5900000000000001,52.89,58.65,79.32000000000001,1.8,0.0,0.0,1823.25,122.5
2025-11-09 07:00:00,0.005357056111705949,59.95276001931935,63.6239059408078,22.675,75.4875,18.1375,987.375,182.0,0.5125,54.225,60.1875,81.3625,1.8,0.0,0.0,1823.25,104.5
2025-11-09 08:00:00,0.024831879556351175,87.94438738563123,86.54733464173556,25.441666666666666,65.75,18.575,987.9333333333334,379.75,0.725,45.175000000000004,55.5,71.94166666666666,2.7,0.0,0.0,1823.25,166.0
2025-11-09 09:00:00,0.024616168503647017,85.26461215989151,83.9059066168978,28.275000000000002,54.949999999999996,18.366666666666667,988.0916666666667,559.1666666666666,0.75,38.699999999999996,50.925000000000004,61.425000000000004,2.0,0.0,0.0,1823.25,141.0
2025-11-09 10:00:00,0.024508695432754492,82.67387699857228,81.28925938750989,29.858333333333334,49.86666666666667,18.283333333333335,987.4583333333334,693.0,0.7333333333333334,39.625,52.40833333333333,61.90833333333333,2.1,0.0,0.0,1823.25,172.0
2025-11-09 11:00:00,0.027119455605049286,83.06824929239998,81.3390096223042,30.316666666666666,47.73333333333333,18.025000000000002,986.4333333333334,776.5,1.3333333333333333,42.958333333333336,57.35833333333333,67.55,4.5,0.0,0.0,1823.25,347.5
2025-11-09 12:00:00,0.025904086776011373,83.99644919586625,82.42891240126743,30.59166666666667,44.25833333333333,17.083333333333332,985.275,737.25,1.4416666666666667,43.23333333333333,57.1,69.45833333333333,4.6,0.0,0.0,1823.25,327.0
2025-11-09 13:00:00,0.02424694723614974,83.32810540193547,82.04620866076613,31.066666666666666,42.78333333333333,16.95,984.3583333333332,587.6666666666666,1.2083333333333333,47.01666666666667,62.474999999999994,75.925,4.0,0.0,0.0,1823.25,73.0
2025-11-09 14:00:00,0.019034940359810792,79.35573243921583,78.94209127146064,31.433333333333334,43.041666666666664,17.375,983.4916666666667,495.8333333333333,1.0,44.85,60.03333333333333,71.56666666666666,3.1,0.0,0.0,1823.25,322.5
2025-11-09 15:00:00,0.013780091860427066,66.92563271583265,67.2867859112891,30.525000000000002,47.833333333333336,18.216666666666665,983.1333333333333,175.16666666666666,0.875,49.10833333333333,64.28333333333333,77.2,2.8,0.0,0.0,1823.25,117.5
2025-11-09 16:00:00,0.007229872274140758,28.847434795386054,29.67545388014949,29.5,52.05833333333334,18.675,983.2833333333333,84.75,0.875,53.61666666666667,69.77499999999999,81.95833333333333,2.6,0.0,0.0,1823.25,92.0
2025-11-09 17:00:00,0.019070355808296,3.947461432515299,3.9606199156210042,28.477777777777778,55.82222222222222,18.833333333333332,983.7222222222222,22.555555555555557,0.6111111111111112,57.32222222222222,80.3111111111111,94.66666666666667,2.2,0.0,0.0,1823.25,100.0
2025-11-10 06:00:00,0.05101018019948464,2.536659388154886,2.352261495138586,21.37777777777778,89.42222222222222,19.61111111111111,986.4111111111112,21.77777777777778,0.2111111111111111,87.30000000000001,96.9,130.9888888888889,1.3,0.0,0.0,1823.25,128.0
2025-11-10 07:00:00,-0.044536840244087335,55.12473131601993,63.37173739776091,23.15833333333333,80.66666666666667,19.675,987.0666666666666,163.75,0.325,84.53333333333333,93.85833333333333,126.84166666666665,2.5,0.0,0.0,1823.25,145.0
2025-11-10 08:00:00,0.02227487611746679,87.22704126336201,86.31044373235919,25.608333333333334,72.575,20.325,987.6083333333332,365.75,0.7666666666666666,81.06666666666666,90.00833333333333,121.64999999999999,2.5,0.0,0.0,1823.25,108.0
2025-11-10 09:00:00,0.02217372774795141,85.4747972230008,84.42477598855153,28.083333333333332,62.800000000000004,20.341666666666665,987.8083333333334,549.1666666666666,0.7583333333333333,70.125,93.0,112.075,1.9,0.0,0.0,1823.25,135.0
2025-11-10 10:00:00,0.02419931120482999,82.61892369193829,81.20185157162103,30.058333333333334,54.699999999999996,19.974999999999998,987.35,677.9166666666666,0.6666666666666666,51.50833333333333,68.46666666666667,83.55,1.9,0.0,0.0,1823.25,106.0
2025-11-10 11:00:00,0.025280117581697344,81.97731862526304,80.39075073479164,30.741666666666664,50.25833333333333,19.216666666666665,986.35,748.6666666666666,1.0083333333333333,37.041666666666664,48.55833333333334,58.291666666666664,3.4,0.0,0.0,1823.25,177.0
2025-11-10 12:00:00,0.025033761890864634,82.06322235318729,80.51009181797609,31.608333333333334,46.824999999999996,18.875,985.2583333333333,733.9166666666666,0.9833333333333334,35.11666666666667,45.949999999999996,54.275,3.4,0.0,0.0,1823.25,315.5
2025-11-10 13:00:00,0.021561154197996268,82.17893357584148,81.2063162950443,31.758333333333336,45.84166666666667,18.675,984.0833333333334,678.25,1.1083333333333334,31.916666666666668,43.14166666666667,51.25833333333333,3.1,0.0,0.0,1823.25,211.0
2025-11-10 14:00:00,0.007734030599477683,76.03765323232102,77.25303721275472,32.11666666666667,45.40833333333333,18.858333333333334,983.2833333333333,534.9166666666666,1.05,31.483333333333334,40.75,48.60833333333333,3.4,0.0,0.0,1823.25,306.0
2025-11-10 15:00:00,0.004944264916822,57.96199557748582,59.14326213102222,30.908333333333335,49.46666666666667,19.133333333333333,983.2166666666667,162.66666666666666,0.8666666666666667,38.25833333333333,50.449999999999996,60.88333333333333,2.8,0.0,0.0,1823.25,125.5
2025-11-10 16:00:00,0.010377918861518775,22.532082752330407,22.898005737689388,30.266666666666666,51.86666666666667,19.3,983.4083333333333,74.75,0.75,44.25,59.11666666666667,71.86666666666666,2.7,0.0,0.0,1823.25,169.0
2025-11-10 17:00:00,0.02459003915046021,3.455780957324942,3.4347180182288897,29.299999999999997,57.08888888888888,19.933333333333334,983.9111111111112,20.333333333333332,0.7444444444444445,51.52222222222222,69.95555555555556,87.43333333333334,2.4,0.0,0.0,1823.25,108.0
2025-11-11 06:00:00,0.04758233964965296,1.937647802714475,1.843500617792844,23.32,87.1,21.06,987.0600000000001,19.3,0.42000000000000004,88.26,97.97,132.41,1.4,0.0,0.0,1823.25,156.5
2025-11-11 07:00:00,0.03442776653117935,23.616850379923847,22.769907312815118,24.0,82.01666666666667,20.766666666666666,987.6,85.16666666666667,0.4749999999999999,91.85833333333333,101.98333333333333,137.82500000000002,1.5,0.0,0.0,1823.25,135.0
2025-11-11 08:00:00,0.02295703140888285,68.46806959519147,67.44791807144033,25.099999999999998,77.425,20.900000000000002,987.9583333333334,167.58333333333334,0.44999999999999996,92.09166666666665,102.24166666666667,138.20000000000002,1.7,0.0,0.0,1823.25,144.5
2025-11-11 09:00:00,0.02169033902804132,83.31868356034813,82.29260803361005,27.099999999999998,70.25,21.2,988.225,361.1666666666667,0.425,86.76666666666667,107.94166666666666,135.60833333333332,1.6,0.0,0.0,1823.25,138.5
2025-11-11 10:00:00,0.024560727896910373,83.56165683263433,82.04073093324554,29.78333333333333,59.43333333333334,21.033333333333335,987.5749999999999,678.4166666666666,0.8916666666666666,66.85000000000001,89.97500000000001,108.10000000000001,3.4,0.0,0.0,1823.25,25.5
2025-11-11 11:00:00,0.02560510862424004,82.71001993706184,81.03815905226351,31.05,51.88333333333333,20.008333333333333,986.5,748.0833333333334,1.0666666666666667,50.09166666666667,66.11666666666666,78.55833333333334,3.4,0.0,0.0,1823.25,42.5
2025-11-11 12:00:00,0.026073301482107448,83.06993896038507,81.31563473960195,31.516666666666666,48.75833333333333,19.45,985.3333333333334,741.9166666666666,1.3083333333333333,42.65833333333333,55.916666666666664,67.66666666666667,3.3,0.0,0.0,1823.25,159.5
2025-11-11 13:00:00,0.0244533910422587,83.10421499148471,81.61607980480638,32.09166666666667,47.99166666666667,19.716666666666665,984.4916666666667,652.3333333333334,1.2416666666666667,41.9,55.05833333333334,65.86666666666666,4.3,0.0,0.0,1823.25,324.0
2025-11-11 14:00:00,0.02124994913434694,79.96139147987232,79.03103937787473,32.15,50.51666666666667,20.608333333333334,983.7583333333333,455.75,1.0416666666666667,49.19166666666666,64.97500000000001,78.675,3.4,0.0,0.0,1823.25,173.5
2025-11-11 15:00:00,0.010793306542972626,63.43082633019909,63.89524573863206,31.083333333333332,52.225,20.150000000000002,983.4666666666667,162.58333333333334,1.075,52.05833333333334,69.13333333333334,82.89166666666667,3.5,0.0,0.0,1823.25,320.5
2025-11-11 16:00:00,0.010784282961892074,24.670369019206685,25.01959812567179,30.208333333333332,57.68333333333334,20.875,983.7333333333332,79.08333333333333,1.1333333333333333,70.24166666666666,94.94166666666666,111.69166666666666,3.8,0.0,0.0,1823.25,100.0
2025-11-11 17:00:00,0.02367053141301422,3.519641202891046,3.4953451331002103,28.93333333333333,66.85555555555555,22.188888888888886,984.2444444444445,21.22222222222222,1.011111111111111,94.80000000000001,130.06666666666666,158.47777777777776,3.2,0.0,0.0,1823.25,96.0
2025-11-12 06:00:00,0.057592960753599834,3.7820159444296224,3.44098743912573,23.14,95.87,22.43,986.7700000000001,25.4,0.0,147.12,163.31,220.74,0.0,0.0,0.0,1823.25,79.0
2025-11-12 07:00:00,0.03847545399248742,57.047597991005325,54.93596829667667,24.666666666666668,87.80833333333334,22.558333333333334,987.2666666666668,143.75,0.3333333333333333,132.79166666666666,147.4333333333333,199.25833333333333,1.4,0.0,0.0,1823.25,166.0
2025-11-12 08:00:00,0.02164540467961526,85.343183319121,84.28270642751592,26.95,77.40833333333333,22.65833333333333,987.9166666666666,323.1666666666667,0.4166666666666667,119.76666666666667,133.975,180.25,1.3,0.0,0.0,1823.25,49.0
2025-11-12 09:00:00,0.02344875014843162,83.86078669205767,82.50269075545815,27.916666666666668,72.28333333333333,22.483333333333334,988.225,368.5833333333333,0.9249999999999999,104.14166666666667,138.125,166.63333333333333,3.4,0.0,0.0,1823.25,308.5
2025-11-12 10:00:00,0.023977444591335852,86.77561434598185,85.27081210085773,28.666666666666668,67.36666666666666,22.041666666666668,987.9499999999999,459.8333333333333,1.1416666666666668,96.78333333333335,130.11666666666667,151.775,3.4,0.0,0.0,1823.25,219.0
2025-11-12 11:00:00,0.02421224762361041,85.19541445427508,83.65245613118275,30.650000000000002,59.9,21.983333333333334,987.2333333333332,752.4166666666666,1.1666666666666667,81.95,108.54166666666667,125.85000000000001,3.8,0.0,0.0,1823.25,92.5
2025-11-12 12:00:00,0.024900410826330325,81.91510059529324,80.31792318335118,31.075,56.916666666666664,21.516666666666666,986.1833333333334,540.0,1.3,65.44166666666666,88.18333333333334,102.14166666666667,3.9,0.0,0.0,1823.25,305.5
2025-11-12 13:00:00,0.02651693478733161,71.29041693359744,69.7587212461896,29.616666666666664,62.574999999999996,21.724999999999998,985.4,198.5,1.0916666666666666,71.16666666666667,96.60833333333333,114.575,3.7,0.0,0.0,1823.25,110.0
2025-11-12 14:00:00,0.021215398106343025,81.19164323929657,80.25555428604424,29.916666666666668,62.18333333333334,21.900000000000002,984.9,307.8333333333333,1.1083333333333334,71.78333333333333,96.99166666666667,114.55000000000001,3.3,0.0,0.0,1823.25,245.5
2025-11-12 15:00:00,0.0256585266265352,65.50836048987723,64.49746168579851,30.025000000000002,61.199999999999996,21.775000000000002,984.775,202.08333333333334,1.2,65.30833333333334,86.66666666666667,103.45,3.5,0.0,0.0,1823.25,159.0
2025-11-12 16:00:00,0.032666454729243156,26.5989735277565,25.714636629098425,29.133333333333336,65.40833333333333,22.008333333333336,985.0916666666667,82.0,1.1333333333333333,71.96666666666667,95.16666666666667,111.80833333333334,3.9,0.0,0.0,1823.25,324.5
2025-11-12 17:00:00,0.03869756029965885,2.2464867564490314,2.163396734963107,28.389999999999997,71.14,22.69,985.6200000000001,17.6,0.6,85.02000000000001,101.69,131.01,2.1,0.0,0.0,1823.25,341.0
2025-11-13 06:00:00,0.06805261489224945,3.716512591573909,3.209109165188222,24.066666666666666,95.33333333333333,23.266666666666666,987.9555555555556,25.22222222222222,0.09999999999999999,110.76666666666667,122.95555555555555,166.1888888888889,0.7,0.0,0.0,1823.25,67.0
2025-11-13 07:00:00,-0.012157713588740493,54.25095275304741,58.00665438205738,25.558333333333334,87.79166666666667,23.391666666666666,988.5,147.75,0.0,97.25,107.95833333333333,145.93333333333334,0.0,0.0,0.0,1823.25,37.5
2025-11-13 08:00:00,0.023921310115875335,83.98711022942396,82.7209272662159,27.241666666666664,78.425,23.175,989.1416666666668,294.6666666666667,0.325,74.24166666666666,82.425,111.375,2.0,0.0,0.0,1823.25,61.0
2025-11-13 09:00:00,0.023789042839721292,86.15539762867337,84.87781444750415,28.433333333333334,70.75833333333334,22.59166666666667,989.35,503.6666666666667,1.0333333333333334,63.44166666666666,79.53333333333333,96.23333333333333,3.3,0.0,0.0,1823.25,330.5
2025-11-13 10:00:00,0.02361111138770459,81.49624756919697,80.3263646492804,30.0,63.699999999999996,22.375,988.9666666666667,604.0,1.0083333333333333,67.81666666666666,87.99166666666667,101.875,3.2,0.0,0.0,1823.25,112.0
2025-11-13 11:00:00,0.022811796063668566,83.07669244847365,81.9727449698837,30.041666666666668,63.50833333333333,22.375,988.1666666666666,592.1666666666666,1.1916666666666667,60.94166666666666,81.66666666666667,96.28333333333335,3.5,0.0,0.0,1823.25,54.0
2025-11-13 12:00:00,0.024676358653346827,80.38042704468025,79.00956938170914,31.099999999999998,59.49166666666667,22.28333333333333,986.9333333333334,599.1666666666666,0.9833333333333334,60.975,80.8,94.625,2.9,0.0,0.0,1823.25,118.5
2025-11-13 13:00:00,0.02218124118797338,81.61654201908927,80.67629735361878,31.53333333333333,57.03333333333333,22.0,985.6583333333333,539.1666666666666,0.9416666666666668,59.28333333333333,80.23333333333333,91.24166666666667,3.1,0.0,0.0,1823.25,135.0
2025-11-13 14:00:00,0.02265316120628298,79.2537618810622,78.30463028598409,31.833333333333332,55.275,21.741666666666664,984.6166666666667,419.3333333333333,1.175,54.175000000000004,71.70833333333333,82.50833333333334,4.5,0.0,0.0,1823.25,147.5
2025-11-13 15:00:00,0.022300382697781382,74.18717709207158,73.37207204975648,29.40833333333333,69.09166666666667,23.15833333333333,984.4499999999999,191.75,1.9916666666666665,67.78333333333333,90.05,107.25833333333333,5.8,0.0,0.0,1823.25,166.5
2025-11-13 16:00:00,0.043025440106194635,8.939111697364227,8.848507325349923,26.058333333333334,88.90833333333335,23.991666666666664,985.2083333333334,20.333333333333332,1.425,101.84166666666665,119.93333333333334,156.03333333333333,6.2,30.0,4.5,1827.75,112.0
2025-11-13 17:00:00,0.04378055328170521,0.6406014822649492,0.6130872926927435,25.11,94.03,24.11,985.8399999999999,9.9,0.6699999999999999,104.67999999999999,116.19000000000001,157.05,1.7,3.0,4.5,1827.75,199.5
2025-11-14 06:00:00,0.05955259205696728,3.4151408729186143,3.066308147653855,23.1,91.52222222222223,21.666666666666668,987.5555555555555,25.555555555555557,0.13333333333333333,103.51111111111112,114.94444444444444,155.2888888888889,1.2,0.0,0.0,1827.75,343.0
2025-11-14 07:00:00,0.016256598167424276,51.97091222233009,52.92769349109818,23.8,87.91666666666667,21.7,988.1750000000001,137.5,0.6666666666666666,97.45,108.15833333333335,146.18333333333334,1.9,0.0,0.0,1827.75,338.5
2025-11-14 08:00:00,0.024549177641988853,86.15463366219922,84.71973200471649,25.333333333333332,76.95,21.016666666666666,988.875,300.0,0.9166666666666666,82.24166666666667,91.3,123.38333333333333,2.4,0.0,0.0,1827.75,337.0
2025-11-14 09:00:00,0.026366969009840143,78.12894116025619,76.63100138087565,26.066666666666666,69.95,20.2,989.1999999999999,271.6666666666667,1.4000000000000001,72.27499999999999,93.33333333333333,113.25,3.7,0.0,0.0,1827.75,348.0
2025-11-14 10:00:00,0.025004108906119732,78.71061187649047,77.47712115770237,26.583333333333332,65.78333333333333,19.691666666666666,988.8916666666668,309.1666666666667,1.0083333333333333,72.35833333333333,95.60833333333333,113.55833333333334,3.1,0.0,0.0,1827.75,333.5
2025-11-14 11:00:00,0.023849499226223,84.54148682738939,83.21072947287797,27.275000000000002,61.88333333333333,19.333333333333332,988.2333333333332,368.75,1.2666666666666666,68.54166666666667,92.99166666666667,109.21666666666665,4.0,0.0,0.0,1827.75,336.0
2025-11-14 12:00:00,0.024969141259372333,86.06671111385315,84.5381296329114,28.208333333333332,58.333333333333336,19.258333333333333,987.3249999999999,450.6666666666667,1.125,64.50833333333334,85.55833333333334,100.93333333333334,3.1,0.0,0.0,1827.75,328.5
2025-11-14 13:00:00,0.023702858270998998,84.69406396712434,83.40967963511396,28.791666666666668,57.00833333333333,19.45,986.2333333333332,535.9166666666666,1.1083333333333334,62.14166666666667,83.00833333333334,96.575,3.1,0.0,0.0,1827.75,106.5
2025-11-14 14:00:00,0.0207930055424302,82.68482243443863,81.9317985942918,29.45,54.75833333333333,19.391666666666666,985.3833333333333,475.0833333333333,1.1333333333333333,60.64166666666667,80.74166666666666,93.80833333333334,3.7,0.0,0.0,1827.75,123.0
2025-11-14 15:00:00,0.01864581550303174,74.28450192354208,73.86723056882356,28.708333333333332,57.050000000000004,19.375,984.9833333333332,204.5,1.1166666666666667,66.54166666666667,89.50833333333333,103.81666666666666,3.5,0.0,0.0,1827.75,111.0
2025-11-14 16:00:00,0.012183692455242116,36.10568064241466,36.527623575111356,28.125,58.39166666666667,19.216666666666665,985.125,99.66666666666667,1.1166666666666667,77.29166666666667,104.25,120.40833333333335,4.0,0.0,0.0,1827.75,162.5
2025-11-14 17:00:00,0.025613753344602076,4.03458404811613,4.011935538179647,27.033333333333335,63.57777777777778,19.577777777777776,985.5555555555555,21.77777777777778,1.1,79.01111111111112,105.36666666666666,126.8777777777778,3.0,0.0,0.0,1827.75,101.0
2025-11-15 06:00:00,0.07597533896541456,3.409919165358086,2.8452505126741046,20.1125,91.15,18.650000000000002,988.4125,24.5,0.6,119.0875,132.2,178.65,1.7,0.0,0.0,1827.75,136.5
2025-11-15 07:00:00,-0.023722131698919346,47.04700829391243,51.563251634845095,21.400000000000002,85.76666666666667,18.95,989.1,127.58333333333333,0.5916666666666667,114.61666666666667,127.22500000000001,171.9333333333333,1.5,0.0,0.0,1827.75,142.5
2025-11-15 08:00:00,0.02680976820243286,77.607792856764,76.11753402663764,22.983333333333334,78.45833333333333,19.041666666666668,989.7333333333332,231.08333333333334,0.5666666666666667,103.28333333333335,115.16666666666667,155.24166666666667,1.7,0.0,0.0,1827.75,146.0
2025-11-15 09:00:00,0.022577248441682324,85.29402080419419,84.2363023435165,25.525000000000002,67.59166666666667,19.066666666666666,989.7583333333333,425.0,0.4333333333333333,86.09166666666665,112.85000000000001,135.68333333333334,1.8,0.0,0.0,1827.75,112.5
2025-11-15 10:00:00,0.024760475615107577,84.8206319342424,83.39205775172293,27.474999999999998,61.041666666666664,19.3,989.4166666666666,602.0833333333334,1.3,78.63333333333334,107.35833333333333,123.46666666666665,4.2,0.0,0.0,1827.75,40.5
2025-11-15 11:00:00,0.024661421492771632,86.11511935060518,84.64449178932868,27.766666666666666,60.541666666666664,19.433333333333334,988.8416666666667,498.3333333333333,1.4916666666666665,78.27499999999999,106.36666666666667,124.81666666666666,4.7,0.0,0.0,1827.75,296.5
2025-11-15 12:00:00,0.022689089368845294,84.86224081790171,83.74465382222003,28.383333333333336,58.98333333333333,19.641666666666666,987.9166666666666,437.4166666666667,1.2083333333333333,81.28333333333333,110.25833333333333,127.24166666666667,3.6,0.0,0.0,1827.75,319.5
2025-11-15 13:00:00,0.019896258230290134,84.37896333637,83.72663366667256,29.0,58.425000000000004,20.033333333333335,987.0500000000001,483.9166666666667,1.3499999999999999,76.31666666666666,102.81666666666666,118.10833333333333,4.2,0.0,0.0,1827.75,335.0
2025-11-15 14:00:00,0.017535208210267276,84.42755133966016,84.18567046312978,28.741666666666664,59.61666666666667,20.116666666666667,986.3166666666666,460.75,1.6916666666666667,79.31666666666666,106.80833333333334,124.90833333333335,4.5,0.0,0.0,1827.75,214.0
2025-11-15 15:00:00,0.016628436295115557,77.08109401284914,77.02932516874735,28.3,61.36666666666667,20.183333333333334,986.2666666666668,213.66666666666666,1.3833333333333335,86.48333333333333,118.64166666666667,139.78333333333333,4.2,0.0,0.0,1827.75,193.5
2025-11-15 16:00:00,0.027782361095262015,25.797890889277436,25.328108553756966,27.53333333333333,65.14166666666667,20.433333333333334,986.6750000000001,81.5,1.2,99.3,140.16666666666666,171.6833333333333,3.6,0.0,0.0,1827.75,149.0
2025-11-15 17:00:00,0.03252778785351574,3.9500665246045807,3.8849998703569417,26.919999999999998,67.67,20.46,986.95,22.7,0.95,105.47,140.37,173.1,2.5,0.0,0.0,1827.75,314.0
2025-11-16 06:00:00,0.05269179661837076,0.7744308591701852,0.723427566262002,21.525,93.3375,20.4375,988.9375,11.875,0.0,144.0125,159.85,216.05,0.0,0.0,0.0,1827.75,63.0
2025-11-16 07:00:00,0.04717539633242787,29.742752697793776,28.155392715077195,22.474999999999998,88.15833333333335,20.441666666666666,989.5500000000001,94.16666666666667,0.075,146.0,162.05833333333334,219.03333333333333,0.7,0.0,0.0,1827.75,132.5
2025-11-16 08:00:00,0.021860557900761576,81.35975489408683,80.5438538121583,24.65833333333333,77.27499999999999,20.433333333333334,990.2416666666667,254.91666666666666,0.30833333333333335,129.21666666666667,143.45833333333334,193.86666666666667,1.4,0.0,0.0,1827.75,111.5
2025-11-16 09:00:00,0.020811854351053465,86.59077698405162,85.87923767098253,26.349999999999998,71.175,20.741666666666667,990.1833333333334,477.4166666666667,1.0916666666666666,103.54166666666667,130.6,161.0,4.1,0.0,0.0,1827.75,30.5
2025-11-16 10:00:00,0.03180256469783926,74.25502435294058,72.1610329900065,26.983333333333334,68.10833333333333,20.633333333333333,989.9333333333334,298.25,1.4166666666666667,90.80833333333334,122.41666666666667,143.1,4.0,0.0,0.0,1827.75,348.0
2025-11-16 11:00:00,0.03490608049608189,66.14537494399133,64.68872168595797,26.849999999999998,67.31666666666666,20.266666666666666,989.2916666666666,197.83333333333334,1.2833333333333334,96.99166666666667,127.78333333333335,154.26666666666668,3.9,0.0,0.0,1827.75,341.0
2025-11-16 12:00:00,0.024892743787638283,81.64417201569243,80.31432679073579,27.349999999999998,64.21666666666667,20.008333333333333,988.2583333333333,267.5833333333333,1.4416666666666667,87.70833333333333,117.58333333333333,136.04166666666666,4.3,0.0,0.0,1827.75,183.5
2025-11-16 13:00:00,0.02495963347592305,82.37293424499241,81.0397813751494,27.675,62.833333333333336,19.98333333333333,987.2166666666667,301.3333333333333,1.6833333333333333,79.52499999999999,108.25833333333333,129.0,5.0,0.0,0.0,1827.75,344.0
2025-11-16 14:00:00,0.02305593196275076,82.7130428945962,81.6929626774466,28.383333333333336,60.85,20.125,986.4083333333333,318.0,1.5083333333333335,74.81666666666666,101.60000000000001,118.13333333333333,4.1,0.0,0.0,1827.75,331.0
2025-11-16 15:00:00,0.0234155991957557,60.24656789970616,59.55951753388686,27.833333333333332,61.78333333333333,19.866666666666667,986.1416666666668,161.25,1.5916666666666668,74.625,100.75,117.60833333333333,4.4,0.0,0.0,1827.75,175.5
2025-11-16 16:00:00,0.02525743282382951,24.546831467374222,24.23146343653301,27.075,64.26666666666667,19.8,986.5166666666668,86.91666666666667,1.7166666666666668,80.61666666666666,103.625,125.7,4.8,0.0,0.0,1827.75,170.0
2025-11-16 17:00:00,0.02990127039461631,5.3705666435498225,5.325755690145643,26.372727272727275,63.26363636363636,18.863636363636363,987.2272727272727,26.0,1.4181818181818182,76.63636363636364,100.66363636363636,120.05454545454545,4.5,0.0,0.0,1827.75,346.0
2025-11-17 06:00:00,0.04868873076933852,0.5334137903147487,0.5149142977878232,21.7125,87.1,19.475,988.5749999999999,9.75,0.0,110.5375,122.7125,165.8625,0.0,0.0,0.0,1827.75,87.5
2025-11-17 07:00:00,0.032443338886714086,7.465596587549325,7.228546526874432,22.183333333333334,85.01666666666667,19.566666666666666,989.3333333333334,44.0,0.16666666666666666,126.10833333333333,139.975,189.20833333333334,1.2,0.0,0.0,1827.75,160.5
2025-11-17 08:00:00,0.03456325174918476,28.578621069436597,27.755480744132907,23.166666666666668,80.38333333333334,19.616666666666667,989.9499999999999,91.25,0.0,132.35833333333332,146.92499999999998,198.54166666666666,0.0,0.0,0.0,1827.75,149.0
2025-11-17 09:00:00,0.02835480993937403,66.51306370707593,65.13549722066232,24.041666666666668,75.51666666666667,19.458333333333332,989.5749999999999,156.25,0.17500000000000002,116.35000000000001,129.16666666666666,174.5583333333333,1.5,0.0,0.0,1827.75,184.5
2025-11-17 10:00:00,0.02405540162332417,84.29437054677418,83.14870558343885,25.183333333333334,69.84166666666667,19.291666666666668,988.9916666666667,267.1666666666667,1.1416666666666666,80.28333333333333,99.61666666666667,124.65833333333335,3.1,0.0,0.0,1827.75,343.5
2025-11-17 11:00:00,0.02218903445684302,85.6160440501274,84.73584972787712,25.916666666666668,66.95,19.325,988.2083333333334,295.1666666666667,2.1750000000000003,70.68333333333334,92.76666666666667,112.61666666666667,7.0,0.0,0.0,1827.75,352.0
2025-11-17 12:00:00,0.02221419148169568,87.4364365817105,86.5351672579052,26.2,64.63333333333334,19.025000000000002,987.275,365.5,2.3666666666666667,64.78333333333333,84.825,102.45,6.8,0.0,0.0,1827.75,178.5
2025-11-17 13:00:00,0.02173501522732949,86.6763078195133,85.84313128650736,26.625,63.53333333333333,19.150000000000002,986.5916666666667,329.9166666666667,1.8833333333333335,62.01666666666667,83.0,102.375,5.1,0.0,0.0,1827.75,7.0
2025-11-17 14:00:00,0.025825217087295172,55.698336105649524,55.01539377142879,26.741666666666664,64.74166666666666,19.566666666666666,986.1333333333333,169.66666666666666,1.5166666666666666,66.50833333333334,88.84166666666668,108.44166666666666,4.9,0.0,0.0,1827.75,175.5
2025-11-17 15:00:00,0.031688752943130324,28.681184305877938,27.977355822144926,26.116666666666664,67.55,19.675,985.9333333333334,80.75,1.4083333333333332,75.03333333333333,93.51666666666667,117.0,5.0,0.0,0.0,1827.75,349.0
2025-11-17 16:00:00,0.03486678794769344,1.968917837663156,1.8972710070452943,25.491666666666664,68.95833333333333,19.416666666666668,986.1333333333333,20.25,1.5999999999999999,80.95833333333333,91.86666666666667,122.10000000000001,4.2,0.0,0.0,1827.75,349.5
2025-11-17 17:00:00,0.04478691546279671,0.8923621495123361,0.8602916742803388,25.422222222222224,68.15555555555555,19.133333333333336,986.5222222222224,10.11111111111111,1.2999999999999998,82.22222222222223,91.27777777777777,123.33333333333333,3.7,0.0,0.0,1827.75,343.0
2025-11-18 06:00:00,0.061991637944277596,0.11208197918197967,0.1054015235203795,20.977777777777778,95.58888888888889,20.233333333333334,987.6999999999999,3.4444444444444446,0.0,100.6888888888889,111.75555555555555,151.06666666666666,0.0,0.0,1.25,1829.0,122.0
2025-11-18 07:00:00,0.040438900770184576,3.315086929206526,3.183031988048701,21.133333333333333,96.05,20.5,988.475,24.0,0.09999999999999999,108.59166666666665,120.55,162.89166666666668,1.3,12.0,4.5,1832.25,131.0
2025-11-18 08:00:00,0.034031791710238894,22.5437639132363,21.7670024462638,21.233333333333334,96.98333333333333,20.766666666666666,989.0166666666668,79.91666666666667,0.375,112.74166666666667,125.14999999999999,169.14166666666668,1.8,21.0,9.75,1837.5,128.5
2025-11-18 09:00:00,0.021770912890384183,84.4956834455261,83.73801742563761,22.866666666666664,92.29166666666667,21.575,988.7833333333333,320.8333333333333,0.5416666666666666,101.45,112.60833333333333,152.19166666666666,1.3,3.0,9.75,1837.5,138.5
2025-11-18 10:00:00,0.023619040271917174,85.71172162870594,84.58711549189572,25.833333333333332,77.68333333333334,21.666666666666668,987.8249999999999,585.6666666666666,0.975,69.45833333333333,83.01666666666667,105.88333333333333,3.2,0.0,9.75,1837.5,31.5
2025-11-18 11:00:00,0.025396480493893665,79.66436045469123,78.24201342850633,26.983333333333334,73.875,21.933333333333334,986.7083333333334,447.5,1.3499999999999999,40.06666666666667,53.35,61.975,4.3,0.0,9.75,1837.5,350.0
2025-11-18 12:00:00,0.027146833517685553,66.12761797271138,65.04398797859712,26.233333333333334,77.80833333333334,22.083333333333332,985.6999999999999,252.08333333333334,1.5583333333333333,37.675000000000004,45.06666666666666,56.25,4.2,0.0,9.75,1837.5,7.0
2025-11-18 13:00:00,0.023016930189936474,87.44937337590464,86.42085932197267,27.008333333333336,75.21666666666667,22.25,984.6833333333334,410.25,1.625,21.71666666666667,24.508333333333336,32.541666666666664,4.6,0.0,9.75,1837.5,323.5
2025-11-18 14:00:00,0.03332516743722638,46.158421042349424,44.999809739021025,27.166666666666668,73.375,22.016666666666666,983.9,142.5,1.1666666666666667,17.625,22.575,27.941666666666666,3.3,0.0,9.75,1837.5,344.0
2025-11-18 15:00:00,0.02869015698028229,51.00471087563034,50.118404071280544,27.275000000000002,71.3,21.65833333333333,983.6750000000001,130.5,1.4416666666666667,19.175,22.675,29.058333333333334,4.6,0.0,9.75,1837.5,341.0
2025-11-18 16:00:00,0.0351569647485565,4.323391786892954,4.163252913672707,25.516666666666666,81.51666666666667,22.083333333333332,984.2833333333333,26.416666666666668,1.4749999999999999,35.00833333333333,38.88333333333333,52.51666666666667,4.4,0.0,9.75,1837.5,317.0
2025-11-18 17:00:00,0.03643654448659075,2.1773035278040163,2.0994882500732306,23.8125,94.85,22.9875,984.75,17.75,0.3375,46.775,51.9125,70.175,2.2,0.0,9.75,1837.5,148.0
2025-11-19 06:00:00,0.07590331712456844,3.3577866801205847,2.7668129934423544,21.944444444444443,97.06666666666666,21.48888888888889,987.3888888888889,24.666666666666668,0.0,40.611111111111114,45.111111111111114,60.977777777777774,0.0,0.0,0.0,1842.75,72.0
2025-11-19 07:00:00,0.004672287045696326,51.878658565257766,51.63673723104901,23.925,91.3375,22.4375,987.9125,167.75,0.11249999999999999,49.5375,54.9875,74.3375,0.7,0.0,0.0,1842.75,75.0
2025-11-19 08:00:00,0.023625454523626632,85.92884003587913,84.87526257900399,25.991666666666664,79.48333333333333,22.183333333333334,988.3166666666666,359.6666666666667,0.2916666666666667,50.775,56.38333333333333,76.175,2.8,0.0,0.0,1842.75,80.5
2025-11-19 09:00:00,0.024877979029216343,83.31275616895817,82.0395757312549,26.616666666666664,74.86666666666666,21.825,988.3333333333334,422.0,1.125,44.083333333333336,51.00833333333333,66.575,3.5,0.0,0.0,1842.75,36.5
2025-11-19 10:00:00,0.02555689860671907,84.97757132870834,83.520145715595,27.675,67.075,21.025000000000002,987.8583333333332,589.0,1.4083333333333332,37.03333333333333,48.56666666666666,56.13333333333333,4.1,0.0,0.0,1842.75,346.0
2025-11-19 11:00:00,0.02592468295019749,85.14832082407668,83.62059829173718,28.866666666666664,61.48333333333333,20.75,986.975,620.6666666666666,1.2416666666666667,32.09166666666666,42.11666666666667,49.50833333333333,3.6,0.0,0.0,1842.75,281.0
2025-11-19 12:00:00,0.026213691095609528,82.83352211743401,81.29567947563912,29.575,58.699999999999996,20.666666666666668,985.85,572.6666666666666,1.25,30.958333333333332,40.35,48.975,3.6,0.0,0.0,1842.75,110.5
2025-11-19 13:00:00,0.02282563485345045,80.05095708842586,79.10708910873707,29.691666666666666,57.925000000000004,20.533333333333335,984.9499999999999,465.0,1.0333333333333334,30.341666666666665,40.03333333333333,46.65,3.4,0.0,0.0,1842.75,168.5
2025-11-19 14:00:00,0.022850347996709427,76.92503005877214,76.0263811877045,28.641666666666666,61.35833333333333,20.508333333333333,984.3249999999999,231.16666666666666,1.1333333333333333,33.766666666666666,44.4,51.958333333333336,3.4,0.0,0.0,1842.75,107.5
2025-11-19 15:00:00,0.01872163932327876,46.65785365904957,46.517555442074695,28.291666666666668,65.075,21.125,984.2000000000002,125.83333333333333,0.9833333333333334,39.425000000000004,52.73333333333333,63.85833333333333,3.4,0.0,0.0,1842.75,122.5
2025-11-19 16:00:00,0.015186986034353108,46.89504829568656,47.11490414898682,27.766666666666666,68.56666666666666,21.474999999999998,984.4499999999999,119.66666666666667,1.1666666666666667,49.38333333333333,65.91666666666667,81.02499999999999,4.9,0.0,0.0,1842.75,82.0
2025-11-19 17:00:00,0.02877230529596365,4.7401040397083785,4.656837177110103,26.610000000000003,72.38000000000001,21.259999999999998,984.9,27.9,1.19,53.48,62.29,80.53999999999999,3.8,0.0,0.0,1842.75,100.0
2025-11-20 06:00:00,0.07599402902448103,3.7827203810286227,3.08909151576375,21.055555555555557,91.5,19.644444444444446,987.6222222222223,26.11111111111111,0.0,74.63333333333334,82.82222222222222,111.97777777777777,0.0,0.0,0.0,1842.75,36.0
2025-11-20 07:00:00,0.0039759324126255775,50.74165704628566,50.368066820361136,23.7875,77.775,19.6625,987.9375,178.5,0.0,72.2375,80.1625,108.35,0.0,0.0,0.0,1842.75,82.5
2025-11-20 08:00:00,0.023456542618541004,86.74953883552519,85.66741846103929,26.125,69.08333333333333,20.016666666666666,988.4250000000001,364.1666666666667,0.43333333333333335,61.30833333333334,71.76666666666667,94.39166666666667,1.9,0.0,0.0,1842.75,62.5
2025-11-20 09:00:00,0.025572700343187732,86.60185845188049,85.13209789564465,27.266666666666666,61.80833333333334,19.316666666666666,988.8416666666667,535.0,1.2,51.14166666666667,67.29166666666667,78.29166666666667,3.5,0.0,0.0,1842.75,189.5
2025-11-20 10:00:00,0.02559411487313677,87.78231795652802,86.29560481166341,27.65833333333333,61.025,19.483333333333334,988.4250000000001,619.9166666666666,1.8166666666666664,51.025,68.10000000000001,77.56666666666666,5.3,0.0,0.0,1842.75,338.5
2025-11-20 11:00:00,0.026479156689102907,86.46058634975809,84.82769950989376,28.78333333333333,55.949999999999996,19.141666666666666,987.2666666666668,725.6666666666666,1.6333333333333335,46.13333333333333,59.61666666666667,70.75833333333334,4.4,0.0,0.0,1842.75,15.5
2025-11-20 12:00:00,0.02408894385055461,85.33349329853128,84.13087936081246,29.5,51.81666666666666,18.558333333333334,986.0666666666666,664.0,1.6083333333333334,39.90833333333334,52.26666666666667,61.25,4.2,0.0,0.0,1842.75,184.5
2025-11-20 13:00:00,0.026391475113642565,84.372455533122,82.78245931463987,30.916666666666668,46.949999999999996,18.283333333333335,985.15,701.0,1.3083333333333333,34.275,44.333333333333336,54.35833333333333,4.4,0.0,0.0,1842.75,230.5
2025-11-20 14:00:00,0.016959250486915267,79.92206189745646,79.91905138192588,31.016666666666666,47.449999999999996,18.558333333333334,984.6833333333334,515.6666666666666,1.3166666666666667,28.666666666666668,38.31666666666667,46.23333333333333,4.6,0.0,0.0,1842.75,94.0
2025-11-20 15:00:00,0.011436446295542491,53.09045382857395,53.64944374914486,29.55,55.025,19.599999999999998,984.5749999999999,149.91666666666666,1.125,38.141666666666666,49.93333333333334,59.25833333333333,3.9,0.0,0.0,1842.75,108.5
2025-11-20 16:00:00,0.017817289372389425,38.67247088282259,38.619795797139666,29.15833333333333,61.65,21.016666666666666,984.9083333333333,103.33333333333333,0.9666666666666667,43.49166666666667,58.51666666666667,68.10000000000001,3.4,0.0,0.0,1842.75,114.5
2025-11-20 17:00:00,0.02939441764793785,1.6513390859497754,1.61425634461354,27.26,69.42,21.18,985.5899999999999,14.8,1.05,51.06,61.720000000000006,78.76,3.1,0.0,0.0,1842.75,345.0
2025-11-21 06:00:00,0.05725694780991361,1.2109672962147409,1.1429679180274956,23.177777777777777,87.55555555555556,21.033333333333335,988.3666666666666,15.11111111111111,0.0,80.88888888888889,89.78888888888889,121.33333333333333,0.9,0.0,0.0,1842.75,91.0
2025-11-21 07:00:00,0.03975454236477474,23.073282137704336,22.00287762539702,23.925,83.23333333333333,20.95,988.7916666666666,79.08333333333333,0.15,83.54166666666667,92.73333333333333,125.31666666666666,0.7,0.0,0.0,1842.75,108.0
2025-11-21 08:00:00,0.027407746195596893,73.93937479929484,72.5006163020057,25.791666666666668,76.20833333333333,21.266666666666666,989.1833333333334,221.58333333333334,0.075,78.15833333333333,88.29166666666667,117.86666666666667,0.9,0.0,0.0,1842.75,109.0
2025-11-21 09:00:00,0.026329187820672183,75.04410610385989,73.70415579461691,26.96666666666667,73.64166666666667,21.883333333333336,989.4583333333334,212.41666666666666,0.35000000000000003,53.1,66.39166666666667,81.38333333333334,2.7,0.0,0.0,1842.75,93.5
2025-11-21 10:00:00,0.026278757247889573,86.70936302456357,85.14149564043946,28.166666666666668,72.04166666666667,22.674999999999997,989.5083333333333,496.5,1.0583333333333333,20.416666666666668,25.566666666666666,31.758333333333336,3.2,0.0,0.0,1842.75,339.5
2025-11-21 11:00:00,0.027035752721409016,76.79118542937155,75.31726814662058,28.625,71.675,22.991666666666664,988.5916666666667,368.8333333333333,0.8916666666666666,14.325000000000001,18.858333333333334,23.141666666666666,3.1,0.0,0.0,1842.75,28.5
2025-11-21 12:00:00,0.026880430487880875,74.73154850074768,73.47160773092679,30.166666666666668,65.65833333333333,23.008333333333336,987.0583333333334,523.1666666666666,0.7166666666666667,10.35,13.183333333333332,15.450000000000001,2.2,0.0,0.0,1842.75,176.0
2025-11-21 13:00:00,0.028972942483623063,46.16772710757525,45.11472918414989,25.508333333333336,88.49166666666667,23.325,986.5666666666666,108.58333333333333,0.9166666666666666,5.658333333333334,7.133333333333333,10.108333333333334,7.3,81.0,8.0,1850.75,188.5
2025-11-21 14:00:00,0.028548635143563834,63.204881184374536,61.92935309768175,25.71666666666667,91.36666666666667,24.21666666666667,986.0833333333334,144.16666666666666,0.4166666666666667,6.733333333333333,7.516666666666667,10.133333333333333,3.1,0.0,8.0,1850.75,12.5
2025-11-21 15:00:00,0.027086511404369074,61.508374013620745,60.65390569214214,25.683333333333334,89.26666666666667,23.8,985.8083333333333,162.83333333333334,0.9583333333333334,5.491666666666667,6.083333333333333,8.233333333333333,3.3,12.0,9.0,1851.75,340.5
2025-11-21 16:00:00,0.02559471619769151,24.648861063491285,24.43422310438562,25.53333333333333,89.21666666666665,23.650000000000002,986.1833333333334,84.25,1.0083333333333333,5.3500000000000005,5.908333333333334,8.025,2.9,0.0,9.0,1851.75,192.5
2025-11-21 17:00:00,0.0290329025601745,4.9016802252820115,4.772802316115591,25.30909090909091,90.7,23.690909090909088,986.7909090909092,29.363636363636363,0.890909090909091,4.809090909090909,5.363636363636363,7.2727272727272725,2.4,0.0,9.0,1851.75,347.0
2025-11-22 06:00:00,0.05272626013072765,0.6701820615467707,0.639735410365434,23.311111111111114,97.2,22.9,988.0444444444444,11.333333333333334,0.1,10.422222222222222,11.577777777777778,15.688888888888888,0.7,0.0,1.0,1853.0,145.0
2025-11-22 07:00:00,0.020737483516423173,22.827026612846655,23.34277453498053,23.875,97.3,23.441666666666666,988.6583333333333,75.83333333333333,0.15833333333333333,14.0,15.541666666666666,21.033333333333335,1.5,6.0,1.75,1853.75,186.0
2025-11-22 08:00:00,0.031056660385176543,76.92362815233255,74.934541793209,25.141666666666666,93.89166666666667,24.09166666666667,989.1333333333333,183.16666666666666,0.2333333333333333,16.650000000000002,18.491666666666667,24.991666666666664,1.5,0.0,1.75,1853.75,331.0
2025-11-22 09:00:00,0.02634147174969671,80.44555931997749,78.9845552082137,26.308333333333334,86.61666666666667,23.925,989.3000000000001,293.0833333333333,0.9083333333333333,11.216666666666667,12.450000000000001,16.849999999999998,3.2,0.0,1.75,1853.75,14.0
2025-11-22 10:00:00,0.025531952871335407,82.74994475721904,81.32172261326714,27.325000000000003,79.54166666666667,23.483333333333334,988.9583333333334,314.6666666666667,1.2916666666666667,6.308333333333334,7.008333333333333,9.450000000000001,4.2,0.0,1.75,1853.75,228.5
2025-11-22 11:00:00,0.02275716693679294,86.79557252305274,85.78162148228766,26.308333333333334,82.76666666666667,23.141666666666666,988.2916666666666,429.75,1.4000000000000001,4.008333333333334,4.5,6.108333333333333,5.6,9.0,3.0,1855.0,337.5
2025-11-22 12:00:00,0.024967706861123744,84.88595920242487,83.4512668705871,28.708333333333332,72.35000000000001,23.233333333333334,987.0749999999999,646.5,1.375,3.3166666666666664,4.3,6.341666666666666,4.2,0.0,3.0,1855.0,198.0
2025-11-22 13:00:00,0.02737790647265942,69.07652951991305,67.98062828776405,26.358333333333334,80.19166666666666,22.641666666666666,986.2833333333333,288.8333333333333,1.4916666666666665,2.975,3.408333333333333,4.883333333333334,5.3,0.0,3.0,1855.0,286.0
2025-11-22 14:00:00,0.0183439859650996,77.64388342780408,77.38222240889313,27.666666666666668,74.425,22.724999999999998,985.4,292.3333333333333,0.8833333333333333,3.141666666666667,4.233333333333333,6.383333333333333,3.1,0.0,3.0,1855.0,152.5
2025-11-22 15:00:00,0.018381574415839468,58.807876445179204,58.46496625454344,27.691666666666666,76.90833333333333,23.3,985.1083333333332,152.91666666666666,1.0999999999999999,3.7916666666666665,4.466666666666667,6.316666666666666,3.7,0.0,3.0,1855.0,344.0
2025-11-22 16:00:00,0.027069551982583675,27.09096251989992,26.774361270615714,27.775000000000002,74.77499999999999,22.925,985.3083333333334,81.75,1.425,4.833333333333333,5.366666666666667,7.291666666666667,4.2,0.0,3.0,1855.0,329.0
2025-11-22 17:00:00,0.03609106342326441,3.787312468879296,3.6910013582383474,26.955555555555556,80.19999999999999,23.255555555555556,985.8666666666666,22.77777777777778,1.0555555555555556,5.277777777777778,5.888888888888889,7.922222222222222,3.3,0.0,3.0,1855.0,99.0
2025-11-23 06:00:00,0.052369314173243774,0.5380250435427969,0.5136826608904586,23.65,97.0,23.1625,988.05,10.0,0.0,9.45,10.4875,14.225,0.0,0.0,0.25,1855.25,128.0
2025-11-23 07:00:00,0.034702238854767926,7.513400449390652,7.216264778934305,23.900000000000002,96.86666666666667,23.391666666666666,988.5583333333334,44.5,0.0,10.408333333333333,11.558333333333335,15.633333333333333,0.0,0.0,0.25,1855.25,112.0
2025-11-23 08:00:00,0.03364468455437739,29.174405478307815,28.340537309814152,24.59166666666667,91.39999999999999,23.116666666666664,989.2416666666667,91.66666666666667,0.26666666666666666,8.924999999999999,9.924999999999999,13.433333333333332,2.2,0.0,0.25,1855.25,235.0
2025-11-23 09:00:00,0.02393869566906932,74.41464672635864,73.40341007747655,25.433333333333334,85.97500000000001,22.941666666666666,989.4499999999999,220.58333333333334,0.7166666666666667,6.758333333333333,7.5249999999999995,10.208333333333334,2.7,0.0,0.25,1855.25,344.5
2025-11-23 10:00:00,0.021206227435962233,85.08414498337422,84.10971672814911,26.46666666666667,81.45833333333333,23.041666666666668,989.125,297.75,1.3083333333333333,5.9750000000000005,6.633333333333333,8.991666666666667,3.3,0.0,0.25,1855.25,348.5
2025-11-23 11:00:00,0.024195261095941657,82.44327039837707,81.36866782161015,27.075,79.38333333333334,23.241666666666664,988.3166666666666,252.08333333333334,1.1,5.7,6.341666666666666,8.608333333333333,3.2,0.0,0.25,1855.25,341.0
2025-11-23 12:00:00,0.024199017533078408,78.017533479981,76.96501432740523,27.55,76.375,23.041666666666668,987.1333333333333,220.75,1.075,5.75,6.691666666666666,8.924999999999999,2.9,0.0,0.25,1855.25,340.5
2025-11-23 13:00:00,0.023419406943164373,82.5036459841112,81.43792135610822,28.125,73.79166666666667,23.041666666666668,986.0833333333334,272.75,0.9583333333333334,6.266666666666667,7.25,9.316666666666666,2.8,0.0,0.25,1855.25,299.0
2025-11-23 14:00:00,0.017381334368998382,81.55265141280844,81.46830534010213,28.825,71.02499999999999,23.075,985.0500000000001,416.8333333333333,1.6333333333333335,5.033333333333333,6.916666666666667,10.041666666666666,4.7,0.0,0.25,1855.25,197.0
2025-11-23 15:00:00,0.021927047283675127,63.407966206767014,62.76714217884734,28.308333333333334,72.95,23.016666666666666,984.8083333333333,159.08333333333334,1.6083333333333334,7.058333333333334,8.65,12.174999999999999,5.2,0.0,0.25,1855.25,88.0
2025-11-23 16:00:00,0.0291299783007581,15.624659068210748,15.28882044680637,27.566666666666666,76.31666666666666,23.05,985.3249999999999,66.33333333333333,1.1416666666666668,7.591666666666666,8.450000000000001,11.458333333333334,3.8,0.0,0.25,1855.25,69.0
2025-11-23 17:00:00,0.037283978613208923,1.8304123163737083,1.794819433365849,26.51111111111111,82.77777777777777,23.355555555555554,985.7444444444445,14.222222222222221,1.0777777777777777,9.644444444444444,10.744444444444445,14.47777777777778,3.2,0.0,0.25,1855.25,149.0
2025-11-24 06:00:00,0.05066682881622989,0.5125962832847034,0.4893484797145473,23.457142857142856,96.17142857142858,22.857142857142858,988.5285714285714,10.0,0.0,22.657142857142855,25.142857142857142,33.98571428571429,0.0,0.0,0.0,1855.25,43.0
2025-11-24 07:00:00,0.03464511400034764,12.513488053977483,12.036076251255333,23.958333333333332,94.13333333333333,23.0,989.0666666666666,58.166666666666664,0.0,23.400000000000002,25.991666666666664,35.141666666666666,0.0,0.0,0.0,1855.25,105.0
2025-11-24 08:00:00,0.030128192143990155,60.77895565163286,59.41487188916208,25.21666666666667,86.41666666666667,22.808333333333334,989.8249999999999,145.25,0.075,27.308333333333334,30.325,41.00833333333333,0.7,0.0,0.0,1855.25,152.5
2025-11-24 09:00:00,0.02579420304137005,78.50396897770189,77.22765219134492,26.34166666666667,80.05833333333334,22.65833333333333,990.0083333333333,211.5,0.44166666666666665,17.733333333333334,19.666666666666668,26.599999999999998,2.1,0.0,0.0,1855.25,337.0
2025-11-24 10:00:00,0.025369485667811633,79.62859766625454,78.36589695654155,26.883333333333336,78.55833333333334,22.891666666666666,989.6333333333333,229.16666666666666,0.8333333333333334,20.8,23.099999999999998,31.25,3.0,0.0,0.0,1855.25,125.0
2025-11-24 11:00:00,0.025381984950029957,81.50414279219255,80.20821812387003,27.441666666666666,75.96666666666667,22.858333333333334,988.9,236.58333333333334,1.0250000000000001,27.96666666666667,32.06666666666667,42.525,3.2,0.0,0.0,1855.25,338.0
2025-11-24 12:00:00,0.02423070005165924,84.51659931473672,83.33541237426553,27.78333333333333,73.02499999999999,22.53333333333333,987.7916666666666,308.0833333333333,1.4083333333333332,31.349999999999998,37.725,48.15833333333333,5.3,0.0,0.0,1855.25,105.5
2025-11-24 13:00:00,0.025511979449336766,87.14473447791994,85.74068463656448,28.46666666666667,69.29166666666667,22.308333333333334,986.6416666666668,411.3333333333333,1.3666666666666665,28.808333333333334,36.891666666666666,45.800000000000004,4.4,0.0,0.0,1855.25,120.5
2025-11-24 14:00:00,0.024100573494525615,83.35012897413768,82.20228746777218,28.316666666666666,69.52499999999999,22.21666666666667,985.8583333333332,285.0,1.2750000000000001,28.474999999999998,37.733333333333334,44.475,4.1,0.0,0.0,1855.25,99.5
2025-11-24 15:00:00,0.027275156236475626,65.25937866968222,64.02504986210515,27.816666666666666,71.79166666666667,22.258333333333336,985.6583333333333,158.5,1.1583333333333334,37.1,47.15,57.425000000000004,4.9,0.0,0.0,1855.25,131.0
2025-11-24 16:00:00,0.03370101046112717,22.37252208539151,21.67368009232474,27.0,76.7,22.599999999999998,985.875,71.16666666666667,1.0166666666666668,52.75,59.324999999999996,79.25833333333334,3.9,0.0,0.0,1855.25,100.0
2025-11-24 17:00:00,0.041051256650031044,1.8596089681015628,1.7897189077508397,26.422222222222224,78.88888888888889,22.5,986.4000000000001,13.88888888888889,1.1222222222222222,62.15555555555555,68.97777777777777,93.22222222222223,3.8,0.0,0.0,1855.25,114.0
2025-11-25 06:00:00,0.05361567714093323,0.5174669900269576,0.49080197141750836,22.577777777777776,97.08888888888889,22.11111111111111,988.3222222222222,8.777777777777779,0.0,95.93333333333334,106.48888888888888,143.95555555555555,0.0,0.0,0.0,1855.25,73.0
2025-11-25 07:00:00,0.04081869438805073,2.4453590631319506,2.3174277704599002,23.099999999999998,95.625,22.375,989.0166666666668,22.666666666666668,0.0,108.23333333333333,120.14999999999999,162.375,0.0,0.0,0.0,1855.25,72.5
2025-11-25 08:00:00,0.035624664926567864,36.67373420680593,35.682270022549936,24.224999999999998,90.16666666666667,22.516666666666666,989.8083333333334,165.5,0.0,117.93333333333334,130.9,176.92499999999998,0.0,0.0,0.0,1855.25,108.5
2025-11-25 09:00:00,0.0255911154129409,85.6056308126772,84.1752235081011,26.616666666666664,74.53333333333333,21.741666666666664,989.9499999999999,389.3333333333333,0.9583333333333334,89.24166666666667,108.65833333333332,136.76666666666668,3.9,0.0,0.0,1855.25,21.5
2025-11-25 10:00:00,0.027174302051813565,88.87092306594089,87.11038610373477,27.516666666666666,67.3,20.908333333333335,989.275,568.25,1.5916666666666668,80.76666666666667,106.33333333333333,127.38333333333333,5.1,0.0,0.0,1855.25,338.5
2025-11-25 11:00:00,0.029035084157500002,87.41887696158618,85.36716429279947,28.866666666666664,57.35833333333333,19.608333333333334,988.3166666666666,686.25,1.9833333333333334,61.5,82.13333333333334,95.22500000000001,7.1,0.0,0.0,1855.25,43.0
2025-11-25 12:00:00,0.027240604628487528,83.55681105140316,81.87002174456649,29.483333333333334,56.39166666666667,19.908333333333335,987.3583333333332,553.0,1.4416666666666667,59.85,80.08333333333333,92.22500000000001,4.1,0.0,0.0,1855.25,331.0
2025-11-25 13:00:00,0.026293094812700393,83.06497980734038,81.55821714096491,29.433333333333334,56.25833333333333,19.825,986.3833333333333,449.4166666666667,1.675,57.31666666666666,75.69166666666666,88.52499999999999,4.9,0.0,0.0,1855.25,344.0
2025-11-25 14:00:00,0.021964232988668658,79.72962417215025,78.98593524179218,29.066666666666666,58.10833333333333,20.016666666666666,985.5166666666668,387.75,1.4916666666666665,60.708333333333336,82.13333333333334,93.74166666666667,4.0,0.0,0.0,1855.25,334.0
2025-11-25 15:00:00,0.01918629697920525,67.4200187463384,67.0810624473528,28.775000000000002,58.041666666666664,19.733333333333334,985.1833333333334,185.91666666666666,1.3916666666666666,63.199999999999996,86.46666666666665,99.13333333333333,4.7,0.0,0.0,1855.25,353.0
2025-11-25 16:00:00,0.027802417760422717,24.104420693267965,23.898213456894155,27.875,62.25833333333333,20.025000000000002,985.4,76.5,1.2249999999999999,74.93333333333334,103.7,123.42500000000001,3.8,0.0,0.0,1855.25,337.0
2025-11-25 17:00:00,0.038449549354955134,2.1922674790886263,2.128263379307505,27.03,66.9,20.36,985.82,16.7,1.1199999999999999,93.43,115.22,146.88,3.2,0.0,0.0,1855.25,339.0
2025-11-26 06:00:00,0.05169245268009286,1.272350272746878,1.1805459401173253,21.52857142857143,95.85714285714286,20.87142857142857,988.3285714285714,13.714285714285714,0.0,148.25714285714284,164.54285714285714,222.41428571428574,0.0,0.0,0.0,1855.25,32.0
2025-11-26 07:00:00,0.03920320280629195,32.958599552764106,31.5271857423606,22.325,90.175,20.650000000000002,989.1166666666667,93.25,0.0,140.56666666666666,156.05833333333334,210.88333333333333,0.0,0.0,0.0,1855.25,236.0
2025-11-26 08:00:00,0.028298763962866767,81.65425875185558,79.84283795569525,23.59166666666667,83.44166666666666,20.666666666666668,989.5749999999999,260.1666666666667,0.9666666666666667,123.96666666666665,137.61666666666667,186.00833333333333,3.2,0.0,0.0,1855.25,173.5
2025-11-26 09:00:00,0.025701067363276767,89.46539476237672,87.98990324642942,25.541666666666668,72.68333333333334,20.266666666666666,989.6750000000001,527.4166666666666,1.7333333333333334,98.875,112.21666666666665,149.78333333333333,4.6,0.0,0.0,1855.25,13.5
2025-11-26 10:00:00,0.027318971673040187,89.58079247545648,87.7953425153264,26.958333333333332,63.06666666666666,19.349999999999998,989.2916666666666,642.4166666666666,2.066666666666667,66.52499999999999,90.08333333333333,107.77499999999999,5.8,0.0,0.0,1855.25,23.5
2025-11-26 11:00:00,0.027177272408104598,87.24317993445537,85.49941869963051,27.650000000000002,58.583333333333336,18.833333333333332,988.5416666666666,585.3333333333334,1.9666666666666668,54.36666666666667,72.875,86.675,5.1,0.0,0.0,1855.25,343.0
2025-11-26 12:00:00,0.023974926531060467,84.44128409985176,83.00610152599164,29.133333333333336,54.199999999999996,18.941666666666666,987.5,756.5,1.8,45.80833333333334,62.225,74.3,5.2,0.0,0.0,1855.25,23.5
2025-11-26 13:00:00,0.0200466339032289,83.97121387085622,83.17321710085226,29.40833333333333,49.44166666666666,17.733333333333334,986.65,657.5,1.7333333333333334,41.15,56.06666666666666,66.09166666666667,5.3,0.0,0.0,1855.25,334.5
2025-11-26 14:00:00,0.014340415477827967,82.41407210012278,82.52045927439185,28.849999999999998,51.21666666666667,17.816666666666666,986.0916666666667,471.5,1.9333333333333333,42.233333333333334,57.10833333333333,67.675,5.5,0.0,0.0,1855.25,195.5
2025-11-26 15:00:00,0.010125566530840641,65.15688359944396,65.64188500200771,28.3,50.48333333333333,17.066666666666666,986.2333333333332,166.91666666666666,1.75,45.875,62.583333333333336,74.48333333333333,4.7,0.0,0.0,1855.25,351.5
2025-11-26 16:00:00,0.009717124610465625,27.223780595482783,27.564764477849252,27.941666666666666,52.11666666666667,17.233333333333334,986.6999999999999,82.16666666666667,1.1333333333333333,56.94166666666666,79.58333333333333,98.0,3.5,0.0,0.0,1855.25,317.5
2025-11-26 17:00:00,0.02186854911970431,3.5161072727962988,3.5210810295430885,26.944444444444443,60.42222222222222,18.655555555555555,987.0666666666667,21.11111111111111,1.0444444444444445,69.23333333333333,96.23333333333333,118.15555555555557,3.1,0.0,0.0,1855.25,141.0
2025-11-27 06:00:00,0.04929664091490326,0.7526974183884203,0.7131144593856306,21.014285714285712,96.44285714285715,20.428571428571427,988.6857142857143,10.428571428571429,0.0,177.17142857142858,196.65714285714284,265.7857142857143,0.0,0.0,0.0,1855.25,75.0
2025-11-27 07:00:00,0.02254249234754922,19.451714443186585,19.93626062842666,21.53333333333333,95.03333333333335,20.741666666666667,989.1416666666668,70.5,0.0,179.21666666666667,198.96666666666667,268.875,0.0,0.0,0.0,1855.25,173.0
2025-11-27 08:00:00,0.021926306826485067,78.68581681578787,77.8116572995121,23.45,84.36666666666666,20.666666666666668,989.5916666666667,219.16666666666666,0.10833333333333334,154.51666666666668,171.54166666666666,231.79166666666666,2.0,0.0,0.0,1855.25,29.5
2025-11-27 09:00:00,0.01897489606022469,87.082715525714,86.5216348903826,25.791666666666668,69.96666666666667,19.9,989.4416666666666,420.0833333333333,0.9666666666666667,112.69166666666666,138.86666666666667,177.9416666666667,3.0,0.0,0.0,1855.25,341.0
2025-11-27 10:00:00,0.0215658610245872,86.6845671513346,85.62445668679321,26.816666666666666,64.09166666666667,19.491666666666667,988.8166666666666,535.25,1.6083333333333334,92.08333333333333,131.23333333333332,158.80833333333334,5.4,0.0,0.0,1855.25,196.0
2025-11-27 11:00:00,0.020479049309447248,86.43192059803941,85.51531813574807,27.733333333333334,61.06666666666666,19.55,987.8666666666667,561.0833333333334,1.866666666666667,90.2,127.25,156.07500000000002,6.0,0.0,0.0,1855.25,227.0
2025-11-27 12:00:00,0.020324520632467143,85.08645313158318,84.22692095723484,27.691666666666666,58.525,18.791666666666668,987.1583333333333,469.5,2.058333333333333,90.95,127.80833333333334,151.9333333333333,5.9,0.0,0.0,1855.25,347.5
2025-11-27 13:00:00,0.01903346302448176,85.41638932791288,84.76309233494665,28.141666666666666,51.65,17.283333333333335,986.3083333333334,337.0833333333333,1.8416666666666668,77.52499999999999,107.925,130.68333333333334,5.4,0.0,0.0,1855.25,344.0
2025-11-27 14:00:00,0.011841103913484042,76.61495316128811,77.17061977005662,27.53333333333333,56.28333333333333,18.058333333333334,985.9250000000001,262.3333333333333,1.5583333333333333,82.95,116.60000000000001,141.74166666666667,5.9,0.0,0.0,1855.25,323.5
2025-11-27 15:00:00,0.012230321640991292,63.35240254631389,63.78103172543766,27.650000000000002,56.15833333333333,18.133333333333333,985.8666666666667,166.5,1.5833333333333333,78.175,108.80833333333334,128.51666666666668,4.7,0.0,0.0,1855.25,340.0
2025-11-27 16:00:00,0.020393956736719985,23.444869078325425,23.34353371009051,26.833333333333332,61.225,18.775000000000002,986.0416666666666,82.5,1.4333333333333333,87.96666666666665,121.5,147.21666666666667,3.8,0.0,0.0,1855.25,345.5
2025-11-27 17:00:00,0.03197650537218834,2.478910129811166,2.4244061555569405,25.833333333333332,67.1,19.299999999999997,986.3777777777777,17.22222222222222,1.088888888888889,100.51111111111112,120.42222222222222,157.22222222222223,3.5,0.0,0.0,1855.25,347.0
2025-11-28 06:00:00,0.047810786749410285,1.7053684489780514,1.6076466050507747,20.885714285714283,92.57142857142857,19.67142857142857,987.4285714285714,19.285714285714285,0.0,149.47142857142856,165.91428571428574,224.22857142857143,0.0,0.0,0.0,1855.25,85.0
2025-11-28 07:00:00,0.023470921656003077,57.46191846305982,57.221890599556225,22.2,82.25,19.058333333333334,987.5916666666667,148.33333333333334,0.6749999999999999,136.6,151.64166666666668,204.95833333333334,2.0,0.0,0.0,1855.25,33.5
2025-11-28 08:00:00,0.018515979219186556,85.94446341546991,85.33861855344952,24.208333333333332,71.77499999999999,18.825,988.1416666666668,291.3333333333333,0.9249999999999999,112.25833333333333,126.16666666666667,169.25833333333333,3.5,0.0,0.0,1855.25,37.5
2025-11-28 09:00:00,0.019196198909996926,88.70913091845637,87.98170115048607,25.2,67.36666666666666,18.758333333333333,988.2333333333332,414.0,1.8583333333333334,105.93333333333334,141.29999999999998,174.65833333333333,6.0,0.0,0.0,1855.25,13.5
2025-11-28 10:00:00,0.019980753145331574,89.06566097798627,88.21921056764573,25.958333333333332,65.03333333333333,18.900000000000002,987.75,468.6666666666667,2.0166666666666666,103.63333333333333,142.35,172.26666666666665,5.2,0.0,0.0,1855.25,8.0
2025-11-28 11:00:00,0.018060192478673773,88.61218196998578,88.1198075194343,26.650000000000002,59.541666666666664,18.158333333333335,986.6999999999999,497.0833333333333,2.5166666666666666,91.24166666666667,126.64166666666667,152.79999999999998,6.5,0.0,0.0,1855.25,351.0
2025-11-28 12:00:00,0.01919028599939321,87.70637175347228,87.02097899105877,27.05,57.53333333333333,17.983333333333334,985.5666666666666,428.6666666666667,2.5166666666666666,82.74166666666666,114.71666666666665,137.28333333333333,6.9,0.0,0.0,1855.25,7.0
2025-11-28 13:00:00,0.019605521966655416,87.43086335475465,86.69055425009338,27.266666666666666,57.96666666666667,18.3,984.6416666666668,426.75,1.9416666666666667,81.01666666666667,111.29166666666667,133.96666666666667,6.0,0.0,0.0,1855.25,11.0
2025-11-28 14:00:00,0.016364411777900392,87.19506502978528,87.0313093494126,27.316666666666666,54.25833333333333,17.266666666666666,983.9083333333333,426.6666666666667,2.4499999999999997,86.03333333333335,117.425,141.11666666666667,6.2,0.0,0.0,1855.25,349.0
2025-11-28 15:00:00,0.01849279821842905,78.05842139995322,77.50342672066073,27.066666666666666,55.708333333333336,17.5,983.8833333333333,207.16666666666666,2.066666666666667,88.60833333333333,124.89166666666667,149.625,5.3,0.0,0.0,1855.25,350.5
2025-11-28 16:00:00,0.02445393847862293,29.38002889938369,28.760237509713537,26.308333333333334,59.541666666666664,17.841666666666665,984.0833333333334,88.16666666666667,1.8166666666666667,97.90833333333335,136.25,162.75,5.3,0.0,0.0,1855.25,349.5
2025-11-28 17:00:00,0.024284288394222767,2.8602361130900915,2.8505041424978383,25.41111111111111,64.52222222222223,18.233333333333334,984.2777777777778,19.555555555555557,1.5444444444444443,109.22222222222223,144.65555555555557,184.5,4.4,0.0,0.0,1855.25,352.0
2025-11-29 06:00:00,0.056579761629924286,0.20712957221606143,0.19711941207006856,22.566666666666666,70.3,16.916666666666668,985.2333333333332,5.166666666666667,0.35000000000000003,93.11666666666667,103.38333333333333,139.73333333333332,2.1,0.0,0.0,1855.25,35.0
2025-11-29 07:00:00,0.03403377768507961,4.026940856706903,3.901390092302073,22.758333333333336,71.74166666666666,17.441666666666666,985.5500000000001,29.583333333333332,0.85,93.10000000000001,103.34166666666665,139.70000000000002,4.7,0.0,0.0,1855.25,13.5
2025-11-29 08:00:00,0.03448759671586256,14.73001055527491,14.18409452234831,23.15833333333333,73.01666666666667,18.066666666666666,985.9583333333334,60.75,1.2333333333333334,89.36666666666667,99.18333333333334,134.08333333333334,4.6,0.0,0.0,1855.25,26.0
2025-11-29 09:00:00,0.03073798014082714,31.677941463457188,30.84700462874407,23.508333333333336,73.10833333333333,18.441666666666666,986.3583333333332,94.33333333333333,1.3499999999999999,87.01666666666667,96.60833333333333,130.54999999999998,4.5,0.0,0.0,1855.25,14.0
2025-11-29 10:00:00,0.029289954322299024,43.32774964276614,42.20441619809552,23.383333333333336,75.88333333333334,18.900000000000002,986.2833333333333,119.58333333333333,1.175,81.83333333333333,90.84166666666665,122.78333333333335,4.0,0.0,0.0,1855.25,17.5
2025-11-29 11:00:00,0.026075336488431283,60.61970270565799,59.44304731374444,23.8,74.91666666666667,19.116666666666667,985.225,151.08333333333334,1.1166666666666667,76.18333333333334,84.56666666666666,114.29166666666667,4.0,0.0,0.0,1855.25,20.0
2025-11-29 12:00:00,0.022633131198217808,71.82538250633912,70.8116206347726,24.508333333333336,72.3,19.216666666666665,983.7166666666667,172.16666666666666,1.2166666666666666,73.875,91.61666666666667,115.75,5.6,0.0,0.0,1855.25,28.0
2025-11-29 13:00:00,0.027575949650721642,57.77252313264364,56.64205007154508,24.833333333333332,70.075,19.041666666666668,982.7583333333333,183.16666666666666,1.2333333333333334,63.791666666666664,75.53333333333333,98.38333333333333,4.4,0.0,0.0,1855.25,15.0
2025-11-29 14:00:00,0.027076811005819695,15.212393665297567,14.936018011824558,24.15833333333333,76.33333333333333,19.666666666666668,982.8083333333334,45.916666666666664,1.2333333333333334,49.19166666666666,60.666666666666664,77.14166666666667,3.8,6.0,0.75,1856.0,324.0
2025-11-29 15:00:00,0.030966172841599717,29.986410098906067,29.035856122696643,22.516666666666666,91.48333333333333,21.099999999999998,982.8000000000001,89.08333333333333,1.1583333333333334,63.61666666666667,70.60833333333333,95.43333333333334,3.7,3.0,0.75,1856.0,28.5
2025-11-29 16:00:00,0.034748508475565106,1.6916902160577656,1.6330985180002449,22.583333333333332,89.84166666666665,20.866666666666667,983.1416666666668,15.666666666666666,1.1166666666666667,59.199999999999996,65.72500000000001,88.83333333333333,3.7,3.0,1.75,1857.0,19.5
2025-11-29 17:00:00,0.04782199626610431,0.3690703302084601,0.3520621961289196,22.255555555555556,92.1888888888889,20.955555555555556,983.5222222222224,6.0,0.9333333333333333,62.56666666666667,69.45555555555556,93.87777777777778,3.6,3.0,2.0,1857.25,28.0
2025-11-30 06:00:00,0.04988502186108021,0.48996032076371415,0.46980172096503703,22.175,93.3375,21.05,983.775,9.5,1.0250000000000001,10.45,11.6125,15.725,4.3,0.0,0.5,1859.25,337.0
2025-11-30 07:00:00,0.03089417471909824,14.088133082860795,13.532520070786715,22.474999999999998,87.75,20.349999999999998,984.4166666666666,60.166666666666664,1.55,8.341666666666667,9.258333333333333,12.491666666666667,5.1,0.0,0.5,1859.25,345.0
2025-11-30 08:00:00,0.02790672254163423,51.47130419284294,50.224788023221016,23.183333333333334,85.19166666666666,20.59166666666667,984.9916666666667,132.58333333333334,1.2666666666666666,8.291666666666666,9.233333333333333,12.466666666666667,4.7,0.0,0.5,1859.25,343.0
2025-11-30 09:00:00,0.020322247151965126,80.22882498801476,79.43646425455547,24.233333333333334,82.28333333333333,21.041666666666668,985.0333333333333,259.1666666666667,1.55,7.7749999999999995,8.65,11.700000000000001,5.3,0.0,0.5,1859.25,342.5
2025-11-30 10:00:00,0.0201383448518763,88.95391997509489,88.08574553857177,25.208333333333332,77.40833333333333,20.983333333333334,984.6166666666667,445.9166666666667,2.4250000000000003,5.083333333333333,5.666666666666667,7.666666666666667,7.3,0.0,0.5,1859.25,6.0
2025-11-30 11:00:00,0.020190538459987292,81.24458195104475,80.36678620873255,25.474999999999998,75.425,20.841666666666665,983.9833333333332,263.1666666666667,2.216666666666667,5.1499999999999995,6.008333333333333,7.8999999999999995,6.7,0.0,0.5,1859.25,7.0
2025-11-30 12:00:00,0.020806468663794302,71.01140439680974,70.19249744757765,25.21666666666667,76.56666666666666,20.841666666666665,983.0749999999999,186.33333333333334,2.475,7.558333333333334,8.375,11.358333333333334,6.3,0.0,0.5,1859.25,352.0
2025-11-30 13:00:00,0.022037952793842634,73.47770612127621,72.45597708942923,24.75,78.78333333333333,20.841666666666665,982.3166666666666,173.58333333333334,2.158333333333333,5.983333333333333,6.658333333333334,9.025,6.8,0.0,0.5,1859.25,9.0
2025-11-30 14:00:00,0.017778980300011942,86.31798778910509,85.7888441429346,25.241666666666664,76.875,20.925,981.6750000000001,341.8333333333333,2.4416666666666664,5.166666666666667,5.741666666666667,7.783333333333334,6.6,0.0,0.5,1859.25,349.0
2025-11-30 15:00:00,0.017380438386877927,77.65317105542711,77.2360475932655,25.224999999999998,76.93333333333334,20.925,981.5666666666666,211.91666666666666,2.525,5.216666666666667,5.8999999999999995,7.891666666666667,7.0,0.0,0.5,1859.25,194.5
2025-11-30 16:00:00,0.023398977078529778,28.8419024039276,28.74527696400993,25.083333333333332,78.48333333333333,21.116666666666667,981.9416666666666,81.5,1.7416666666666665,3.4416666666666664,3.8249999999999997,5.166666666666667,5.1,0.0,0.5,1859.25,16.5
2025-11-30 17:00:00,0.047017373179203806,1.050691641901968,1.0065419865718532,24.369999999999997,81.87,21.11,982.6600000000001,9.7,1.48,2.93,3.2700000000000005,4.4399999999999995,4.4,0.0,0.5,1859.25,347.0
2025-12-01 06:00:00,0.061565635902792355,0.14976017858555535,0.1411645962941967,23.571428571428573,82.37142857142858,20.428571428571427,984.1,4.285714285714286,0.9428571428571428,3.085714285714286,3.4285714285714284,4.628571428571428,2.9,0.0,0.0,1859.25,23.0
2025-12-01 07:00:00,0.02937892531280419,4.677505144076544,4.5256623195140415,23.599999999999998,83.72500000000001,20.716666666666665,984.525,38.25,0.35000000000000003,5.7749999999999995,6.416666666666667,8.691666666666666,2.4,0.0,0.0,1859.25,41.0
2025-12-01 08:00:00,0.02996454870151115,40.124115782772144,39.00183955787929,24.416666666666668,78.55,20.483333333333334,984.9499999999999,110.25,0.5750000000000001,7.875,8.733333333333333,11.841666666666667,2.8,0.0,0.0,1859.25,46.0
2025-12-01 09:00:00,0.025868083708380247,59.68195993594867,58.490997201654785,25.09166666666667,73.44166666666666,20.033333333333335,985.1750000000001,145.08333333333334,0.8833333333333333,8.508333333333333,9.475,12.816666666666668,3.1,0.0,0.0,1859.25,27.0
2025-12-01 10:00:00,0.02806638615006206,46.85930030553916,45.74915996237644,25.15833333333333,74.81666666666666,20.391666666666666,985.1750000000001,124.91666666666667,1.1083333333333334,9.441666666666666,10.483333333333333,14.200000000000001,4.3,0.0,0.0,1859.25,28.0
2025-12-01 11:00:00,0.028198384223362804,41.501824700722985,40.56127563427136,24.983333333333334,75.89999999999999,20.466666666666665,984.75,112.91666666666667,1.1500000000000001,8.108333333333333,9.008333333333333,12.15,3.9,0.0,0.0,1859.25,21.0
2025-12-01 12:00:00,0.03015640993086006,34.3477145130071,33.27691019954256,24.891666666666666,77.47500000000001,20.7,983.6416666666668,96.75,1.0583333333333333,8.616666666666667,9.575000000000001,12.950000000000001,3.8,0.0,0.0,1859.25,8.5
2025-12-01 13:00:00,0.02801717230217311,45.37246083131556,44.2423556681454,24.974999999999998,79.09166666666667,21.125,982.8416666666667,115.66666666666667,1.0666666666666667,8.433333333333334,9.341666666666667,12.65,3.3,0.0,0.0,1859.25,15.5
2025-12-01 14:00:00,0.030309463993915365,32.04340020248811,31.229001659497353,24.96666666666667,80.61666666666666,21.40833333333333,982.25,79.66666666666667,0.9416666666666668,8.316666666666666,9.216666666666667,12.491666666666667,4.2,0.0,0.0,1859.25,18.5
2025-12-01 15:00:00,0.03143984773044735,11.478412649912755,11.060568236633301,23.900000000000002,87.14166666666667,21.625,982.3000000000001,48.25,1.0416666666666667,9.058333333333334,10.066666666666666,13.616666666666667,4.0,0.0,0.0,1859.25,22.5
2025-12-01 16:00:00,0.028288411818428668,4.1077730410073015,3.973680931669176,23.108333333333334,94.34166666666665,22.15833333333333,982.7666666666668,30.333333333333332,0.7833333333333333,11.025,12.233333333333334,16.575,2.5,3.0,0.25,1859.5,64.5
2025-12-01 17:00:00,0.04450276311167353,0.8149732752853195,0.7810460540246279,23.11,95.21000000000001,22.31,983.0,9.1,0.67,11.23,12.48,16.85,1.7,0.0,0.25,1859.5,28.5
2025-12-02 06:00:00,0.057736562430199596,0.1682864788052012,0.1588949635132821,22.82857142857143,92.31428571428572,21.514285714285712,984.9142857142857,4.0,0.07142857142857142,17.614285714285714,19.557142857142857,26.457142857142856,1.1,0.0,0.0,1859.75,94.0
2025-12-02 07:00:00,0.036602632910112426,14.785638381005407,14.126368609325707,23.349999999999998,88.24166666666667,21.316666666666666,985.275,66.08333333333333,0.6583333333333333,12.408333333333333,13.791666666666666,18.675,2.6,0.0,0.0,1859.75,61.5
2025-12-02 08:00:00,0.0344798328222332,31.65531568864064,30.559548355108504,24.208333333333332,82.3,21.025000000000002,985.9499999999999,100.66666666666667,0.7166666666666667,11.941666666666668,13.275,17.966666666666665,2.1,0.0,0.0,1859.75,61.5
2025-12-02 09:00:00,0.020126804473348008,80.6310603453549,79.92044715027622,25.083333333333332,78.94166666666668,21.183333333333334,986.1333333333333,235.58333333333334,0.9500000000000001,14.516666666666666,16.116666666666667,21.78333333333333,3.3,0.0,0.0,1859.75,27.0
2025-12-02 10:00:00,0.02589227310991224,59.11109607342087,57.996394814707315,24.758333333333336,81.3,21.366666666666664,986.1416666666668,138.83333333333334,0.9166666666666666,20.566666666666666,22.849999999999998,30.891666666666666,3.4,0.0,0.0,1859.75,25.0
2025-12-02 11:00:00,0.020633403723978993,82.5620824050316,81.71138183553903,25.525000000000002,78.47500000000001,21.53333333333333,985.3249999999999,289.5833333333333,1.3583333333333334,21.008333333333333,23.349999999999998,31.533333333333335,4.4,0.0,0.0,1859.75,29.5
2025-12-02 12:00:00,0.021228400636778375,64.82804888256487,64.15238666023053,25.291666666666668,79.625,21.53333333333333,984.275,174.16666666666666,1.325,21.2,23.55,31.849999999999998,6.0,0.0,0.0,1859.75,25.5
2025-12-02 13:00:00,0.02014730759754511,82.90493628428924,82.11012187264221,26.425,74.73333333333333,21.599999999999998,982.9583333333334,322.4166666666667,1.491666666666667,16.275000000000002,19.45,23.866666666666664,5.1,0.0,0.0,1859.75,13.0
2025-12-02 14:00:00,0.017021208316576775,83.21224646603777,83.00478597222597,26.866666666666664,73.325,21.724999999999998,982.2083333333334,351.8333333333333,1.5250000000000001,14.85,18.416666666666668,22.075,6.5,0.0,0.0,1859.75,18.5
2025-12-02 15:00:00,0.019800852237076057,72.998223249994,72.31187614661411,26.741666666666664,72.575,21.425,981.9583333333334,205.75,1.6500000000000001,13.408333333333333,16.7,19.89166666666667,5.4,0.0,0.0,1859.75,11.5
2025-12-02 16:00:00,0.0257450967690521,24.99533138995577,24.73025525705612,25.925,75.075,21.158333333333335,982.2583333333333,73.83333333333333,1.4333333333333333,15.075000000000001,16.816666666666666,22.608333333333334,4.7,0.0,0.0,1859.75,16.0
2025-12-02 17:00:00,0.03792053946003805,1.6105908661279436,1.5536140147588593,25.240000000000002,77.63,21.07,982.9100000000001,15.5,1.29,14.39,16.009999999999998,21.669999999999998,4.2,0.0,0.0,1859.75,17.0
2025-12-03 06:00:00,0.06426649522833054,0.07255054186715539,0.06760970960917004,22.8,97.02000000000001,22.38,985.4799999999999,2.4,0.96,12.88,14.280000000000001,19.34,2.5,0.0,4.75,1864.5,336.0
2025-12-03 07:00:00,0.04262834517993527,0.7235649350429192,0.6943171662526572,23.025000000000002,95.74166666666667,22.325,985.9666666666667,11.666666666666666,0.9666666666666667,8.408333333333333,9.333333333333334,12.641666666666666,3.8,0.0,4.75,1864.5,181.5
2025-12-03 08:00:00,0.03963437014652432,3.177801081214851,3.0182152857398017,23.291666666666668,94.41666666666667,22.349999999999998,987.3666666666667,26.083333333333332,0.6583333333333333,7.758333333333334,8.608333333333333,11.65,2.6,0.0,4.75,1864.5,187.5
2025-12-03 09:00:00,0.03925066536080413,24.41070180656017,23.178887124604074,23.78333333333333,92.325,22.5,987.775,82.58333333333333,0.7833333333333333,6.2250000000000005,6.891666666666667,9.341666666666667,3.7,0.0,4.75,1864.5,177.5
2025-12-03 10:00:00,0.02809272372316321,71.13191028324685,69.65480017677308,24.46666666666667,87.60833333333333,22.291666666666668,987.5500000000001,192.0,1.8166666666666667,7.783333333333334,8.658333333333333,11.700000000000001,5.2,0.0,4.75,1864.5,350.5
2025-12-03 11:00:00,0.031056787206159706,60.61646040132312,59.14560482600601,24.84166666666667,85.55833333333334,22.275000000000002,987.3249999999999,177.83333333333334,1.2916666666666667,7.958333333333333,8.816666666666666,11.916666666666666,4.3,0.0,4.75,1864.5,349.5
2025-12-03 12:00:00,0.021633339977981374,82.77345683224137,81.75135823323308,26.349999999999998,78.60833333333333,22.341666666666665,986.2583333333333,285.1666666666667,0.9416666666666668,8.833333333333334,9.825000000000001,13.316666666666668,3.2,0.0,4.75,1864.5,115.0
2025-12-03 13:00:00,0.02323713975286129,78.70441122873329,77.48579023440463,26.633333333333336,77.71666666666667,22.425,985.5749999999999,251.5,1.0166666666666666,12.358333333333334,13.725,18.566666666666666,2.7,0.0,4.75,1864.5,129.0
2025-12-03 14:00:00,0.02048966008342091,83.27067470135513,82.4550560347393,27.0,76.00833333333334,22.433333333333334,984.5833333333334,297.6666666666667,1.0333333333333334,14.200000000000001,16.858333333333334,21.516666666666666,3.5,0.0,4.75,1864.5,332.0
2025-12-03 15:00:00,0.021272069662632075,78.30371401645054,77.40219997834618,26.641666666666666,79.675,22.883333333333336,984.1166666666667,213.58333333333334,1.6500000000000001,14.083333333333334,17.116666666666667,21.791666666666668,4.8,0.0,4.75,1864.5,354.0
2025-12-03 16:00:00,0.02522937352196958,65.9294386503626,64.7030144907574,26.2,80.59166666666667,22.65833333333333,984.7416666666667,149.83333333333334,1.4749999999999999,12.283333333333333,13.625,18.433333333333334,4.4,0.0,4.75,1864.5,350.0
2025-12-03 17:00:00,0.033765501842115464,17.891412323564,17.164419285865307,25.9,80.8,22.36,985.4799999999999,57.5,1.12,11.65,12.919999999999998,17.53,3.1,0.0,4.75,1864.5,328.5
2025-12-04 06:00:00,0.06698967025131229,0.6726632657962287,0.5994767963358206,22.842857142857145,94.74285714285715,21.985714285714288,987.6285714285714,10.428571428571429,0.0,14.4,16.014285714285712,21.62857142857143,0.0,0.0,0.25,1864.75,36.0
2025-12-04 07:00:00,0.04486322456566834,41.19930159604713,38.8969377436194,23.97142857142857,87.87142857142858,21.857142857142858,988.2142857142857,142.71428571428572,0.21428571428571427,13.200000000000001,14.657142857142857,19.842857142857145,1.9,0.0,0.25,1864.75,55.0
2025-12-04 08:00:00,0.022613203252673224,84.20606207848125,82.63478919556542,25.566666666666666,79.375,21.775000000000002,989.1833333333334,266.6666666666667,1.0916666666666666,10.658333333333333,11.825000000000001,15.983333333333334,3.7,0.0,0.25,1864.75,171.0
2025-12-04 09:00:00,0.019420214870804725,82.78591926939727,81.8276453581774,25.941666666666666,78.47500000000001,21.958333333333332,989.7583333333333,342.6666666666667,1.6500000000000001,12.625,14.008333333333333,18.933333333333334,5.0,0.0,0.25,1864.75,351.5
2025-12-04 10:00:00,0.02226761305947447,87.65230165006712,86.41752116585577,26.45,76.15833333333333,21.95,989.6333333333333,474.0833333333333,1.7166666666666668,8.733333333333333,10.700000000000001,13.241666666666667,4.8,0.0,0.25,1864.75,17.0
2025-12-04 11:00:00,0.02154229784304078,86.26108110405471,85.07697494903019,27.833333333333332,67.425,21.258333333333333,988.7916666666666,597.8333333333334,0.9500000000000001,4.6000000000000005,5.983333333333333,7.3,2.7,0.0,0.25,1864.75,146.5
2025-12-04 12:00:00,0.02159707051422161,81.20564890388457,80.05824418749259,29.108333333333334,63.599999999999994,21.525000000000002,987.525,594.0,1.1833333333333333,3.7083333333333335,5.091666666666667,7.608333333333333,3.5,0.0,0.25,1864.75,94.5
2025-12-04 13:00:00,0.026575757639260168,73.31840292710267,71.75667924537207,28.766666666666666,65.84166666666667,21.741666666666664,986.4916666666667,342.75,1.3916666666666666,4.8500000000000005,6.2,7.2250000000000005,4.3,0.0,0.25,1864.75,351.0
2025-12-04 14:00:00,0.0228209570320579,77.09506332015184,76.15124560327992,28.308333333333334,68.53333333333333,21.96666666666667,985.8666666666667,308.5,1.5,8.075000000000001,10.333333333333334,13.416666666666666,5.2,0.0,0.25,1864.75,302.0
2025-12-04 15:00:00,0.02176693931017444,71.95504919773185,70.94761618910866,27.325,71.66666666666667,21.78333333333333,986.125,185.91666666666666,1.9333333333333333,14.450000000000001,17.724999999999998,22.375,5.3,0.0,0.25,1864.75,329.0
2025-12-04 16:00:00,0.029152961202430116,10.49610749875953,10.06267429054203,26.316666666666666,73.90833333333333,21.291666666666668,986.4583333333334,51.333333333333336,1.2583333333333333,32.56666666666667,36.40833333333333,48.76666666666667,5.0,0.0,0.25,1864.75,224.0
2025-12-04 17:00:00,0.03392805524851477,1.6749394789327752,1.6379883082929847,25.77,76.52000000000001,21.34,986.9,15.5,0.97,40.480000000000004,44.910000000000004,60.75,2.5,0.0,0.25,1864.75,351.0
2025-12-05 06:00:00,0.06702758166380152,0.12519578771016038,0.11654112717849174,23.2,96.17999999999999,22.580000000000002,989.1,4.0,0.64,80.28,89.12,120.47999999999999,2.4,3.0,0.75,1866.25,175.0
2025-12-05 07:00:00,0.04380711819646355,9.434327635414967,8.827890544934705,23.224999999999998,97.19166666666666,22.78333333333333,989.5,45.333333333333336,0.0,66.93333333333332,74.29166666666667,100.39999999999999,0.0,3.0,0.75,1866.25,202.5
2025-12-05 08:00:00,0.031568620566040255,66.7574219273141,65.17406747457882,24.666666666666668,91.59166666666665,23.175,990.0083333333333,219.16666666666666,0.3333333333333333,76.39166666666667,84.77499999999999,114.58333333333333,2.2,0.0,0.75,1866.25,255.5
2025-12-05 09:00:00,0.0217216364337476,87.72397889182473,86.45345958167557,26.28333333333333,77.53333333333333,22.03333333333333,990.0,380.6666666666667,1.2,93.35833333333333,104.83333333333333,140.40833333333333,3.9,0.0,0.75,1866.25,145.0
2025-12-05 10:00:00,0.023177671799406316,88.20473300851792,86.67552157437495,27.483333333333334,66.26666666666667,20.641666666666666,989.6833333333334,573.9166666666666,2.033333333333333,83.93333333333334,109.25833333333333,132.39166666666668,5.3,0.0,0.75,1866.25,331.0
2025-12-05 11:00:00,0.025549520339944166,78.19162830234849,76.68616024342266,27.616666666666664,65.00833333333334,20.45,989.1166666666667,337.25,1.8166666666666667,80.00833333333334,109.18333333333334,126.59166666666665,5.2,0.0,0.75,1866.25,334.5
2025-12-05 12:00:00,0.02073325247151051,85.30825809354705,84.22645586673981,28.066666666666666,64.11666666666666,20.683333333333334,988.2666666666668,353.5833333333333,1.3583333333333334,81.40833333333333,110.25,131.45833333333334,4.2,0.0,0.75,1866.25,332.0
2025-12-05 13:00:00,0.024496549695998137,74.2916925317123,72.93974762242264,27.474999999999998,67.59166666666667,20.941666666666666,987.4583333333334,196.41666666666666,1.4083333333333332,85.45833333333333,115.375,138.94166666666666,3.7,0.0,0.75,1866.25,334.5
2025-12-05 14:00:00,0.02422147623444132,74.304426964368,72.95501232605454,27.766666666666666,63.24166666666667,20.158333333333335,986.9083333333333,212.33333333333334,1.0083333333333333,82.71666666666667,108.86666666666667,129.25833333333333,3.5,0.0,0.75,1866.25,327.0
2025-12-05 15:00:00,0.02369530236995951,71.44076126743774,70.11090944877492,27.816666666666666,62.61666666666667,20.033333333333335,986.5749999999999,179.5,1.2583333333333333,79.97500000000001,109.41666666666667,130.29166666666666,3.8,0.0,0.75,1866.25,83.0
2025-12-05 16:00:00,0.02772537080876586,32.92811155329077,32.121937776890526,27.108333333333334,66.80833333333334,20.425,986.65,94.33333333333333,1.1333333333333333,91.15833333333335,122.0,149.38333333333333,5.2,0.0,0.75,1866.25,127.5
2025-12-05 17:00:00,0.03584588588529039,3.540531664699418,3.421392428434115,26.38888888888889,69.6888888888889,20.466666666666665,987.0555555555555,21.11111111111111,0.8222222222222223,98.92222222222222,113.15555555555555,149.9,2.5,0.0,0.75,1866.25,281.0
2025-12-06 06:00:00,0.056637295352839886,1.0114786967652727,0.9164435649019927,21.057142857142857,92.81428571428572,19.885714285714283,989.6999999999999,12.428571428571429,0.0,151.85714285714286,168.54285714285714,227.79999999999998,0.0,0.0,0.0,1866.25,109.0
2025-12-06 07:00:00,0.03729339778297763,36.92428695501599,35.585326198720274,22.333333333333332,85.27499999999999,19.766666666666666,990.025,104.41666666666667,0.13333333333333333,150.01666666666668,166.53333333333333,225.04999999999998,1.4,0.0,0.0,1866.25,122.0
2025-12-06 08:00:00,0.024474577944468324,86.16909939263714,84.52184832178291,24.3,77.19166666666666,20.066666666666666,990.475,270.6666666666667,0.5499999999999999,129.975,144.29166666666666,194.99166666666667,2.9,0.0,0.0,1866.25,327.5
2025-12-06 09:00:00,0.022440694437102168,88.90024077635819,87.53287379000113,25.474999999999998,73.55833333333334,20.400000000000002,990.525,450.3333333333333,1.2,112.66666666666667,127.25,169.81666666666666,3.1,0.0,0.0,1866.25,351.0
2025-12-06 10:00:00,0.022736543257234385,84.98216657177807,83.57691394771747,27.416666666666668,66.02499999999999,20.55,990.1833333333334,558.9166666666666,1.1666666666666667,93.89166666666667,126.89999999999999,151.89166666666668,4.3,0.0,0.0,1866.25,183.0
2025-12-06 11:00:00,0.023194631633642507,84.49187970641431,83.02063265490476,28.008333333333336,62.78333333333333,20.275000000000002,989.5166666666668,476.75,1.2750000000000001,84.11666666666666,113.34166666666665,133.34166666666667,3.8,0.0,0.0,1866.25,60.0
2025-12-06 12:00:00,0.022565950278162893,86.02309204649448,84.68868525242051,28.525000000000002,60.9,20.25,988.3333333333334,517.9166666666666,1.5916666666666668,80.72500000000001,110.59166666666665,132.26666666666668,4.7,0.0,0.0,1866.25,179.5
2025-12-06 13:00:00,0.02302776519338717,82.72042797956786,81.34711522947217,29.458333333333332,55.550000000000004,19.675,987.275,539.9166666666666,1.4083333333333332,68.03333333333333,91.66666666666667,109.825,5.1,0.0,0.0,1866.25,192.0
2025-12-06 14:00:00,0.020776817101325083,81.31301592293518,80.31564268027311,29.400000000000002,56.36666666666667,19.816666666666666,986.725,390.5833333333333,1.5250000000000001,69.28333333333333,93.85000000000001,111.25,5.1,0.0,0.0,1866.25,160.0
2025-12-06 15:00:00,0.023187974032594743,53.07405575142504,52.430411174235275,28.375,60.6,20.033333333333335,986.5916666666667,154.83333333333334,1.1666666666666667,82.76666666666667,114.0,137.5,4.3,0.0,0.0,1866.25,341.5
2025-12-06 16:00:00,0.02676359431512694,32.799267478782305,32.329977490147904,27.741666666666664,64.46666666666667,20.45,986.7833333333333,91.83333333333333,1.25,90.66666666666667,124.91666666666667,154.49166666666667,4.3,0.0,0.0,1866.25,342.0
2025-12-06 17:00:00,0.03473063171279215,5.000797817874837,4.792920575209578,26.88888888888889,68.76666666666667,20.711111111111112,987.3222222222222,26.0,1.3666666666666665,105.97777777777777,119.32222222222224,160.72222222222223,3.8,0.0,0.0,1866.25,351.0
2025-12-07 06:00:00,0.056474276584791976,0.8998663093809212,0.831745519102953,21.5125,95.75,20.875,989.7,10.5,0.0,153.325,170.2,230.0,0.0,0.0,0.0,1866.25,106.0
2025-12-07 07:00:00,0.05043059514788098,32.437689857314645,30.188314719919756,22.208333333333332,92.31666666666666,20.958333333333332,989.9916666666667,87.66666666666667,0.125,150.75833333333333,167.35,226.14166666666665,1.7,0.0,0.0,1866.25,40.0
2025-12-07 08:00:00,0.022002527557522952,77.64711759592412,76.22740163203667,23.433333333333334,84.10000000000001,20.599999999999998,990.35,243.83333333333334,1.0083333333333333,124.98333333333333,138.70000000000002,187.5,3.8,0.0,0.0,1866.25,23.5
2025-12-07 09:00:00,0.02124276838404217,87.88792084466986,86.68002012350267,24.791666666666668,76.51666666666667,20.383333333333333,990.375,367.1666666666667,1.25,102.48333333333333,119.43333333333334,157.34166666666667,3.5,0.0,0.0,1866.25,181.5
2025-12-07 10:00:00,0.021401481858319,85.70870175975288,84.49061645501033,25.28333333333333,72.96666666666667,20.099999999999998,990.2416666666667,351.1666666666667,1.7166666666666668,112.09166666666665,139.30833333333334,177.92499999999998,4.6,0.0,0.0,1866.25,176.0
2025-12-07 11:00:00,0.02100585815830504,84.71510180117541,83.5846125854207,26.166666666666668,69.21666666666667,20.1,989.8000000000001,330.5,1.4000000000000001,117.68333333333334,155.58333333333334,190.6,4.4,0.0,0.0,1866.25,194.0
2025-12-07 12:00:00,0.021918764768047782,86.54138422633946,85.21903991000252,27.358333333333334,64.58333333333333,20.091666666666665,989.0166666666668,434.6666666666667,1.2,100.18333333333334,137.55833333333334,164.33333333333334,3.2,0.0,0.0,1866.25,306.0
2025-12-07 13:00:00,0.02137569118233915,83.5779603840866,82.40899822885793,28.025000000000002,61.49166666666667,19.974999999999998,988.2583333333333,375.6666666666667,1.05,92.40833333333335,126.11666666666667,151.28333333333333,3.7,0.0,0.0,1866.25,148.0
2025-12-07 14:00:00,0.018311031514315568,84.50393954547242,83.85264903645611,28.416666666666668,59.291666666666664,19.741666666666667,987.5166666666668,420.5,1.1,87.83333333333333,119.85000000000001,142.16666666666666,3.9,0.0,0.0,1866.25,300.0
2025-12-07 15:00:00,0.022160502787439442,65.53285058563863,64.6808211962541,27.675,62.01666666666667,19.75,987.475,165.25,1.1666666666666667,92.00833333333333,127.03333333333335,150.91666666666666,4.7,0.0,0.0,1866.25,256.5
2025-12-07 16:00:00,0.02085671145923103,29.92738228473726,29.72114736504827,26.983333333333334,63.53333333333333,19.516666666666666,987.8166666666666,84.41666666666667,1.0666666666666667,96.35000000000001,131.73333333333332,161.74166666666667,3.7,0.0,0.0,1866.25,106.5
2025-12-07 17:00:00,0.035975822061067676,2.090367577754581,2.025562197126741,26.333333333333332,62.8111111111111,18.72222222222222,988.1444444444444,14.0,0.8444444444444446,92.58888888888889,123.53333333333333,155.25555555555556,2.6,0.0,0.0,1866.25,295.0
2025-12-08 06:00:00,0.05977097826402594,1.479771472668841,1.3343049520183512,19.428571428571427,96.64285714285714,18.928571428571427,989.6285714285714,15.0,0.0,162.70000000000002,180.6,244.07142857142858,0.0,0.0,0.0,1866.25,124.0
2025-12-08 07:00:00,0.04345689343074729,38.36247054290855,36.48768720190406,20.416666666666668,92.55,19.166666666666668,990.0500000000001,103.75,0.27499999999999997,158.70000000000002,176.17499999999998,238.07500000000002,1.2,0.0,0.0,1866.25,156.0
2025-12-08 08:00:00,0.023148284234256175,88.84096773771769,87.31058893395421,22.641666666666666,82.10000000000001,19.458333333333332,990.625,275.0833333333333,0.525,155.14166666666668,172.20833333333334,232.73333333333335,1.7,0.0,0.0,1866.25,131.5
2025-12-08 09:00:00,0.02017419822594926,87.876409301343,86.97497410429327,24.625,74.75833333333334,19.883333333333333,990.6833333333334,467.8333333333333,0.7666666666666666,135.45000000000002,151.05833333333334,203.90833333333333,2.2,0.0,0.0,1866.25,132.0
2025-12-08 10:00:00,0.023333929914476085,87.03791946161034,85.56620010845144,26.166666666666668,65.14166666666667,19.108333333333334,990.4499999999999,511.1666666666667,1.1916666666666667,119.79166666666667,163.54999999999998,198.65,4.2,0.0,0.0,1866.25,183.0
2025-12-08 11:00:00,0.022273813663012284,87.75218545297491,86.38757877011714,26.316666666666666,62.69166666666666,18.658333333333335,989.8166666666666,525.0833333333334,1.4666666666666668,116.74166666666667,161.43333333333334,189.91666666666666,4.2,0.0,0.0,1866.25,338.0
2025-12-08 12:00:00,0.022983291708725775,86.24321970986763,84.72980792528453,28.0,54.416666666666664,17.941666666666666,988.6,630.8333333333334,1.4333333333333333,101.20833333333333,140.20833333333334,164.56666666666666,4.2,0.0,0.0,1866.25,300.5
2025-12-08 13:00:00,0.02109592143382021,86.2563675579521,85.08144668221506,28.400000000000002,51.93333333333334,17.583333333333332,987.4666666666667,534.5,1.3,92.02499999999999,125.625,147.44166666666666,4.0,0.0,0.0,1866.25,247.5
2025-12-08 14:00:00,0.01942465916477879,83.90491755159982,83.06352610300856,28.491666666666664,50.449999999999996,17.241666666666667,986.6750000000001,404.3333333333333,1.325,91.375,123.63333333333333,144.15,4.3,0.0,0.0,1866.25,195.0
2025-12-08 15:00:00,0.020551284188493533,72.61151369474881,71.82221659903324,27.55,53.80833333333334,17.375,986.3583333333332,196.0,1.7249999999999999,103.46666666666665,143.15833333333333,167.14166666666668,4.7,0.0,0.0,1866.25,343.5
2025-12-08 16:00:00,0.02885750500372844,31.327787609054777,30.461860705216882,26.675,54.6,16.825,986.6333333333333,92.33333333333333,1.7,93.95,129.28333333333333,156.0,4.3,0.0,0.0,1866.25,179.0
2025-12-08 17:00:00,0.03129432335412025,2.6933424660938043,2.6244616732063433,25.72,59.220000000000006,17.169999999999998,987.36,19.1,1.53,96.49,132.74,160.52,3.9,0.0,0.0,1866.25,346.0
2025-12-09 06:00:00,0.06437927651979057,1.6896034067655747,1.4876303160642792,19.400000000000002,90.11666666666667,17.783333333333335,988.2666666666668,16.833333333333332,0.0,128.06666666666666,142.16666666666666,192.15,0.0,0.0,0.0,1866.25,119.5
2025-12-09 07:00:00,0.022829359142381142,37.67446177619055,37.54159911067479,20.566666666666666,82.975,17.608333333333334,988.7333333333332,112.16666666666667,0.05833333333333333,127.35833333333333,141.36666666666667,191.04166666666666,0.7,0.0,0.0,1866.25,127.5
2025-12-09 08:00:00,0.027478412186033422,87.66908950312688,85.38623873755866,23.45,70.81666666666666,17.866666666666667,989.1916666666666,308.25,0.6749999999999999,118.10000000000001,132.79166666666666,178.07500000000002,2.0,0.0,0.0,1866.25,128.5
2025-12-09 09:00:00,0.02045623704960192,86.64269369557098,85.57830488413906,26.316666666666666,61.625,18.349999999999998,989.375,489.1666666666667,0.44166666666666665,97.56666666666666,130.79999999999998,157.5,2.2,0.0,0.0,1866.25,102.0
2025-12-09 10:00:00,0.02229817994541178,87.34796137854623,85.95600786315265,26.541666666666668,62.625,18.866666666666667,988.9083333333333,568.4166666666666,1.2,83.39166666666667,113.18333333333334,132.96666666666667,3.4,0.0,0.0,1866.25,68.5
2025-12-09 11:00:00,0.022095337885384234,85.10809976063227,83.79751683268911,27.28333333333333,60.6,19.016666666666666,988.3000000000001,460.25,1.125,76.05833333333334,101.74166666666667,119.59166666666665,3.8,0.0,0.0,1866.25,340.0
2025-12-09 12:00:00,0.023156471068106647,82.9900912626325,81.50818432049891,28.691666666666666,55.40833333333333,18.90833333333333,987.2333333333332,582.25,1.3583333333333334,65.29166666666667,86.52499999999999,100.97500000000001,4.2,0.0,0.0,1866.25,344.0
2025-12-09 13:00:00,0.021451389193430242,82.5059256594921,81.3293829681504,28.641666666666666,56.175000000000004,19.091666666666665,986.3000000000001,409.4166666666667,1.3833333333333335,57.76666666666667,77.40833333333333,89.46666666666665,3.7,0.0,0.0,1866.25,107.0
2025-12-09 14:00:00,0.03320320779008044,59.87664049878921,57.915130506755396,27.650000000000002,60.35833333333333,19.291666666666668,985.975,145.0,1.3083333333333333,60.916666666666664,80.7,95.77499999999999,3.8,0.0,0.0,1866.25,106.5
2025-12-09 15:00:00,0.04634440312935209,9.764697984427132,9.088430632823027,26.791666666666668,63.824999999999996,19.375,986.0416666666666,44.333333333333336,1.1333333333333333,71.01666666666667,93.39999999999999,112.825,4.4,0.0,0.0,1866.25,241.5
2025-12-09 16:00:00,0.04767190474105512,16.782280614758744,15.663053392119984,26.708333333333332,63.074999999999996,19.133333333333333,986.225,63.916666666666664,1.0416666666666667,77.10000000000001,103.96666666666665,126.33333333333333,3.9,0.0,0.0,1866.25,327.5
2025-12-09 17:00:00,0.05062117144349868,1.3508043091788846,1.2693880588464783,26.28333333333333,57.96666666666667,17.375,986.9,11.5,0.9500000000000001,62.59166666666667,84.35,102.95,2.8,0.0,0.0,1866.25,80.5
2025-12-10 06:00:00,0.0607641193864899,0.568937176484405,0.5152396749272876,21.45,79.60000000000001,17.833333333333332,989.3000000000001,8.333333333333334,0.21666666666666667,141.56666666666666,157.13333333333333,212.41666666666666,1.6,0.0,0.0,1866.25,27.5
2025-12-10 07:00:00,0.022535950646354955,13.358283864725147,13.758740639943744,21.483333333333334,79.95,17.908333333333335,989.9,57.75,0.2583333333333333,137.96666666666667,153.17499999999998,206.975,1.4,0.0,0.0,1866.25,22.5
2025-12-10 08:00:00,0.06534673151019059,81.37873208312989,74.78677608711006,23.558333333333334,70.34166666666667,17.825,990.5166666666668,313.3333333333333,0.47500000000000003,122.63333333333333,139.95000000000002,184.21666666666667,2.0,0.0,0.0,1866.25,20.0
2025-12-10 09:00:00,0.020050783147179417,88.72897636772768,87.73924070461528,25.333333333333332,64.31666666666666,18.116666666666667,990.475,513.9166666666666,1.4833333333333334,88.35833333333333,114.68333333333334,134.88333333333333,4.0,0.0,0.0,1866.25,354.0
2025-12-10 10:00:00,0.020957839014971433,86.76130876321166,85.64034539882067,26.816666666666666,57.15833333333333,17.658333333333335,990.1999999999999,669.4166666666666,1.55,72.41666666666667,95.18333333333334,111.85833333333333,4.5,0.0,0.0,1866.25,208.5
2025-12-10 11:00:00,0.021668552078414758,85.2570125846448,84.03183951591663,28.366666666666664,46.324999999999996,15.725,989.4499999999999,748.1666666666666,1.5250000000000001,52.76666666666667,69.14999999999999,81.48333333333333,4.6,0.0,0.0,1866.25,91.0
2025-12-10 12:00:00,0.021644132129358576,85.52298343579498,84.30598779628079,28.808333333333334,47.49166666666667,16.55,988.3166666666666,730.0833333333334,1.5583333333333333,51.98333333333333,67.55833333333334,78.8,4.3,0.0,0.0,1866.25,99.0
2025-12-10 13:00:00,0.020358087771590233,85.85342121858928,84.84731277896022,29.041666666666668,48.550000000000004,17.125,987.0916666666667,654.9166666666666,1.7,51.550000000000004,67.05833333333334,78.94166666666666,5.9,0.0,0.0,1866.25,137.5
2025-12-10 14:00:00,0.01095925543910431,82.61461849405579,83.16994546230079,29.075,46.9,16.599999999999998,986.225,521.3333333333334,1.5583333333333333,51.78333333333333,66.575,80.43333333333334,4.6,0.0,0.0,1866.25,98.5
2025-12-10 15:00:00,0.017549157043061706,72.76031775137297,72.318995145579,27.925,50.958333333333336,16.866666666666667,986.025,182.75,1.6916666666666667,66.91666666666667,89.52499999999999,103.175,4.7,0.0,0.0,1866.25,160.0
2025-12-10 16:00:00,0.02210894590185439,42.97090573765032,42.4654353655537,27.116666666666664,54.48333333333333,17.175,986.3083333333334,105.91666666666667,1.7083333333333333,83.72500000000001,112.54166666666667,132.38333333333333,5.0,0.0,0.0,1866.25,351.0
2025-12-10 17:00:00,0.034169733205690986,4.803057297494425,4.636365166262484,25.97,58.4,17.19,986.79,26.0,1.44,102.35,138.17000000000002,162.70999999999998,3.6,0.0,0.0,1866.25,346.0
2025-12-11 06:00:00,0.05876711287260976,0.975834493285453,0.889443430200337,20.0,82.65714285714286,16.985714285714288,989.5285714285714,12.857142857142858,0.37142857142857144,139.82857142857142,155.20000000000002,209.75714285714284,1.5,0.0,0.0,1866.25,124.0
2025-12-11 07:00:00,0.0296203590900066,32.006190761268634,31.30656830462482,20.566666666666666,80.25833333333334,17.066666666666666,989.9416666666666,101.66666666666667,0.325,150.54999999999998,167.11666666666667,225.86666666666667,1.1,0.0,0.0,1866.25,139.5
2025-12-11 08:00:00,0.027690801085435174,86.68728657825909,84.61614783119683,23.066666666666666,68.575,16.966666666666665,990.3083333333333,287.9166666666667,0.4583333333333333,136.84166666666667,156.875,206.5666666666667,1.8,0.0,0.0,1866.25,128.5
2025-12-11 09:00:00,0.020779286665730815,87.63634926694222,86.61506877172677,25.083333333333332,62.5,17.441666666666666,990.2083333333334,476.9166666666667,0.85,119.94166666666666,164.57500000000002,193.6833333333333,3.8,0.0,0.0,1866.25,39.5
2025-12-11 10:00:00,0.0212045781367256,88.78347968501521,87.62211583510896,25.974999999999998,61.26666666666667,17.991666666666664,989.7833333333333,609.9166666666666,1.9666666666666668,100.78333333333335,139.13333333333335,166.95000000000002,5.5,0.0,0.0,1866.25,180.0
2025-12-11 11:00:00,0.021891298622336398,88.42401296340812,87.11643239287162,27.291666666666668,55.61666666666667,17.658333333333335,988.9833333333332,689.5833333333334,2.25,85.35000000000001,115.325,134.61666666666667,5.8,0.0,0.0,1866.25,347.5
2025-12-11 12:00:00,0.02046726950140974,86.79254909521296,85.76605115619769,28.333333333333332,50.56666666666666,17.133333333333333,987.9333333333334,681.8333333333334,2.0166666666666666,76.175,103.54166666666667,122.18333333333334,5.4,0.0,0.0,1866.25,16.0
2025-12-11 13:00:00,0.020068089847146583,86.13674553773576,85.17688963143533,29.241666666666664,45.574999999999996,16.308333333333334,986.7166666666667,637.5,1.7750000000000001,67.64166666666667,90.95833333333333,108.49166666666667,6.7,0.0,0.0,1866.25,35.0
2025-12-11 14:00:00,0.016606051221802826,83.769090576837,83.42115875838742,29.233333333333334,44.65833333333333,15.983333333333334,986.0666666666666,489.25,1.6666666666666667,66.47500000000001,90.54166666666667,106.90833333333335,5.0,0.0,0.0,1866.25,76.5
2025-12-11 15:00:00,0.01449567180784035,64.14226979542613,64.20756956742032,28.508333333333336,45.98333333333333,15.816666666666668,985.8249999999999,157.5,1.3166666666666667,73.075,100.36666666666667,119.33333333333333,4.4,0.0,0.0,1866.25,313.5
2025-12-11 16:00:00,0.019679450130904306,28.48259163265834,28.30633758981818,27.433333333333334,53.68333333333334,17.208333333333332,985.8833333333333,85.75,1.7916666666666667,96.39166666666667,132.63333333333333,157.98333333333332,4.5,0.0,0.0,1866.25,350.0
2025-12-11 17:00:00,0.02996864801209398,3.764926734693696,3.6870451632276415,26.139999999999997,58.620000000000005,17.43,986.1,22.8,1.69,113.75999999999999,160.45,194.31,4.1,0.0,0.0,1866.25,347.0
2025-12-12 06:00:00,0.05886959100393874,1.0922442325721529,0.9934626983874676,18.599999999999998,91.16666666666667,17.150000000000002,988.2166666666667,12.5,0.44999999999999996,171.21666666666667,190.04999999999998,256.8666666666666,1.2,0.0,0.0,1866.25,99.5
2025-12-12 07:00:00,0.06127212062666513,21.848860046936917,19.772151320882447,19.216666666666665,88.25,17.224999999999998,988.975,74.33333333333333,0.2333333333333333,173.41666666666666,192.51666666666665,260.18333333333334,1.7,0.0,0.0,1866.25,114.0
2025-12-12 08:00:00,0.02928229484736276,78.18999821348389,76.59809700741525,21.474999999999998,77.53333333333333,17.383333333333333,989.6750000000001,256.8333333333333,0.65,165.98333333333332,184.26666666666665,249.01666666666665,1.7,0.0,0.0,1866.25,145.0
2025-12-12 09:00:00,0.01885060712560006,87.85538846248114,87.12956390938137,24.59166666666667,66.95833333333333,18.066666666666666,989.5749999999999,474.3333333333333,0.7916666666666666,146.11666666666667,196.95833333333334,243.70000000000002,3.4,0.0,0.0,1866.25,79.5
2025-12-12 10:00:00,0.0223875666490666,87.6246812866976,86.24281513392214,25.916666666666668,59.208333333333336,17.358333333333334,989.1,610.4166666666666,1.675,102.08333333333333,142.29166666666666,170.79166666666666,4.6,0.0,0.0,1866.25,151.5
2025-12-12 11:00:00,0.022555912716342743,87.4285525251929,86.01191160989548,26.849999999999998,54.75833333333333,17.008333333333333,988.3249999999999,658.5,1.7583333333333335,88.075,120.70833333333333,144.125,5.2,0.0,0.0,1866.25,12.5
2025-12-12 12:00:00,0.022433080753077025,86.1311579625533,84.74785767673973,28.041666666666668,47.98333333333333,16.016666666666666,987.1666666666666,715.25,1.6916666666666667,76.16666666666667,103.60000000000001,120.65833333333332,6.1,0.0,0.0,1866.25,325.5
2025-12-12 13:00:00,0.02172252111746498,86.28406939079709,85.03848186103015,28.458333333333332,45.61666666666667,15.616666666666667,986.0749999999999,645.0,1.5916666666666668,72.39999999999999,97.65833333333335,115.59166666666665,4.6,0.0,0.0,1866.25,20.5
2025-12-12 14:00:00,0.01588735903297241,82.95920176162478,82.75548223839938,28.541666666666668,46.050000000000004,15.841666666666667,985.3000000000001,464.0,1.3583333333333334,75.94166666666666,103.03333333333335,122.5,4.1,0.0,0.0,1866.25,51.0
2025-12-12 15:00:00,0.016437230408479116,68.5051475819092,68.28714760037785,27.78333333333333,46.275,15.216666666666667,985.025,164.58333333333334,1.491666666666667,77.54166666666667,105.5,126.70833333333333,4.3,0.0,0.0,1866.25,334.5
2025-12-12 16:00:00,0.022725193608017672,28.177694452388497,27.769122954251845,27.09166666666667,49.81666666666666,15.733333333333334,985.225,85.5,1.2666666666666666,89.78333333333335,124.14166666666667,147.65833333333333,3.7,0.0,0.0,1866.25,336.0
2025-12-12 17:00:00,0.03246326375409992,4.04784673000226,3.9555262064711103,25.910000000000004,56.02,16.48,985.8,22.4,0.9199999999999999,110.97,152.3,187.10999999999999,2.8,0.0,0.0,1866.25,138.5
2025-12-13 06:00:00,0.07148008533699622,1.7893360871446218,1.5506033846804863,17.099999999999998,93.64999999999999,16.1,988.6833333333334,17.833333333333332,0.3666666666666667,163.83333333333334,181.85,245.75,1.3,0.0,0.0,1866.25,150.0
2025-12-13 07:00:00,-0.004126689009023745,35.79061145734382,37.6967893272397,18.544444444444444,86.07777777777777,16.177777777777777,989.1555555555556,124.0,0.6666666666666666,163.04444444444445,180.9888888888889,244.5888888888889,1.7,0.0,0.0,1866.25,173.0
2025-12-13 08:00:00,0.05207529748458568,90.94197547155039,84.33081284914816,20.675,76.975,16.508333333333333,989.875,332.0833333333333,0.775,149.59166666666667,166.06666666666666,224.4333333333333,2.2,0.0,0.0,1866.25,122.5
2025-12-13 09:00:00,0.020876915943252142,88.7353023949755,87.6156798963817,24.058333333333334,62.925000000000004,16.558333333333334,989.8416666666667,526.1666666666666,0.8250000000000001,123.58333333333333,156.50833333333333,195.98333333333335,2.1,0.0,0.0,1866.25,163.0
2025-12-13 10:00:00,0.018736787571359926,86.02760121147725,85.3066148232269,25.5,53.60833333333333,15.391666666666666,989.5333333333333,661.6666666666666,0.9833333333333334,94.45,129.13333333333333,153.39166666666668,2.6,0.0,0.0,1866.25,158.5
2025-12-13 11:00:00,0.022894916388908074,85.95089031248466,84.4826433598643,26.733333333333334,41.68333333333333,12.666666666666666,988.5500000000001,754.1666666666666,1.5250000000000001,58.416666666666664,75.51666666666667,90.46666666666665,4.5,0.0,0.0,1866.25,193.0
2025-12-13 12:00:00,0.02177248785505535,84.2954232063647,83.04562565766484,27.983333333333334,40.28333333333333,13.258333333333333,987.1666666666666,765.1666666666666,1.1583333333333334,46.36666666666667,60.475,69.94166666666666,3.4,0.0,0.0,1866.25,149.0
2025-12-13 13:00:00,0.020329986015796223,83.58441878696165,82.59692768868857,28.858333333333334,36.34166666666667,12.475,985.975,706.0,1.2583333333333335,36.858333333333334,46.81666666666666,54.61666666666667,3.8,0.0,0.0,1866.25,272.0
2025-12-13 14:00:00,-0.015606161634519033,73.61706320215043,77.57849301432041,28.775000000000002,37.4,12.833333333333334,985.0666666666666,567.3333333333334,1.4416666666666667,32.94166666666667,43.65833333333333,51.49166666666667,4.4,0.0,0.0,1866.25,131.0
2025-12-13 15:00:00,0.02619061687619896,38.80703164725538,37.86698985747501,27.724999999999998,42.19166666666667,13.733333333333334,984.9416666666666,120.58333333333333,1.3416666666666668,37.36666666666667,48.74166666666667,59.458333333333336,3.5,0.0,0.0,1866.25,160.0
2025-12-13 16:00:00,0.03075777094997156,16.48827046240525,15.963129953234223,27.083333333333332,45.05833333333334,14.166666666666666,985.2583333333333,66.08333333333333,1.2416666666666667,37.85,50.94166666666666,60.625,3.6,0.0,0.0,1866.25,152.5
2025-12-13 17:00:00,0.03120039480164203,3.607420548513086,3.4938029245591977,26.02,50.589999999999996,15.0,985.9399999999999,22.5,0.99,44.63,60.45,72.35,3.0,0.0,0.0,1866.25,104.0
2025-12-14 06:00:00,0.06590928692189556,1.4313335866231178,1.2561841951046722,17.633333333333336,92.8,16.483333333333334,989.8833333333333,14.0,0.15,104.96666666666665,116.51666666666667,157.46666666666667,0.9,0.0,0.0,1866.25,81.5
2025-12-14 07:00:00,0.01339948683493155,30.901640283839743,31.588185436092342,18.716666666666665,87.33333333333333,16.6,990.4083333333333,95.33333333333333,0.44999999999999996,113.58333333333333,126.06666666666666,170.36666666666667,1.5,0.0,0.0,1866.25,87.0
2025-12-14 08:00:00,0.03205228146952835,82.25036356675547,79.52931850519776,20.475,80.66666666666667,17.05,990.9666666666667,213.25,0.6833333333333335,113.43333333333334,125.91666666666667,170.19166666666666,1.8,0.0,0.0,1866.25,124.0
2025-12-14 09:00:00,0.019312406403704192,88.18355502585733,87.35466863552286,23.833333333333332,68.99166666666666,17.791666666666668,990.9583333333334,468.5833333333333,0.7999999999999999,96.47500000000001,116.21666666666665,147.63333333333333,2.3,0.0,0.0,1866.25,204.0
2025-12-14 10:00:00,0.01981483594617461,83.11427770828918,82.20932805330519,25.90833333333333,60.61666666666667,17.741666666666667,990.35,518.25,0.7583333333333333,72.77499999999999,98.20833333333333,117.26666666666667,3.1,0.0,0.0,1866.25,128.0
2025-12-14 11:00:00,0.021273390792007768,86.16861451366022,84.99424081528635,26.333333333333332,55.208333333333336,16.633333333333333,989.3083333333334,604.0,1.2750000000000001,54.85,71.025,81.46666666666667,3.9,0.0,0.0,1866.25,76.5
2025-12-14 12:00:00,0.02300451926997937,84.06219899681271,82.59211048938538,27.766666666666666,48.19166666666666,15.858333333333334,987.7916666666666,735.75,1.2583333333333333,44.35,57.525,66.8,3.9,0.0,0.0,1866.25,108.0
2025-12-14 13:00:00,0.021828067502447326,84.55445479662059,83.28030770484375,28.45,46.375,15.866666666666667,986.475,698.75,1.3333333333333333,43.31666666666666,55.0,62.583333333333336,4.6,0.0,0.0,1866.25,219.0
2025-12-14 14:00:00,0.013764802792509157,81.56532138638248,81.66711386678739,28.349999999999998,46.93333333333334,15.983333333333334,985.6333333333333,518.5,1.3083333333333333,44.18333333333334,57.53333333333333,66.98333333333333,3.7,0.0,0.0,1866.25,98.5
2025-12-14 15:00:00,0.01725770456929781,62.23899775762778,61.99635817911692,27.416666666666668,48.63333333333333,15.666666666666666,985.3083333333333,149.25,1.2083333333333333,50.375,66.27499999999999,78.61666666666666,3.3,0.0,0.0,1866.25,131.0
2025-12-14 16:00:00,0.027682261528737092,27.943230489173157,27.253185977978465,26.78333333333333,51.775,16.066666666666666,985.4,88.08333333333333,1.2,60.44166666666666,79.51666666666667,91.50833333333333,3.5,0.0,0.0,1866.25,106.0
2025-12-14 17:00:00,0.03669741562053796,5.024961341870536,4.81511132843193,25.8,56.17999999999999,16.44,985.8700000000001,25.9,1.03,67.22,91.78999999999999,106.05,3.4,0.0,0.0,1866.25,112.0
2025-12-15 06:00:00,0.06896174300947336,1.6741355521046668,1.4645274420442809,17.56,93.2,16.48,989.7,16.6,0.44000000000000006,140.0,155.4,210.04000000000002,1.3,0.0,0.0,1866.25,123.0
2025-12-15 07:00:00,0.003840583538775559,35.87232633919173,36.99806248232373,18.650000000000002,86.89999999999999,16.458333333333332,989.9916666666667,112.58333333333333,0.7083333333333334,144.18333333333334,160.06666666666666,216.3083333333333,1.7,0.0,0.0,1866.25,116.5
2025-12-15 08:00:00,0.034235035154784106,90.19623717150317,86.65515281768774,21.650000000000002,74.47500000000001,16.916666666666668,990.3833333333333,322.1666666666667,0.6333333333333333,141.80833333333334,157.42499999999998,212.74166666666667,2.1,0.0,0.0,1866.25,128.5
2025-12-15 09:00:00,0.021646717945322202,88.0495663005439,86.7690443272674,24.575,62.98333333333333,17.091666666666665,990.4083333333333,523.4166666666666,0.9166666666666666,107.10000000000001,141.80833333333334,171.17499999999998,4.6,0.0,0.0,1866.25,57.5
2025-12-15 10:00:00,0.025273937721452016,88.08082985998054,86.15952781336965,25.916666666666668,53.175000000000004,15.683333333333332,989.9916666666667,676.8333333333334,1.5333333333333332,52.35833333333333,69.0,80.25833333333334,4.8,0.0,0.0,1866.25,169.0
2025-12-15 11:00:00,0.025637766370602427,85.75032922650382,83.80045180124003,27.266666666666666,48.81666666666666,15.566666666666668,989.125,747.4166666666666,1.3,44.44166666666666,58.09166666666667,69.025,4.8,0.0,0.0,1866.25,195.5
2025-12-15 12:00:00,0.024005119627952584,84.93365227636367,83.27746465612951,28.458333333333332,41.791666666666664,14.25,987.8249999999999,768.1666666666666,1.4583333333333333,32.050000000000004,42.59166666666667,50.050000000000004,3.6,0.0,0.0,1866.25,158.5
2025-12-15 13:00:00,0.022696905288126318,84.7318144404641,83.30467237210847,29.041666666666668,42.05833333333333,14.883333333333333,986.725,688.3333333333334,1.425,38.53333333333334,50.916666666666664,59.36666666666667,4.0,0.0,0.0,1866.25,163.5
2025-12-15 14:00:00,0.01409280574210109,81.99010819992127,82.02610718268373,28.974999999999998,42.69166666666666,15.058333333333332,985.875,524.3333333333334,1.3833333333333335,40.858333333333334,54.225,63.041666666666664,4.4,0.0,0.0,1866.25,106.0
2025-12-15 15:00:00,0.021976697085661374,60.26540401880455,59.4471748856592,27.991666666666664,47.291666666666664,15.766666666666666,985.4583333333334,159.83333333333334,1.4000000000000001,50.86666666666667,66.81666666666666,78.85833333333333,4.2,0.0,0.0,1866.25,144.5
2025-12-15 16:00:00,0.02831346319594515,28.07968013226379,27.316638146805996,27.3,50.60833333333333,16.175,985.6999999999999,86.16666666666667,1.225,63.84166666666667,85.68333333333334,104.075,3.5,0.0,0.0,1866.25,118.5
2025-12-15 17:00:00,0.03293202688691324,3.820823735454387,3.7058759523237987,26.310000000000002,55.92,16.86,986.3700000000001,23.0,0.9200000000000002,75.94,103.59,124.67999999999999,3.4,0.0,0.0,1866.25,92.0
2025-12-16 06:00:00,0.06602066836827951,0.10197904913395096,0.09388169278323466,21.766666666666666,86.36666666666667,19.433333333333334,987.75,3.6666666666666665,0.0,184.9,205.26666666666665,277.4166666666667,0.0,0.0,0.0,1866.25,63.5
2025-12-16 07:00:00,0.05014788482180659,10.180206027884527,9.363971538099461,22.28333333333333,83.73333333333333,19.425,988.3833333333333,48.416666666666664,0.0,193.86666666666667,215.20000000000002,290.825,0.0,0.0,0.0,1866.25,104.5
2025-12-16 08:00:00,0.04374062255971888,46.427341424219975,44.334115420034344,23.474999999999998,78.16666666666667,19.491666666666667,989.2583333333333,140.66666666666666,0.0,192.46666666666667,213.63333333333333,288.7,0.0,0.0,0.0,1866.25,48.5
2025-12-16 09:00:00,0.04634116233224142,35.394858291758744,33.43649915337957,24.416666666666668,74.61666666666666,19.650000000000002,989.5833333333334,99.16666666666667,0.18333333333333335,163.79166666666666,185.95833333333334,249.86666666666667,2.1,0.0,0.0,1866.25,199.0
2025-12-16 10:00:00,0.04295144225009858,43.55545580495109,41.51926443076256,24.25,75.95,19.791666666666668,989.625,115.66666666666667,0.7916666666666666,163.14166666666668,181.08333333333334,244.73333333333335,2.5,0.0,0.0,1866.25,347.0
2025-12-16 11:00:00,0.04319578493478962,39.28588245167173,37.42610002207804,24.675,74.02499999999999,19.783333333333335,988.9333333333334,104.5,1.1166666666666667,138.94166666666666,157.70833333333334,209.85,3.5,0.0,0.0,1866.25,347.5
2025-12-16 12:00:00,0.04420822249880015,38.383966259170585,36.343457556802456,23.316666666666666,88.14166666666667,21.241666666666667,988.125,105.91666666666667,0.7333333333333334,161.65833333333333,179.45000000000002,242.5,1.7,3.0,0.5,1866.75,188.0
2025-12-16 13:00:00,0.02314874657277748,79.67239609432916,78.31655660737971,23.775000000000002,90.45833333333333,22.116666666666664,986.9333333333334,241.08333333333334,0.20833333333333334,159.10833333333332,176.63333333333333,238.66666666666666,1.3,0.0,0.5,1866.75,140.5
2025-12-16 14:00:00,0.022643182047656276,77.76143366649396,76.69611813010567,25.791666666666668,79.375,21.983333333333334,986.15,257.9166666666667,0.5166666666666667,129.09166666666667,144.04999999999998,194.20000000000002,2.4,0.0,0.5,1866.75,79.0
2025-12-16 15:00:00,0.04305350465170841,8.275386643579584,7.747573476418996,23.849999999999998,87.39999999999999,21.566666666666666,986.25,43.833333333333336,1.5083333333333335,120.10000000000001,138.82500000000002,181.59166666666667,4.8,3.0,0.75,1867.0,345.0
2025-12-16 16:00:00,0.04375284752015962,10.393511239528797,9.750853462794963,22.724999999999998,95.46666666666665,22.0,986.5,47.833333333333336,1.0416666666666667,126.90833333333335,140.89166666666668,190.4,3.5,0.0,0.75,1867.0,338.0
2025-12-16 17:00:00,0.05645896568065471,0.5673724178652548,0.532697851626634,22.836363636363636,94.7909090909091,21.963636363636365,986.8363636363637,5.818181818181818,0.06363636363636363,131.56363636363636,146.05454545454543,197.3909090909091,0.7,0.0,0.75,1867.0,200.0
2025-12-17 06:00:00,0.06082906002395437,0.5806891784295177,0.5372329047761611,21.771428571428572,97.02857142857144,21.285714285714285,989.0714285714286,9.0,0.1285714285714286,53.728571428571435,59.65714285714286,80.61428571428571,0.7,0.0,0.0,1867.5,327.0
2025-12-17 07:00:00,0.003331587563248519,26.7185232528725,29.347131101765438,22.7,93.93333333333334,21.691666666666666,989.7416666666667,98.5,0.5,51.34166666666667,57.00833333333333,77.01666666666667,2.2,0.0,0.0,1867.5,343.0
2025-12-17 08:00:00,0.04312734807978627,72.63881889405287,68.82577296913362,24.083333333333332,85.65833333333335,21.55,990.5166666666668,211.41666666666666,1.2833333333333334,45.958333333333336,51.041666666666664,68.99166666666666,3.7,0.0,0.0,1867.5,350.0
2025-12-17 09:00:00,0.024409966275684893,82.95360134503618,81.29777484835752,25.15833333333333,78.76666666666667,21.216666666666665,990.9333333333334,269.0,1.0583333333333333,42.15,46.775,63.225,3.3,0.0,0.0,1867.5,329.0
2025-12-17 10:00:00,0.023699133983106805,83.74492671664278,82.1786883797793,26.13333333333333,71.76666666666667,20.658333333333335,990.85,385.1666666666667,1.3583333333333334,34.225,39.15,52.26666666666667,4.7,0.0,0.0,1867.5,328.0
2025-12-17 11:00:00,0.02416583332654379,81.31293306677428,79.71606436218285,27.733333333333334,62.74166666666667,19.974999999999998,989.8333333333334,551.1666666666666,1.7916666666666667,22.400000000000002,28.358333333333334,34.166666666666664,4.9,0.0,0.0,1867.5,195.5
2025-12-17 12:00:00,0.023762899173358765,82.71731949151534,81.12464074549705,28.683333333333334,55.125,18.808333333333334,988.6833333333334,598.4166666666666,1.8,17.900000000000002,22.208333333333332,26.40833333333333,5.1,0.0,0.0,1867.5,339.0
2025-12-17 13:00:00,0.022313090521362006,82.40319555559716,81.07554263785123,29.641666666666666,49.43333333333334,17.925,987.6,610.0833333333334,1.6416666666666666,14.299999999999999,18.150000000000002,22.608333333333334,4.7,0.0,0.0,1867.5,331.5
2025-12-17 14:00:00,0.020294539053410932,69.36896883354335,68.63700207888492,29.425,49.449999999999996,17.758333333333333,986.8583333333332,465.3333333333333,1.491666666666667,17.925,23.175,27.008333333333336,4.5,0.0,0.0,1867.5,338.0
2025-12-17 15:00:00,0.02413466506109299,56.691039712270374,55.85100705727396,28.816666666666666,50.675000000000004,17.583333333333332,986.4499999999999,162.66666666666666,1.6083333333333334,25.333333333333332,32.59166666666667,38.800000000000004,4.8,0.0,0.0,1867.5,329.5
2025-12-17 16:00:00,0.027425650838527275,27.38002502144823,26.725412471805,28.166666666666668,52.75833333333333,17.641666666666666,986.6833333333334,84.08333333333333,1.4416666666666667,34.15,44.01666666666667,51.800000000000004,4.3,0.0,0.0,1867.5,324.0
2025-12-17 17:00:00,0.03108053351811384,4.718719125497524,4.605683961405299,27.080000000000002,57.720000000000006,18.04,987.29,24.9,1.4300000000000002,55.61,73.5,85.03,3.6,0.0,0.0,1867.5,345.5
2025-12-18 06:00:00,0.05552817203108614,0.5411625998802284,0.49983478764358474,17.98,94.66,17.1,990.3,7.8,0.27999999999999997,126.0,139.85999999999999,188.98,1.3,0.0,0.0,1867.5,201.0
2025-12-18 07:00:00,0.055845426606331385,21.665245125217577,19.870580313726915,18.208333333333332,92.24166666666667,16.95,990.8916666666668,70.58333333333333,0.5833333333333334,137.6,152.725,206.42499999999998,2.0,0.0,0.0,1867.5,211.5
2025-12-18 08:00:00,0.024165786121907628,86.02356747926473,84.60646953719598,20.483333333333334,80.10833333333333,16.95,991.225,260.5833333333333,0.5750000000000001,117.49166666666667,130.44166666666666,176.26666666666665,2.4,0.0,0.0,1867.5,134.0
2025-12-18 09:00:00,0.017635696585544425,88.21148977570549,87.67223932200154,22.866666666666664,72.21666666666667,17.608333333333334,991.375,387.8333333333333,0.725,113.79166666666667,134.45000000000002,174.60833333333335,1.8,0.0,0.0,1867.5,139.0
2025-12-18 10:00:00,0.01894254351419961,86.17859158168547,85.41618722308367,24.958333333333332,65.8,18.116666666666667,991.0749999999999,441.9166666666667,0.9916666666666667,112.71666666666665,151.91666666666666,184.53333333333333,3.8,0.0,0.0,1867.5,143.5
2025-12-18 11:00:00,0.02080618894623145,88.26911204044912,87.13724447999151,26.05,57.475,17.016666666666666,990.2083333333334,621.6666666666666,1.5999999999999999,77.39166666666667,105.31666666666666,121.625,5.0,0.0,0.0,1867.5,98.0
2025-12-18 12:00:00,0.02034510048534244,86.67239817819943,85.6110027081037,26.941666666666666,54.6,17.05,988.9333333333334,589.25,1.4583333333333333,71.79166666666667,95.20833333333333,108.31666666666666,4.2,0.0,0.0,1867.5,124.5
2025-12-18 13:00:00,0.020618934929108268,85.55685587980669,84.45056694985324,27.933333333333334,51.03333333333333,16.891666666666666,987.6833333333334,562.75,1.2583333333333333,68.53333333333333,90.65833333333335,105.61666666666667,4.6,0.0,0.0,1867.5,316.0
2025-12-18 14:00:00,0.01856473149474076,84.85239094682908,84.13042382009563,28.041666666666668,49.63333333333333,16.575,986.7583333333333,428.25,1.2666666666666666,60.1,79.86666666666666,92.125,4.6,0.0,0.0,1867.5,136.0
2025-12-18 15:00:00,0.017233039864730283,74.03690228523796,73.58550734777357,27.633333333333336,50.550000000000004,16.46666666666667,986.375,196.0,1.1666666666666667,65.65833333333333,88.08333333333333,104.325,4.2,0.0,0.0,1867.5,192.0
2025-12-18 16:00:00,0.02327077052526889,28.803470408550343,28.34685133486387,26.925,54.1,16.891666666666666,986.3916666666665,80.83333333333333,1.1166666666666667,75.925,103.625,124.125,3.1,0.0,0.0,1867.5,117.0
2025-12-18 17:00:00,0.026144039949830975,4.496185373998993,4.426909124858213,25.80909090909091,59.11818181818182,17.227272727272727,986.7181818181817,26.09090909090909,0.7363636363636363,85.41818181818182,114.82727272727271,138.63636363636363,2.7,0.0,0.0,1867.5,122.0
2025-12-19 06:00:00,0.05807788433532396,0.8359097417757232,0.7630933386422637,18.342857142857145,95.45714285714287,17.657142857142855,989.2285714285715,9.285714285714286,0.19999999999999998,172.4,191.37142857142857,258.64285714285717,1.5,0.0,0.0,1867.5,115.0
2025-12-19 07:00:00,0.05757500205251792,19.05131940283616,17.350259640534883,18.775000000000002,93.41666666666667,17.741666666666667,989.8833333333333,65.83333333333333,0.15833333333333333,185.6916666666667,206.14166666666665,278.5833333333333,1.4,0.0,0.0,1867.5,132.5
2025-12-19 08:00:00,0.03556011367499981,78.5948074904159,75.85179119846426,20.433333333333334,84.64166666666667,17.791666666666668,990.725,192.66666666666666,0.45,180.73333333333335,200.625,271.14166666666665,1.9,0.0,0.0,1867.5,129.5
2025-12-19 09:00:00,0.0209717621747833,88.55805329795662,87.44646988734614,23.474999999999998,72.58333333333333,18.224999999999998,990.475,468.9166666666667,0.625,162.19166666666666,187.125,249.6,1.8,0.0,0.0,1867.5,148.0
2025-12-19 10:00:00,0.021854189516598264,86.43200821636312,85.17300198476204,25.916666666666668,59.74166666666667,17.5,989.8166666666666,545.6666666666666,0.8083333333333332,134.15833333333333,191.71666666666667,228.125,2.8,0.0,0.0,1867.5,231.0
2025-12-19 11:00:00,0.022547580842482203,86.67438291525939,85.28995849575931,26.266666666666666,50.925000000000004,15.341666666666667,988.8083333333334,487.1666666666667,1.0416666666666667,90.53333333333335,124.29166666666667,144.00833333333333,3.3,0.0,0.0,1867.5,193.5
2025-12-19 12:00:00,0.021680240258351233,86.4056968594823,85.17788805358896,27.34166666666667,44.19166666666666,14.091666666666667,987.5583333333334,617.0,1.1416666666666668,77.33333333333333,105.05,121.10000000000001,3.7,0.0,0.0,1867.5,162.5
2025-12-19 13:00:00,0.021016173117347325,84.80380574094342,83.69345083410535,28.016666666666666,40.69166666666667,13.458333333333334,986.275,616.1666666666666,1.2416666666666667,67.34166666666667,90.25,105.95833333333333,3.6,0.0,0.0,1867.5,163.0
2025-12-19 14:00:00,0.01469702796969879,83.0050475025796,82.97519325252014,28.208333333333332,39.641666666666666,13.208333333333334,985.1416666666668,517.4166666666666,1.1833333333333333,64.375,85.47500000000001,100.3,3.8,0.0,0.0,1867.5,78.0
2025-12-19 15:00:00,0.016369589509225825,73.34819411353769,73.09282671291423,27.375,45.333333333333336,14.558333333333332,984.6750000000001,185.41666666666666,1.0833333333333333,78.97500000000001,107.825,127.21666666666665,3.6,0.0,0.0,1867.5,135.5
2025-12-19 16:00:00,0.02781472789936439,39.66271812977589,38.765022200401916,26.816666666666666,48.01666666666667,14.908333333333333,984.7166666666667,101.0,0.9916666666666667,86.20833333333333,120.04166666666667,142.30833333333334,3.2,0.0,0.0,1867.5,163.5
2025-12-19 17:00:00,0.0347336841983795,5.3862288232560465,5.196167129226604,25.60909090909091,52.22727272727273,15.118181818181819,984.8272727272728,27.363636363636363,0.7181818181818183,95.95454545454545,134.79999999999998,163.13636363636363,2.2,0.0,0.0,1867.5,172.0
2025-12-20 06:00:00,0.05652152303004,0.6207900281172902,0.572630269154403,17.759999999999998,88.42,15.84,986.82,10.8,0.7,140.76,156.26,211.16,1.3,0.0,0.0,1867.5,75.0
2025-12-20 07:00:00,0.050942085590612696,35.13979621271775,32.98448902315605,18.233333333333334,85.75833333333333,15.866666666666667,987.4083333333333,101.83333333333333,0.6916666666666668,145.85833333333332,161.90833333333333,218.8083333333333,2.0,0.0,0.0,1867.5,116.5
2025-12-20 08:00:00,0.02957344072276991,87.86547242505976,85.32212907867554,20.783333333333335,74.35833333333333,16.066666666666666,988.2333333333332,279.25,0.6833333333333332,147.64166666666668,163.86666666666667,221.475,1.8,0.0,0.0,1867.5,133.5
2025-12-20 09:00:00,0.02076922661893074,88.10933544228995,87.02123718177437,23.816666666666666,65.44166666666666,16.933333333333334,988.2583333333333,461.6666666666667,0.5499999999999999,142.125,184.40833333333333,228.99166666666667,1.6,0.0,0.0,1867.5,53.0
2025-12-20 10:00:00,0.021211011230777916,85.5237674344686,84.3666968956032,26.233333333333334,53.21666666666667,15.916666666666666,987.9583333333334,584.9166666666666,0.8333333333333334,114.85000000000001,161.9,193.525,2.7,0.0,0.0,1867.5,81.5
2025-12-20 11:00:00,0.022058559663043615,85.63832595878542,84.32734066019596,26.541666666666668,47.333333333333336,14.450000000000001,987.0916666666667,640.0833333333334,1.2583333333333335,94.27499999999999,130.32500000000002,152.98333333333332,3.6,0.0,0.0,1867.5,60.5
2025-12-20 12:00:00,0.021654123391387,85.0783585842115,83.82311947633785,27.183333333333334,45.699999999999996,14.466666666666667,985.9333333333334,639.8333333333334,1.3,95.09166666666665,132.53333333333333,153.75833333333333,3.7,0.0,0.0,1867.5,200.5
2025-12-20 13:00:00,0.021177531200121818,84.98546904823029,83.82440742476116,27.775000000000002,44.0,14.433333333333332,984.7583333333333,619.1666666666666,1.4666666666666668,92.425,128.4,153.35833333333332,3.9,0.0,0.0,1867.5,176.0
2025-12-20 14:00:00,0.018904133590597675,83.77604232011512,83.0223169732988,28.133333333333336,43.13333333333333,14.441666666666668,983.9833333333332,463.6666666666667,1.0333333333333334,95.40833333333335,132.08333333333334,156.69166666666666,3.0,0.0,0.0,1867.5,111.0
2025-12-20 15:00:00,0.018689320422580934,77.17800707902228,76.47823341901648,27.3,44.791666666666664,14.266666666666666,983.7083333333334,203.41666666666666,1.0166666666666668,101.70833333333333,142.01666666666665,171.25,3.3,0.0,0.0,1867.5,139.0
2025-12-20 16:00:00,0.02963939285593171,42.11854359439911,40.966909492970984,26.575,48.06666666666666,14.733333333333334,983.975,107.16666666666667,0.9916666666666667,115.35833333333333,162.55833333333334,194.5666666666667,3.0,0.0,0.0,1867.5,158.5
2025-12-20 17:00:00,0.03415367963056793,4.856910560534103,4.6840177723003045,25.52,51.970000000000006,14.959999999999999,984.5,26.6,0.42000000000000004,117.5,169.36,206.63000000000002,2.3,0.0,0.0,1867.5,171.5
2025-12-21 06:00:00,0.06077303722607776,1.0300432982907322,0.9315546278264337,18.78,86.47999999999999,16.52,987.68,12.4,0.74,179.12,198.82,268.7,2.0,0.0,0.0,1867.5,156.0
2025-12-21 07:00:00,0.053689416542488384,29.89446572733537,27.879311405365964,19.283333333333335,84.41666666666667,16.608333333333334,988.3666666666667,92.08333333333333,0.7999999999999999,179.29166666666666,199.00833333333333,268.925,2.5,0.0,0.0,1867.5,72.5
2025-12-21 08:00:00,0.027536939975890115,80.63324205036871,78.53293639317744,21.616666666666664,74.90833333333333,17.0,988.8166666666666,193.91666666666666,0.7000000000000001,172.95000000000002,191.96666666666667,259.44166666666666,2.0,0.0,0.0,1867.5,154.5
2025-12-21 09:00:00,0.0219696499342021,84.83445280653459,83.58458433271815,23.608333333333334,67.025,17.125,988.9333333333334,338.5,0.5916666666666667,163.03333333333333,218.10833333333335,275.44166666666666,1.4,0.0,0.0,1867.5,157.0
2025-12-21 10:00:00,0.01956305318210404,85.67153170605212,84.81282748147909,25.78333333333333,59.425000000000004,17.291666666666668,988.6750000000001,468.75,0.5666666666666667,142.11666666666667,205.0666666666667,250.4333333333333,1.9,0.0,0.0,1867.5,145.0
2025-12-21 11:00:00,0.021988538074144248,84.29665615531,83.02649615424603,26.583333333333332,60.46666666666667,18.316666666666666,988.1083333333332,475.75,1.1916666666666667,121.35833333333333,169.29999999999998,200.76666666666665,3.8,0.0,0.0,1867.5,176.5
2025-12-21 12:00:00,0.021747843959272452,84.11669455655793,82.8889495343561,27.016666666666666,59.35,18.425,987.0666666666666,453.8333333333333,1.2416666666666667,115.675,165.20833333333334,196.90833333333333,3.8,0.0,0.0,1867.5,322.5
2025-12-21 13:00:00,0.019844511867379067,85.19026992129695,84.27764016355353,27.733333333333334,54.00833333333333,17.591666666666665,986.0083333333333,532.75,1.4666666666666668,100.95833333333333,142.4,169.33333333333334,4.1,0.0,0.0,1867.5,125.5
2025-12-21 14:00:00,0.019067287332245858,84.77780697761943,84.019955511786,27.833333333333332,54.48333333333333,17.849999999999998,985.2083333333334,434.9166666666667,1.5083333333333335,100.54166666666667,143.20000000000002,171.39166666666665,5.6,0.0,0.0,1867.5,112.0
2025-12-21 15:00:00,0.0184354355836196,78.3158281875391,77.68285315100178,27.46666666666667,53.824999999999996,17.308333333333334,984.9333333333334,212.0,1.3499999999999999,102.22500000000001,145.91666666666666,173.84166666666667,4.3,0.0,0.0,1867.5,102.0
2025-12-21 16:00:00,0.028547680117760838,40.33266926239112,39.34045167665672,26.775000000000002,56.25833333333333,17.366666666666667,984.9083333333333,103.91666666666667,1.3833333333333335,112.54166666666667,161.10833333333332,196.775,4.7,0.0,0.0,1867.5,116.0
2025-12-21 17:00:00,0.03433207021872436,4.640708711509677,4.48120278965779,25.672727272727272,61.9,17.836363636363636,985.2363636363636,25.272727272727273,1.290909090909091,124.84545454545454,173.95454545454547,218.2,5.0,0.0,0.0,1867.5,115.0
2025-12-22 06:00:00,0.056072574037515664,0.6836028250563034,0.6339725822575057,19.366666666666667,89.5,17.650000000000002,987.8833333333333,11.0,0.5,154.91666666666666,171.98333333333335,232.4,2.0,0.0,0.0,1867.5,85.0
2025-12-22 07:00:00,0.06383392532416383,22.66540604059016,20.143880506396176,19.958333333333332,86.075,17.6,988.4416666666666,80.75,0.525,160.80833333333334,178.49166666666667,241.225,1.7,0.0,0.0,1867.5,92.0
2025-12-22 08:00:00,0.03328602872077531,86.5208206526691,83.39695976758868,22.516666666666666,74.53333333333333,17.775,988.9333333333334,288.5,0.6916666666666668,157.79166666666666,176.84166666666667,238.36666666666667,2.3,0.0,0.0,1867.5,121.0
2025-12-22 09:00:00,0.021699514997056815,87.07652148952532,85.85439467714008,25.3,64.06666666666666,18.0,988.9583333333334,464.1666666666667,0.6083333333333333,136.20833333333334,191.01666666666665,237.3083333333333,2.1,0.0,0.0,1867.5,89.0
2025-12-22 10:00:00,0.026424016731519017,78.15322932319889,76.5566811897602,25.925,62.800000000000004,18.308333333333334,988.6750000000001,426.6666666666667,0.975,100.41666666666667,142.48333333333332,174.11666666666667,3.1,0.0,0.0,1867.5,161.0
2025-12-22 11:00:00,0.02274596331102338,85.19983435501094,83.80481463717004,26.299999999999997,58.98333333333333,17.658333333333335,987.8666666666667,419.75,1.2166666666666666,51.36666666666667,69.89999999999999,82.83333333333333,4.0,0.0,0.0,1867.5,77.5
2025-12-22 12:00:00,0.023791940874383036,84.6599721191675,83.09131339966272,27.724999999999998,53.099999999999994,17.341666666666665,986.6583333333333,594.0,1.2833333333333334,39.525,52.75,63.916666666666664,4.0,0.0,0.0,1867.5,89.0
2025-12-22 13:00:00,0.03148088865543079,72.87280497764372,71.00772327275054,27.191666666666666,54.25833333333333,17.158333333333335,985.775,250.25,1.2916666666666667,39.56666666666667,52.775,63.425000000000004,4.2,0.0,0.0,1867.5,113.5
2025-12-22 14:00:00,0.016546384183403883,81.52691282130365,81.2652435912165,28.083333333333332,51.525,17.175,984.975,430.4166666666667,1.4333333333333333,37.375,50.24166666666667,59.550000000000004,5.6,0.0,0.0,1867.5,135.0
2025-12-22 15:00:00,0.019965861223294242,75.50001665666453,74.6589274784717,26.566666666666666,61.583333333333336,18.608333333333334,984.6083333333335,203.75,1.5583333333333333,60.949999999999996,84.51666666666667,104.425,4.2,0.0,0.0,1867.5,167.0
2025-12-22 16:00:00,0.03782587357162472,42.764243508994376,41.21169777286792,26.316666666666666,60.81666666666666,18.166666666666668,984.8583333333332,112.08333333333333,1.2750000000000001,60.199999999999996,82.47500000000001,101.89999999999999,4.0,0.0,0.0,1867.5,339.0
2025-12-22 17:00:00,0.04604082703806744,4.685997710591434,4.395789344563738,25.669999999999998,61.410000000000004,17.71,985.3299999999999,25.0,1.0,55.32000000000001,72.76,90.76,3.3,0.0,0.0,1867.5,95.5
2025-12-23 06:00:00,0.06655276944078911,0.5566680054480628,0.49793661339841166,17.9,94.44,17.02,987.28,7.4,0.0,111.05999999999999,123.32000000000001,166.64000000000001,0.0,0.0,0.0,1867.5,93.0
2025-12-23 07:00:00,0.013489607880106733,31.485399670225622,32.80082903438947,18.8,90.04166666666667,17.125,987.6916666666666,99.66666666666667,0.3833333333333333,117.14999999999999,130.025,175.75,1.6,0.0,0.0,1867.5,115.0
2025-12-23 08:00:00,0.04196530135475673,88.65989940568778,83.90983777029831,21.375,78.69166666666666,17.541666666666668,988.225,288.8333333333333,0.6083333333333333,121.825,135.20833333333334,182.73333333333335,1.6,0.0,0.0,1867.5,99.5
2025-12-23 09:00:00,0.019903498174453915,87.38578285373926,86.40019555001307,24.650000000000002,67.19166666666666,18.191666666666666,988.1416666666668,483.9166666666667,0.5416666666666666,103.66666666666667,128.45833333333334,167.86666666666667,1.8,0.0,0.0,1867.5,56.0
2025-12-23 10:00:00,0.022797214653770038,87.15962131084412,85.64947657611862,26.2,58.725,17.5,987.75,633.5,1.3666666666666665,85.14999999999999,118.46666666666665,148.625,4.2,0.0,0.0,1867.5,184.5
2025-12-23 11:00:00,0.02185907354952023,82.82052752496558,81.57363214168727,28.166666666666668,49.86666666666667,16.7,986.9833333333332,706.9166666666666,0.975,65.3,90.44166666666666,109.5,3.9,0.0,0.0,1867.5,214.0
2025-12-23 12:00:00,0.020332918022809374,83.32037661337247,82.3214033751836,28.816666666666666,45.60833333333333,15.916666666666666,985.9250000000001,646.0,0.8083333333333332,47.03333333333333,63.85,76.675,3.3,0.0,0.0,1867.5,194.0
2025-12-23 13:00:00,0.0210788031197738,82.320305157973,81.206239203702,29.258333333333336,43.550000000000004,15.616666666666667,984.9499999999999,588.6666666666666,1.0,46.833333333333336,63.10833333333333,76.34166666666667,3.4,0.0,0.0,1867.5,80.0
2025-12-23 14:00:00,0.013901892045875124,80.40366796930614,80.47121571968867,29.683333333333334,42.25833333333333,15.491666666666667,984.2416666666667,499.1666666666667,0.8833333333333333,47.21666666666667,65.45,79.19166666666666,3.4,0.0,0.0,1867.5,260.5
2025-12-23 15:00:00,0.01996588525778881,61.37304126782788,60.77936485461896,28.333333333333332,44.25,15.033333333333333,983.9166666666666,179.5,1.2,46.51666666666667,64.31666666666666,78.89999999999999,3.5,0.0,0.0,1867.5,332.5
2025-12-23 16:00:00,0.03196399787422801,24.33436159689208,23.569666130875007,27.933333333333334,44.78333333333333,14.866666666666667,984.0333333333333,80.0,1.0,48.78333333333333,66.77499999999999,83.91666666666667,3.2,0.0,0.0,1867.5,333.0
2025-12-23 17:00:00,0.034257483106664745,4.108579038935729,3.964257110036922,26.89090909090909,51.35454545454545,16.018181818181816,984.4454545454545,24.09090909090909,0.8,60.627272727272725,85.74545454545455,107.26363636363637,2.9,0.0,0.0,1867.5,328.0
2025-12-24 06:00:00,0.059229092112205575,0.8389523075028416,0.7611267345363234,18.35,93.725,17.375,987.75,10.25,0.3,145.025,161.0,217.575,1.2,0.0,0.0,1867.5,237.5
2025-12-24 07:00:00,0.05801790642880699,26.27537672999105,24.2325711841065,19.066666666666666,90.27499999999999,17.45,988.225,82.33333333333333,0.5083333333333333,144.31666666666666,160.20833333333334,216.51666666666665,2.0,0.0,0.0,1867.5,138.5
2025-12-24 08:00:00,0.04618290977242013,75.15241211731444,71.26467098067268,20.866666666666667,82.40833333333333,17.775000000000002,988.8083333333334,221.0,0.6,150.92499999999998,167.55,226.45000000000002,1.6,0.0,0.0,1867.5,142.5
2025-12-24 09:00:00,0.02222007353792824,84.21127270255857,82.88352088008692,23.25,73.175,18.166666666666668,988.9083333333333,303.5,0.6416666666666667,148.54999999999998,182.725,239.01666666666665,2.1,0.0,0.0,1867.5,76.0
2025-12-24 10:00:00,0.022108332437148825,85.2680706604782,83.93709193916992,25.383333333333336,62.074999999999996,17.608333333333334,988.8083333333333,413.0833333333333,0.5,137.25,200.91666666666666,250.41666666666666,1.6,0.0,0.0,1867.5,54.0
2025-12-24 11:00:00,0.02197626648668854,82.83123746251442,81.56935946388155,25.400000000000002,60.324999999999996,17.175,988.125,343.5,0.7916666666666666,115.14166666666667,163.61666666666667,199.67499999999998,2.8,0.0,0.0,1867.5,248.0
2025-12-24 12:00:00,0.0230843554287445,87.32857169695224,85.78240413165389,26.008333333333336,57.625,17.033333333333335,987.0,481.0,1.2916666666666667,101.53333333333335,145.04999999999998,174.60833333333335,3.9,0.0,0.0,1867.5,198.0
2025-12-24 13:00:00,0.022838901698129507,87.5344758054714,86.0418075182318,26.575,56.59166666666667,17.258333333333333,985.9416666666666,542.5,1.2666666666666666,95.49166666666667,135.01666666666665,163.99166666666667,3.4,0.0,0.0,1867.5,323.0
2025-12-24 14:00:00,0.016879552852651265,84.4998719391741,84.04279067124062,27.175,55.074999999999996,17.400000000000002,984.9333333333334,490.8333333333333,1.0666666666666667,84.29166666666667,118.05833333333334,146.94166666666666,3.5,0.0,0.0,1867.5,172.5
2025-12-24 15:00:00,0.019854889058231524,78.20703661312609,77.31117417967688,27.275000000000002,55.15,17.508333333333333,984.2583333333333,225.33333333333334,0.9249999999999999,90.96666666666665,126.71666666666665,157.48333333333332,3.1,0.0,0.0,1867.5,147.0
2025-12-24 16:00:00,0.034716931990078234,43.511663911486444,41.907032046366815,26.599999999999998,56.574999999999996,17.3,984.2416666666667,111.33333333333333,0.8416666666666667,98.03333333333335,138.225,174.42499999999998,2.9,0.0,0.0,1867.5,148.0
2025-12-24 17:00:00,0.0422089531320728,6.8790275075100205,6.500979732745169,25.818181818181817,58.99090909090909,17.2,984.5818181818181,28.545454545454547,0.5272727272727272,104.56363636363636,148.84545454545454,190.34545454545457,3.0,0.0,0.0,1867.5,294.0
2025-12-25 06:00:00,0.06178210184137954,0.6615549140149068,0.5993498406362379,17.88,93.52000000000001,16.86,988.7,8.8,0.72,162.42000000000002,180.28,243.61999999999998,1.6,0.0,0.0,1867.5,184.0
2025-12-25 07:00:00,0.04471482373432912,30.140665042708093,29.014168173503723,18.458333333333332,89.88333333333333,16.808333333333334,989.125,89.08333333333333,0.45,165.41666666666666,183.6,248.14166666666665,1.9,0.0,0.0,1867.5,158.5
2025-12-25 08:00:00,0.03266009706527383,88.26671301187007,85.18799422557284,20.758333333333333,79.39166666666667,17.091666666666665,989.7666666666668,265.9166666666667,0.75,164.20000000000002,182.28333333333333,246.3083333333333,2.1,0.0,0.0,1867.5,130.5
2025-12-25 09:00:00,0.0220301670756629,88.92051210857431,87.57555393751488,23.666666666666668,69.05833333333334,17.658333333333335,989.5,459.6666666666667,0.7666666666666666,150.75833333333335,189.88333333333333,249.83333333333334,1.9,0.0,0.0,1867.5,62.5
2025-12-25 10:00:00,0.02440188179796926,85.49302312930075,83.7911687075531,26.608333333333334,60.375,18.325,989.0333333333333,588.75,0.7166666666666667,126.35000000000001,182.75833333333333,228.35,2.2,0.0,0.0,1867.5,142.0
2025-12-25 11:00:00,0.024099649648384167,84.72073847828374,83.08537267185515,27.474999999999998,54.458333333333336,17.474999999999998,987.9250000000001,673.5,1.0,76.64166666666667,108.44166666666666,135.58333333333334,3.6,0.0,0.0,1867.5,189.0
2025-12-25 12:00:00,0.025382384438700906,82.98180031844055,81.1538270456701,28.575,49.291666666666664,16.908333333333335,986.4499999999999,692.5,1.1416666666666666,50.46666666666667,69.09166666666667,82.34166666666667,3.7,0.0,0.0,1867.5,260.0
2025-12-25 13:00:00,0.020105406149040942,83.64334480947686,82.72193492289806,29.333333333333332,46.65833333333333,16.766666666666666,985.35,661.0833333333334,1.2916666666666667,44.425000000000004,60.40833333333333,71.79166666666667,3.9,0.0,0.0,1867.5,167.5
2025-12-25 14:00:00,0.016403951409999624,81.20286810171153,80.94633593514273,29.625,45.46666666666667,16.625,984.6,477.8333333333333,1.0999999999999999,38.958333333333336,53.28333333333333,64.38333333333334,4.0,0.0,0.0,1867.5,116.5
2025-12-25 15:00:00,0.022652972339493833,72.8076863563265,71.6505070349648,28.5,51.15,17.408333333333335,984.2083333333334,218.75,1.2666666666666666,48.39166666666667,66.70833333333333,83.10833333333333,3.1,0.0,0.0,1867.5,137.0
2025-12-25 16:00:00,0.035524188127990096,47.357408447248304,45.52608483954243,27.375,61.425000000000004,19.291666666666668,984.6083333333332,120.83333333333333,1.4666666666666668,76.58333333333333,107.31666666666666,132.84166666666667,4.2,0.0,0.0,1867.5,138.5
2025-12-25 17:00:00,0.04513528864637254,4.612690841240539,4.310789600999214,26.391666666666666,66.06666666666666,19.533333333333335,985.5583333333334,27.166666666666668,1.325,102.40833333333335,133.46666666666667,169.33333333333334,4.8,0.0,0.0,1867.5,99.0
2025-12-26 06:00:00,0.06316528458095431,0.7005686862929299,0.6330465907013277,20.240000000000002,94.14,19.28,987.76,9.2,0.0,104.47999999999999,115.97999999999999,156.74,0.0,0.0,0.0,1867.5,51.0
2025-12-26 07:00:00,0.062212298883846905,22.654079988047602,20.252155700367748,20.966666666666665,89.98333333333333,19.25,988.275,74.5,0.0,106.50833333333333,118.21666666666665,159.78333333333333,0.0,0.0,0.0,1867.5,45.0
2025-12-26 08:00:00,0.030758171997192645,85.0423380262196,82.44023839671756,23.166666666666668,78.71666666666667,19.283333333333335,988.9499999999999,253.83333333333334,0.35833333333333334,92.38333333333333,102.56666666666666,138.58333333333334,2.5,0.0,0.0,1867.5,176.0
2025-12-26 09:00:00,0.024704287511854998,86.46468689268043,84.76342812334538,24.816666666666666,69.45833333333333,18.875,988.9499999999999,330.9166666666667,0.9583333333333334,80.48333333333333,99.69166666666666,130.1,2.6,0.0,0.0,1867.5,99.0
2025-12-26 10:00:00,0.025915642655960556,86.54662951933044,84.64411986210422,26.133333333333336,62.90833333333333,18.5,988.6416666666668,556.9166666666666,1.2666666666666666,79.43333333333332,107.45,132.54166666666666,3.6,0.0,0.0,1867.5,326.0
2025-12-26 11:00:00,0.02414459109864593,85.33191062113585,83.73065959406559,27.016666666666666,59.791666666666664,18.566666666666666,987.8083333333334,465.75,0.975,70.27499999999999,96.84166666666665,118.66666666666667,3.7,0.0,0.0,1867.5,90.5
2025-12-26 12:00:00,0.022395234758441032,83.88115436569498,82.6223756603335,28.433333333333334,52.49166666666667,17.783333333333335,986.2583333333333,675.8333333333334,1.275,59.53333333333333,80.45,99.69166666666666,3.8,0.0,0.0,1867.5,127.5
2025-12-26 13:00:00,0.022390142792927798,78.20437542117718,77.01346843104527,28.15833333333333,52.25,17.491666666666667,985.1083333333332,303.0,0.9416666666666668,60.541666666666664,84.05,103.10833333333333,3.2,0.0,0.0,1867.5,118.0
2025-12-26 14:00:00,0.029826784519522934,71.67013490743065,70.15250936212536,27.741666666666664,54.63333333333333,17.741666666666667,984.4583333333334,335.25,1.4083333333333332,75.95,105.825,131.65833333333333,6.2,0.0,0.0,1867.5,222.0
2025-12-26 15:00:00,0.022730047224059916,72.66680251517028,71.66250686098024,27.675,52.44166666666666,17.091666666666665,984.1416666666668,196.91666666666666,1.1833333333333333,79.575,112.68333333333334,139.15833333333333,3.9,0.0,0.0,1867.5,132.5
2025-12-26 16:00:00,0.022026310473966457,42.82900026180882,42.6346115405442,26.974999999999998,57.416666666666664,17.883333333333333,984.3416666666667,112.41666666666667,1.2916666666666667,97.14166666666667,140.44166666666666,172.20000000000002,3.9,0.0,0.0,1867.5,103.0
2025-12-26 17:00:00,0.044639768033401785,5.321906311073891,5.063460322636614,25.641666666666666,64.76666666666667,18.541666666666668,985.1666666666666,28.0,1.3583333333333334,94.63333333333333,124.02499999999999,157.375,4.2,0.0,0.0,1867.5,93.5
2025-12-27 06:00:00,0.06155424836630085,0.9854809279054839,0.8863360842304553,18.075,93.525,17.05,988.725,12.75,0.22499999999999998,155.075,172.15,232.65,0.7,0.0,0.0,1867.5,162.0
2025-12-27 07:00:00,0.03930598154449654,27.96490462070193,27.39889688677127,19.366666666666667,88.71666666666665,17.45,989.0500000000001,88.16666666666667,0.125,155.725,172.875,233.61666666666667,1.4,0.0,0.0,1867.5,90.5
2025-12-27 08:00:00,0.040470278849681386,87.65559053958007,83.3897776469334,21.958333333333332,76.41666666666667,17.641666666666666,989.5333333333333,279.0833333333333,0.525,127.95,142.03333333333333,191.96666666666667,1.8,0.0,0.0,1867.5,105.5
2025-12-27 09:00:00,0.021736865161189875,87.775284322598,86.43980558591886,24.59166666666667,65.70833333333333,17.791666666666668,989.5083333333333,480.25,0.625,111.89999999999999,149.775,187.475,1.6,0.0,0.0,1867.5,114.0
2025-12-27 10:00:00,0.021701745576574793,85.54496076349538,84.268727451747,26.058333333333334,55.074999999999996,16.325,989.2083333333334,631.1666666666666,0.9500000000000001,79.95,113.50833333333333,137.13333333333333,3.0,0.0,0.0,1867.5,206.0
2025-12-27 11:00:00,0.025543869289645343,84.74571783517848,82.83899008656941,27.233333333333334,47.375,15.066666666666668,988.25,646.0,1.4000000000000001,51.550000000000004,72.325,86.48333333333333,4.6,0.0,0.0,1867.5,332.0
2025-12-27 12:00:00,0.024608208550517485,84.20508806351928,82.47796170642395,28.258333333333336,47.03333333333333,15.9,986.7833333333333,749.1666666666666,1.2666666666666666,49.31666666666666,68.21666666666667,84.76666666666667,4.0,0.0,0.0,1867.5,212.0
2025-12-27 13:00:00,0.022588101477702308,84.65255933646912,83.27957729835155,28.391666666666666,45.833333333333336,15.625,985.65,661.25,1.7,43.06666666666666,58.875,73.77499999999999,4.9,0.0,0.0,1867.5,149.0
2025-12-27 14:00:00,0.019280345396504125,81.66576330700795,80.96393289844734,28.458333333333332,46.05833333333334,15.758333333333333,984.85,487.0833333333333,1.4083333333333332,41.516666666666666,57.875,70.06666666666666,3.6,0.0,0.0,1867.5,185.0
2025-12-27 15:00:00,0.021031378085034035,73.64259499461572,72.80089083918503,27.5,51.375,16.608333333333334,984.5416666666666,203.91666666666666,1.6583333333333332,49.09166666666667,68.91666666666667,87.91666666666667,4.4,0.0,0.0,1867.5,140.5
2025-12-27 16:00:00,0.031145871443688977,38.356685169418974,37.144933521448,27.099999999999998,53.11666666666667,16.741666666666667,984.7583333333333,104.16666666666667,1.4000000000000001,47.291666666666664,65.38333333333334,83.13333333333334,4.2,0.0,0.0,1867.5,82.0
2025-12-27 17:00:00,0.037610714612713696,4.257569024205362,4.084656976780324,26.0,59.15833333333333,17.433333333333334,985.3333333333334,25.0,1.0833333333333333,60.083333333333336,84.53333333333333,105.60833333333333,3.6,0.0,0.0,1867.5,118.5
2025-12-28 06:00:00,0.06578579646571364,0.6097821764514313,0.5465536418238475,18.86,91.17999999999999,17.419999999999998,989.0,9.0,0.13999999999999999,123.25999999999999,136.82,184.92000000000002,1.5,0.0,0.0,1867.5,73.0
2025-12-28 07:00:00,0.03254016854199147,27.90114379768652,27.99775196706096,19.875,86.76666666666667,17.633333333333333,989.5916666666667,91.33333333333333,0.2916666666666667,124.59166666666665,138.29999999999998,186.9,1.6,0.0,0.0,1867.5,84.0
2025-12-28 08:00:00,0.03719381992547741,86.08781425572163,82.38252619101762,22.316666666666666,75.98333333333333,17.875,990.25,271.5,0.44166666666666665,123.0,137.39166666666668,185.125,1.7,0.0,0.0,1867.5,72.5
2025-12-28 09:00:00,0.020377918354294294,87.29184927159078,86.24536971157336,24.84166666666667,65.16666666666667,17.866666666666667,990.3333333333334,461.9166666666667,0.5833333333333334,99.45,131.875,163.49166666666667,2.4,0.0,0.0,1867.5,43.5
2025-12-28 10:00:00,0.023358409386656998,86.3670984001274,84.79328859938504,25.75,58.19166666666667,16.933333333333334,989.8916666666668,613.0,1.0250000000000001,77.95833333333333,109.72500000000001,135.375,3.8,0.0,0.0,1867.5,124.5
2025-12-28 11:00:00,0.023984270935531668,85.00057429596536,83.34567693937754,26.7,53.44166666666666,16.491666666666667,989.0,587.3333333333334,1.1416666666666668,67.84166666666667,96.22500000000001,112.35833333333333,3.3,0.0,0.0,1867.5,331.5
2025-12-28 12:00:00,0.0234934357632736,84.05129184794394,82.52525284742269,27.891666666666666,49.24166666666667,16.3,987.6416666666668,632.5,1.0,62.416666666666664,88.74166666666667,109.39999999999999,3.6,0.0,0.0,1867.5,156.0
2025-12-28 13:00:00,0.02181039461525837,83.92454615791652,82.66984213451099,28.741666666666664,47.025,16.333333333333332,986.1750000000001,645.8333333333334,1.2666666666666666,51.65833333333333,70.00833333333334,86.58333333333333,3.7,0.0,0.0,1867.5,87.0
2025-12-28 14:00:00,0.014793855367499725,81.48619556371985,81.39504295471154,29.766666666666666,44.19166666666666,16.3,985.2666666666668,544.5,0.9083333333333333,47.916666666666664,65.125,77.99166666666666,3.1,0.0,0.0,1867.5,217.5
2025-12-28 15:00:00,0.017379284671793616,68.41533644069186,67.98472954505604,28.666666666666668,47.23333333333333,16.366666666666667,984.8833333333333,193.41666666666666,0.8416666666666667,54.26666666666667,75.25,92.72500000000001,3.3,0.0,0.0,1867.5,158.5
2025-12-28 16:00:00,0.02815673557191629,30.11883306526414,29.329655814012966,27.75,51.041666666666664,16.716666666666665,985.1750000000001,93.16666666666667,1.1666666666666667,65.71666666666667,92.80833333333334,114.45833333333333,3.2,0.0,0.0,1867.5,142.5
2025-12-28 17:00:00,0.03594327356505671,4.624438012960335,4.460954163726317,26.383333333333336,57.24166666666667,17.25,985.875,26.25,1.2249999999999999,84.46666666666667,118.39166666666667,147.35,3.4,0.0,0.0,1867.5,109.5
2025-12-29 06:00:00,0.06134464931986948,0.31935473994642694,0.29193536988571467,21.12,82.36,18.02,988.74,6.8,0.3,140.66,156.12,210.98000000000002,1.1,0.0,0.0,1867.5,31.0
2025-12-29 07:00:00,0.061460986984940486,21.91991242803772,19.582655813882855,21.75,79.71666666666667,18.099999999999998,989.4416666666666,75.0,0.03333333333333333,138.36666666666667,153.60833333333332,207.6,0.7,0.0,0.0,1867.5,64.0
2025-12-29 08:00:00,0.03037069782215794,82.48313430190099,80.0142298025216,23.425,71.52499999999999,18.008333333333336,989.9916666666667,236.5,0.39999999999999997,128.57500000000002,148.48333333333332,197.21666666666667,2.1,0.0,0.0,1867.5,73.5
2025-12-29 09:00:00,0.02208820141873961,86.97860112675654,85.65149003701816,25.0,64.01666666666667,17.766666666666666,989.8583333333332,381.5833333333333,1.1,119.84166666666668,166.96666666666667,201.49166666666667,3.7,0.0,0.0,1867.5,166.5
2025-12-29 10:00:00,0.02280100842712185,86.6605589586401,85.20829153709002,25.991666666666664,59.675000000000004,17.566666666666666,989.2916666666666,543.6666666666666,1.2249999999999999,105.48333333333333,147.74166666666667,177.32500000000002,3.8,0.0,0.0,1867.5,51.5
2025-12-29 11:00:00,0.02442753267592096,85.7805087102231,84.08729382791455,27.28333333333333,55.34166666666667,17.575,988.2333333333332,631.5833333333334,1.2083333333333333,93.7,129.75,157.20833333333334,3.9,0.0,0.0,1867.5,256.0
2025-12-29 12:00:00,0.02396931270299747,85.91690992451628,84.29457149298285,27.65833333333333,54.725,17.75,987.1999999999999,591.9166666666666,1.1833333333333333,93.85000000000001,131.03333333333333,161.99166666666667,4.0,0.0,0.0,1867.5,158.0
2025-12-29 13:00:00,0.022850361976498267,83.96411773216079,82.5702197483946,28.358333333333334,51.775,17.508333333333333,986.0833333333334,551.4166666666666,1.0916666666666666,83.05,116.01666666666667,138.75833333333333,3.0,0.0,0.0,1867.5,259.0
2025-12-29 14:00:00,0.01940760486998996,83.44710232920978,82.67873780216911,28.925,50.63333333333333,17.683333333333334,985.125,472.0,1.1500000000000001,81.63333333333334,113.85000000000001,138.78333333333333,3.4,0.0,0.0,1867.5,110.0
2025-12-29 15:00:00,0.02125530328846913,80.07881517351034,79.02700884835907,28.233333333333334,53.53333333333333,17.916666666666668,984.6916666666667,259.8333333333333,1.4416666666666667,88.64166666666667,125.09166666666665,153.63333333333333,3.7,0.0,0.0,1867.5,144.5
2025-12-29 16:00:00,0.03109778406092256,42.86658284374988,41.61173131360227,27.3,57.38333333333333,18.166666666666668,984.9250000000001,114.0,1.3083333333333333,100.09166666666665,140.275,172.99166666666667,4.5,0.0,0.0,1867.5,214.0
2025-12-29 17:00:00,0.03914268041132056,5.466955319693779,5.211785050509977,25.991666666666664,64.15833333333333,18.7,985.6750000000001,28.75,1.2833333333333334,116.64166666666667,154.92499999999998,198.125,4.2,0.0,0.0,1867.5,107.5
2025-12-30 06:00:00,0.06273740653881041,0.5586561556988522,0.5071597028041847,18.9,92.64,17.7,988.3,7.8,0.0,183.58,203.8,275.41999999999996,0.0,0.0,0.0,1867.5,133.0
2025-12-30 07:00:00,0.06386451842176971,24.83240580218147,22.492011290004257,19.883333333333333,87.75,17.825,988.8333333333334,79.0,0.35000000000000003,178.14166666666665,197.74166666666667,267.25,1.8,0.0,0.0,1867.5,87.0
2025-12-30 08:00:00,0.03546360563037255,85.29156575891395,81.97181627337498,22.075,77.98333333333333,18.066666666666666,989.3666666666667,252.83333333333334,0.7083333333333334,165.875,184.1,248.83333333333334,2.1,0.0,0.0,1867.5,53.5
2025-12-30 09:00:00,0.024436643260136667,87.83310580626204,86.20353003321969,25.125,66.73333333333333,18.525000000000002,989.1750000000001,453.5,0.7666666666666666,145.11666666666667,186.875,238.79166666666666,2.9,0.0,0.0,1867.5,187.5
2025-12-30 10:00:00,0.02550339574443806,85.47489152033215,83.66483482915467,27.191666666666666,58.56666666666666,18.375,988.8000000000001,595.6666666666666,0.75,123.60000000000001,176.75,216.34166666666667,2.9,0.0,0.0,1867.5,105.0
2025-12-30 11:00:00,0.0235090938199591,83.76503571646465,82.3449990915894,28.325,54.449999999999996,18.266666666666666,987.8416666666667,678.4166666666666,0.875,104.75833333333333,149.64166666666668,185.15833333333333,3.7,0.0,0.0,1867.5,67.0
2025-12-30 12:00:00,0.025011740710660726,82.1484454898644,80.50491122381932,30.058333333333334,45.60833333333333,17.041666666666668,986.3249999999999,710.8333333333334,0.6833333333333332,78.38333333333334,110.80833333333334,134.73333333333332,2.2,0.0,0.0,1867.5,340.5
2025-12-30 13:00:00,0.024822505647053017,81.46171603971563,79.8513192465891,31.375,40.35,16.308333333333334,984.875,648.4166666666666,0.6,66.69166666666668,91.00833333333333,109.25833333333333,2.2,0.0,0.0,1867.5,280.0
2025-12-30 14:00:00,0.013079949473494001,80.44954162077319,80.68074785570725,30.808333333333334,41.175000000000004,16.125,983.6333333333333,519.0,0.9166666666666666,62.69166666666666,86.53333333333335,104.325,2.5,0.0,0.0,1867.5,237.5
2025-12-30 15:00:00,0.020979728207590257,65.80768147379196,64.97723213157714,29.791666666666668,44.98333333333333,16.599999999999998,983.1666666666666,199.91666666666666,1.0416666666666667,73.10833333333333,100.15833333333335,121.75833333333333,3.1,0.0,0.0,1867.5,198.5
2025-12-30 16:00:00,0.030824161991916926,32.22242691127173,31.219062087198605,28.775000000000002,52.18333333333334,18.016666666666666,983.3333333333334,95.75,1.2166666666666666,97.20833333333333,138.13333333333333,170.04166666666666,4.1,0.0,0.0,1867.5,139.5
2025-12-30 17:00:00,0.0352197723934014,4.9404221402514406,4.7457974966881915,27.491666666666664,58.75,18.708333333333332,983.8583333333332,27.333333333333332,1.1,118.20833333333333,166.38333333333335,205.70833333333334,3.1,0.0,0.0,1867.5,145.5
2025-12-31 06:00:00,0.06093216459845198,0.30717168114512955,0.2838825972247784,21.18,93.32000000000001,20.080000000000002,986.7,6.4,0.0,247.66,274.9,371.5,0.0,0.0,0.0,1867.5,65.0
2025-12-31 07:00:00,0.06680421971748768,16.21046685115454,14.273636294768082,21.75,90.02499999999999,20.05,987.15,65.91666666666667,0.10833333333333334,248.23333333333335,275.5416666666667,372.35833333333335,1.3,0.0,0.0,1867.5,62.5
2025-12-31 08:00:00,0.03246232979073764,80.85642783257477,78.29503101459322,23.891666666666666,78.36666666666666,19.90833333333333,987.4416666666666,232.58333333333334,0.375,224.90833333333333,249.61666666666667,337.34166666666664,1.0,0.0,0.0,1867.5,39.0
2025-12-31 09:00:00,0.023313075483736966,86.22239065486586,84.80248119863637,26.291666666666668,67.875,19.916666666666668,987.15,385.6666666666667,0.3833333333333333,181.11666666666667,240.3083333333333,311.28333333333336,1.8,0.0,0.0,1867.5,91.0
2025-12-31 10:00:00,0.023642931901073947,85.03187637682268,83.55043639223545,27.391666666666666,62.89166666666667,19.733333333333334,986.6833333333334,480.8333333333333,0.31666666666666665,153.57500000000002,221.25833333333333,272.34166666666664,1.4,0.0,0.0,1867.5,60.0
2025-12-31 11:00:00,0.02401928032306755,82.41581624009807,80.88559249514223,29.224999999999998,56.06666666666666,19.583333333333332,985.8166666666666,675.3333333333334,0.7666666666666666,107.77499999999999,153.475,184.07500000000002,1.9,0.0,0.0,1867.5,140.0
2025-12-31 12:00:00,0.023573016257065833,81.88163332797306,80.44667714018036,30.583333333333332,52.53333333333333,19.808333333333334,984.4916666666667,689.75,0.875,77.89999999999999,110.73333333333333,133.90833333333333,2.9,0.0,0.0,1867.5,185.0
2025-12-31 13:00:00,0.024014492885654482,77.02177760153008,75.57834194229234,29.96666666666667,53.875,19.616666666666667,983.2833333333333,332.0833333333333,0.75,69.39166666666667,96.33333333333333,118.61666666666667,2.7,0.0,0.0,1867.5,158.5
2025-12-31 14:00:00,0.0230756757775011,81.8475288788583,80.48401706610447,30.3,52.68333333333334,19.566666666666666,982.25,343.8333333333333,0.65,71.70833333333333,100.09166666666665,125.41666666666667,2.8,0.0,0.0,1867.5,115.0
2025-12-31 15:00:00,0.02763967647543321,69.74935025236807,67.96053637767288,29.683333333333334,54.475,19.533333333333335,981.6333333333333,170.25,0.7916666666666666,78.84166666666667,109.72500000000001,134.67499999999998,2.3,0.0,0.0,1867.5,136.5
2025-12-31 16:00:00,0.03735404726492648,37.26773430580503,35.967882752669674,28.708333333333332,59.958333333333336,20.183333333333334,981.6333333333333,104.66666666666667,1.1166666666666667,90.375,129.16666666666666,160.71666666666667,3.1,0.0,0.0,1867.5,150.0
2025-12-31 17:00:00,0.046017728983069855,2.9168116326275606,2.732062178249181,27.650000000000002,65.91666666666667,20.75,982.2083333333334,22.083333333333332,1.125,97.23333333333333,127.05833333333334,163.84166666666667,3.4,0.0,0.0,1867.5,152.5
2026-01-01 06:00:00,0.05991908754947655,0.305706264241331,0.2811779239007089,22.875,93.15,21.75,985.325,7.0,0.3,158.5,175.925,237.75,1.1,0.0,0.0,1867.5,346.0
2026-01-01 07:00:00,0.04987845988895267,6.111281256228442,5.638414714467078,23.224999999999998,90.98333333333333,21.683333333333334,986.1666666666666,41.583333333333336,0.125,160.20000000000002,177.83333333333334,240.29999999999998,0.9,0.0,0.0,1867.5,74.0
2026-01-01 08:00:00,0.05038367629552951,41.714379191322955,39.31217859259377,24.083333333333332,85.24166666666666,21.45,987.35,125.0,0.3,166.60833333333332,184.95833333333334,249.95833333333334,1.2,0.0,0.0,1867.5,341.0
2026-01-01 09:00:00,0.028037676199874684,76.79066981294604,74.92092111377497,25.275000000000002,77.93333333333334,21.150000000000002,987.9,215.08333333333334,0.8583333333333334,126.95,146.81666666666666,196.13333333333333,3.4,0.0,0.0,1867.5,127.5
2026-01-01 10:00:00,0.028484723360386505,78.55583324923039,76.60705229937844,25.866666666666664,71.3,20.275000000000002,987.85,269.9166666666667,1.1666666666666667,96.55833333333334,115.36666666666667,149.79166666666666,3.8,0.0,0.0,1867.5,93.0
2026-01-01 11:00:00,0.025680936992102957,87.57099760415042,85.7284441441725,27.391666666666666,60.074999999999996,18.974999999999998,987.0833333333334,482.5833333333333,1.425,79.24166666666666,108.56666666666666,127.575,4.0,0.0,0.0,1867.5,59.0
2026-01-01 12:00:00,0.024905612246995668,87.13925821667137,85.42087760014475,28.03333333333333,60.199999999999996,19.616666666666667,985.875,533.0,1.6500000000000001,87.96666666666668,121.69166666666666,146.08333333333334,4.5,0.0,0.0,1867.5,101.0
2026-01-01 13:00:00,0.023606552195698783,83.25586985747887,81.80285795558987,27.34166666666667,68.14166666666667,20.891666666666666,984.7583333333333,310.5,1.7833333333333332,92.575,127.99166666666667,156.15,4.3,0.0,0.0,1867.5,159.5
2026-01-01 14:00:00,0.022559722516019034,80.82672125450269,79.58971052838722,27.175,69.48333333333333,21.133333333333333,983.9166666666666,273.25,1.3,97.95,134.85,169.79999999999998,3.7,0.0,0.0,1867.5,152.5
2026-01-01 15:00:00,0.040197896048765815,47.43613024668903,45.762469732944176,27.333333333333332,66.33333333333333,20.516666666666666,983.6333333333333,128.75,1.05,99.20833333333333,135.80833333333334,170.9416666666667,3.8,0.0,0.0,1867.5,135.5
2026-01-01 16:00:00,0.054852876233553775,13.98659488071091,12.829703402743547,26.78333333333333,69.53333333333333,20.741666666666667,983.975,61.833333333333336,1.2166666666666666,103.25833333333333,127.575,164.74166666666667,3.6,0.0,0.0,1867.5,160.0
2026-01-01 17:00:00,0.04514878905924438,2.0572762023151796,1.9207272756821918,25.191666666666666,76.675,20.841666666666665,984.4416666666666,18.333333333333332,1.4333333333333333,84.0,93.25,126.05833333333334,4.3,0.0,0.0,1867.5,158.5
2026-01-02 06:00:00,0.0614820398345033,0.47219045452023417,0.4333605831629335,20.7,96.75,20.175,988.075,7.25,0.0,124.4,138.1,186.625,0.0,0.0,0.0,1867.5,69.0
2026-01-02 07:00:00,0.06341384961405201,14.892039919265352,13.19013828893356,21.158333333333335,95.875,20.491666666666667,988.7416666666667,55.666666666666664,0.0,136.04166666666666,151.01666666666668,204.1,0.0,0.0,0.0,1867.5,68.5
2026-01-02 08:00:00,0.0410376666196869,73.58347936264842,70.56481287632438,23.391666666666666,84.60000000000001,20.650000000000002,989.5500000000001,203.91666666666666,0.125,137.125,152.23333333333332,205.70833333333334,0.7,0.0,0.0,1867.5,103.5
2026-01-02 09:00:00,0.024560783737021964,85.95726930706287,84.35022146580583,26.05,72.22500000000001,20.666666666666668,989.775,381.6666666666667,0.4583333333333333,112.53333333333335,131.98333333333332,176.15,1.5,0.0,0.0,1867.5,47.5
2026-01-02 10:00:00,0.024217697682981407,81.55216038083687,80.06259711296896,26.266666666666666,66.83333333333333,19.625,989.7583333333333,331.1666666666667,0.8833333333333333,89.93333333333334,126.13333333333333,157.6,3.4,0.0,0.0,1867.5,18.5
2026-01-02 11:00:00,0.024647519913572374,84.74733523001323,83.0738878274075,27.55,57.61666666666667,18.433333333333334,988.9583333333334,576.0833333333334,1.125,75.64999999999999,104.63333333333333,127.55833333333334,3.3,0.0,0.0,1867.5,216.0
2026-01-02 12:00:00,0.02500655497517124,83.97604352074852,82.22873845108055,28.916666666666668,52.68333333333334,18.291666666666668,987.7333333333332,600.4166666666666,1.0833333333333333,69.175,95.05833333333334,118.63333333333333,3.9,0.0,0.0,1867.5,284.5
2026-01-02 13:00:00,0.023323387329350773,84.78801172943649,83.32941467285757,29.208333333333332,50.025,17.75,986.475,607.0833333333334,1.5833333333333333,60.074999999999996,83.55,103.7,4.3,0.0,0.0,1867.5,150.0
2026-01-02 14:00:00,0.02087732118896186,84.44137315014143,83.40811070957987,29.083333333333332,51.166666666666664,17.991666666666667,985.5916666666667,421.4166666666667,1.4166666666666667,63.50833333333333,85.04166666666667,105.89999999999999,4.0,0.0,0.0,1867.5,149.5
2026-01-02 15:00:00,0.021791153884367,72.44908318068548,71.46649523070967,28.575,52.875,18.041666666666668,985.4499999999999,192.83333333333334,1.2833333333333334,63.76666666666667,89.69166666666666,111.7,4.5,0.0,0.0,1867.5,123.0
2026-01-02 16:00:00,0.028281787937479225,40.17599869172514,39.17468399893529,28.224999999999998,53.525,17.925,985.5333333333333,109.33333333333333,1.25,66.35833333333333,91.8,115.89166666666667,3.1,0.0,0.0,1867.5,151.0
2026-01-02 17:00:00,0.03667325807127908,5.402928619477436,5.182479466533637,27.474999999999998,58.324999999999996,18.599999999999998,986.1416666666668,29.333333333333332,0.9166666666666666,71.66666666666667,100.73333333333333,131.6,2.9,0.0,0.0,1867.5,101.5
2026-01-03 06:00:00,0.06206045247554935,0.37315734253842475,0.3405976792199526,20.575000000000003,95.875,19.975,989.05,6.0,0.0,155.475,172.575,233.2,0.0,0.0,0.0,1867.5,42.0
2026-01-03 07:00:00,0.06148480187143326,14.451403584122907,12.947281776354485,21.083333333333332,95.11666666666667,20.275000000000002,989.5916666666667,56.166666666666664,0.24166666666666667,181.91666666666666,201.95000000000002,272.90833333333336,1.6,0.0,0.0,1867.5,34.0
2026-01-03 08:00:00,0.036483630480150096,78.04639264675589,75.18572027365163,22.775000000000002,86.85000000000001,20.466666666666665,990.1999999999999,221.75,0.6333333333333333,171.63333333333333,190.49166666666667,257.43333333333334,1.7,0.0,0.0,1867.5,35.0
2026-01-03 09:00:00,0.023384580842582534,86.03166370474719,84.60450883836671,25.108333333333334,73.70833333333333,20.091666666666665,990.4250000000001,357.8333333333333,0.6,142.41666666666666,160.90833333333333,216.70000000000002,2.3,0.0,0.0,1867.5,47.5
2026-01-03 10:00:00,0.025114071475863194,86.12141437053985,84.3656007426253,26.241666666666664,64.10000000000001,18.933333333333334,990.4,501.75,1.2416666666666667,94.03333333333335,129.67499999999998,160.34166666666667,3.8,0.0,0.0,1867.5,114.0
2026-01-03 11:00:00,0.025626276089316908,86.9279007352982,85.0573821641096,27.383333333333336,56.63333333333333,18.025,989.625,631.9166666666666,1.625,76.60833333333333,103.0,126.63333333333333,4.4,0.0,0.0,1867.5,102.0
2026-01-03 12:00:00,0.025075349979804203,86.63847644725246,84.83697635824018,28.3,53.0,17.841666666666665,988.3666666666667,692.3333333333334,1.6416666666666666,65.50833333333334,88.94166666666666,105.79166666666667,4.8,0.0,0.0,1867.5,122.5
2026-01-03 13:00:00,0.023638452748388623,85.60787988867806,84.04064869694453,28.925,50.78333333333333,17.716666666666665,987.0583333333334,546.6666666666666,1.3416666666666668,57.46666666666667,77.39999999999999,94.74166666666667,4.7,0.0,0.0,1867.5,90.0
2026-01-03 14:00:00,0.017779694751162468,84.87422681585211,84.31316965612338,28.916666666666668,50.23333333333333,17.575,986.1416666666668,465.8333333333333,1.5666666666666667,56.99166666666667,74.86666666666666,90.8,6.1,0.0,0.0,1867.5,121.5
2026-01-03 15:00:00,0.020467645296530817,76.57181948212649,75.67729230515853,28.53333333333333,51.15833333333333,17.491666666666667,985.875,237.0,1.4083333333333332,64.88333333333334,88.38333333333333,105.70833333333333,4.1,0.0,0.0,1867.5,114.5
2026-01-03 16:00:00,0.029344031024078166,41.27542868509453,40.16523149553764,27.858333333333334,52.291666666666664,17.208333333333332,985.9666666666667,111.16666666666667,1.4166666666666667,68.52499999999999,93.86666666666667,116.76666666666667,4.8,0.0,0.0,1867.5,110.5
2026-01-03 17:00:00,0.03672891106389163,6.0126800711930555,5.757836990687205,26.916666666666668,54.4,16.95,986.5083333333333,31.5,1.2166666666666666,77.875,106.425,131.45000000000002,3.9,0.0,0.0,1867.5,111.0
2026-01-04 06:00:00,0.062440167955019665,0.24401804723537013,0.22523903133630366,20.18,89.64,18.4,989.8399999999999,5.6,0.06,113.35999999999999,125.85999999999999,170.07999999999998,0.7,0.0,0.0,1867.5,27.0
2026-01-04 07:00:00,0.03307364062266999,20.202516009297394,20.49725337998437,20.650000000000002,86.14166666666667,18.241666666666667,990.4083333333333,77.91666666666667,0.5666666666666667,117.56666666666666,130.48333333333332,176.35,1.5,0.0,0.0,1867.5,133.5
2026-01-04 08:00:00,0.04115038445410036,82.88155802112612,78.76748138099906,22.941666666666666,76.575,18.625,991.125,258.1666666666667,0.5083333333333333,119.58333333333333,132.73333333333332,179.4,2.6,0.0,0.0,1867.5,137.5
2026-01-04 09:00:00,0.023436210292372053,87.49194956754359,85.96598525810367,25.075,68.45,18.875,991.2916666666666,443.0833333333333,0.7916666666666666,81.825,98.34166666666665,125.29166666666667,3.8,0.0,0.0,1867.5,46.5
2026-01-04 10:00:00,0.02534428562216925,87.70848888407265,85.8081727950108,26.21666666666667,57.800000000000004,17.224999999999998,990.975,632.0833333333334,1.5333333333333332,52.449999999999996,69.65833333333333,80.72500000000001,4.4,0.0,0.0,1867.5,338.5
2026-01-04 11:00:00,0.0268029962548508,85.4940949514595,83.39757678346491,27.90833333333333,46.475,15.391666666666666,990.2666666666668,712.75,1.3666666666666665,44.64166666666667,57.59166666666667,66.19166666666668,4.8,0.0,0.0,1867.5,262.5
2026-01-04 12:00:00,0.026919263631975467,85.38394234184767,83.28478773308429,28.775000000000002,38.59166666666667,13.325000000000001,989.1666666666666,669.25,1.9166666666666667,43.833333333333336,57.10833333333333,66.75833333333334,5.4,0.0,0.0,1867.5,67.0
2026-01-04 13:00:00,0.025285124875627073,82.39765564739083,80.63008196515867,28.708333333333332,38.766666666666666,13.325000000000001,987.9499999999999,537.0833333333334,1.825,44.69166666666666,58.025,68.04166666666667,6.2,0.0,0.0,1867.5,232.0
2026-01-04 14:00:00,0.017574616116806392,84.51024394381967,84.02419857068709,28.400000000000002,40.30833333333333,13.65,986.975,421.25,1.7833333333333332,54.63333333333333,71.64166666666667,87.16666666666667,5.3,0.0,0.0,1867.5,72.0
2026-01-04 15:00:00,0.020859669286575785,74.43903702957162,73.51941495804871,27.983333333333334,44.958333333333336,14.958333333333334,986.5749999999999,239.25,1.7333333333333334,57.458333333333336,76.14999999999999,91.03333333333335,5.6,0.0,0.0,1867.5,107.5
2026-01-04 16:00:00,0.03234544225680142,42.98530621918005,41.5858938591094,27.116666666666664,47.90833333333333,15.158333333333333,986.9083333333333,118.91666666666667,1.6416666666666666,67.10833333333333,90.56666666666666,108.20833333333333,6.0,0.0,0.0,1867.5,104.5
2026-01-04 17:00:00,0.03632651862141267,5.455861530687593,5.2222473238753535,26.083333333333332,52.38333333333333,15.591666666666667,987.5916666666667,30.25,1.3333333333333333,75.53333333333333,102.46666666666665,124.09166666666665,4.1,0.0,0.0,1867.5,89.5
2026-01-05 06:00:00,0.0618807827548506,0.35705626754041775,0.32413399446263547,19.0,86.075,16.675,990.7,8.0,0.25,114.80000000000001,127.42500000000001,172.25,1.1,0.0,0.0,1867.5,122.0
2026-01-05 07:00:00,0.06120638425158334,19.58464854457694,17.89529934940693,19.558333333333334,83.55,16.708333333333332,991.2333333333332,72.0,0.4749999999999999,123.35000000000001,136.93333333333334,185.04999999999998,1.5,0.0,0.0,1867.5,125.0
2026-01-05 08:00:00,0.039152020790348435,77.2359090831241,74.26210538025674,21.458333333333332,75.75833333333334,17.016666666666666,991.9583333333334,212.33333333333334,0.6333333333333333,124.72500000000001,138.48333333333332,187.14166666666665,1.5,0.0,0.0,1867.5,131.5
2026-01-05 09:00:00,0.024059026344140266,87.96449414897029,86.40319803065451,24.558333333333334,65.63333333333334,17.716666666666665,991.9916666666667,414.5,0.5416666666666666,104.35833333333333,130.875,163.67499999999998,1.7,0.0,0.0,1867.5,110.5
2026-01-05 10:00:00,0.02658038466853485,86.79432228323664,84.81601538871203,25.95,59.61666666666667,17.508333333333333,991.4833333333332,544.4166666666666,1.3333333333333333,74.28333333333333,99.72500000000001,116.98333333333333,4.4,0.0,0.0,1867.5,202.0
2026-01-05 11:00:00,0.027376526942508358,86.92920361021919,84.76183213042268,27.2,50.65833333333333,16.083333333333332,990.5416666666666,643.6666666666666,1.825,64.58333333333333,87.64999999999999,103.77499999999999,5.1,0.0,0.0,1867.5,327.5
2026-01-05 12:00:00,0.026190183943490517,85.21333890547706,83.28675575104495,27.991666666666664,46.583333333333336,15.508333333333333,989.275,656.25,1.8666666666666665,58.15833333333333,79.85833333333333,93.13333333333333,7.4,0.0,0.0,1867.5,334.0
2026-01-05 13:00:00,0.024886919564727186,87.38029143017904,85.66011092533581,28.416666666666668,45.46666666666667,15.525,988.0583333333334,606.5,1.9666666666666668,59.73333333333333,79.94166666666666,93.40833333333335,5.3,0.0,0.0,1867.5,115.0
2026-01-05 14:00:00,0.024627802670358773,80.25732711627128,78.73072990082916,27.708333333333332,49.425000000000004,16.183333333333334,987.4416666666666,265.1666666666667,1.5416666666666667,70.375,96.04166666666667,113.52499999999999,5.2,0.0,0.0,1867.5,103.5
2026-01-05 15:00:00,0.0556565182816604,36.97528495567535,34.09656872314188,26.791666666666668,52.875,16.408333333333335,987.25,99.91666666666667,1.5916666666666668,82.00833333333334,112.04166666666667,133.15,4.2,0.0,0.0,1867.5,72.5
2026-01-05 16:00:00,0.04955908456525309,7.162469781597534,6.60510946197073,26.066666666666666,55.75833333333333,16.575,987.6416666666668,43.666666666666664,1.5333333333333332,91.7,125.66666666666667,152.81666666666666,4.4,0.0,0.0,1867.5,111.0
2026-01-05 17:00:00,0.041539178349952126,3.243803391092197,3.052119628902794,25.583333333333332,57.333333333333336,16.558333333333334,987.975,24.416666666666668,1.4833333333333334,98.49166666666667,137.71666666666667,167.5,4.5,0.0,0.0,1867.5,98.0
2026-01-05 18:00:00,0.0575447645968706,0.167174940077992,0.1558617112555139,25.1,60.2,16.9,988.2,1.0,1.8,106.2,148.3,183.8,4.6,0.0,0.0,1867.5,100.0
2026-01-06 06:00:00,0.0639884489382866,0.24748353410688895,0.22538582687513958,19.875,90.775,18.3,990.275,5.0,0.0,173.225,192.25,259.85,0.0,0.0,0.0,1867.5,54.5
2026-01-06 07:00:00,0.05463543702402607,19.217049054181402,18.044732013401756,20.73333333333333,87.78333333333335,18.658333333333335,990.8249999999999,73.08333333333333,0.03333333333333333,177.6833333333333,197.21666666666667,266.52500000000003,1.1,0.0,0.0,1867.5,75.0
2026-01-06 08:00:00,0.03446117884152532,79.79329041858574,76.83131483211473,23.09166666666667,78.81666666666666,19.224999999999998,991.525,230.5,0.325,173.39166666666665,192.49166666666667,260.125,2.2,0.0,0.0,1867.5,36.5
2026-01-06 09:00:00,0.02451629134706178,88.52964882588053,86.81799774321793,24.433333333333334,70.325,18.7,991.6083333333335,376.4166666666667,1.6500000000000001,126.075,156.36666666666667,201.16666666666666,4.1,0.0,0.0,1867.5,174.5
2026-01-06 10:00:00,0.025921123845542782,86.42521827615853,84.56479189910736,25.483333333333334,63.833333333333336,18.141666666666666,991.3333333333334,456.9166666666667,1.4083333333333332,114.90833333333335,154.81666666666666,188.32500000000002,4.5,0.0,0.0,1867.5,288.5
2026-01-06 11:00:00,0.02611563601073216,87.07682878543183,85.11479101708872,27.025000000000002,53.81666666666666,16.916666666666668,990.5083333333333,568.5,1.675,92.72500000000001,128.45833333333334,152.45833333333334,5.2,0.0,0.0,1867.5,100.0
2026-01-06 12:00:00,0.024716605123903338,87.073647006724,85.32329828891109,27.525000000000002,49.74166666666667,16.141666666666666,989.475,507.3333333333333,1.7249999999999999,86.575,119.97500000000001,139.70000000000002,5.1,0.0,0.0,1867.5,106.0
2026-01-06 13:00:00,0.025049026345241365,84.49677904929129,82.78785053032489,28.316666666666666,47.025,15.975000000000001,988.1916666666666,477.5833333333333,1.4583333333333333,80.175,109.68333333333334,130.45,4.8,0.0,0.0,1867.5,202.0
2026-01-06 14:00:00,0.023571636030909084,81.25141342719952,79.82963436251917,27.541666666666668,49.18333333333334,15.950000000000001,987.4916666666667,281.3333333333333,1.3499999999999999,86.93333333333334,119.39166666666667,144.19166666666666,4.7,0.0,0.0,1867.5,100.0
2026-01-06 15:00:00,0.023186652818076834,76.48507270654797,75.17925143558459,27.383333333333336,51.025,16.391666666666666,987.3833333333333,204.75,1.4583333333333333,90.43333333333334,127.56666666666666,152.26666666666668,4.8,0.0,0.0,1867.5,115.0
2026-01-06 16:00:00,0.048943553976644044,16.09872185876186,14.927479290244662,26.683333333333334,55.050000000000004,16.900000000000002,987.8166666666666,47.916666666666664,1.4000000000000001,98.41666666666667,138.35833333333332,171.74166666666667,4.8,0.0,0.0,1867.5,104.0
2026-01-06 17:00:00,0.05257637982136743,0.8506794927237169,0.7910195451731977,25.89090909090909,60.14545454545455,17.60909090909091,988.6,10.272727272727273,1.1545454545454545,108.10909090909091,147.36363636363637,179.70909090909092,3.2,0.0,0.0,1867.5,107.0
2026-01-07 06:00:00,0.0631571109557527,0.36628602483981904,0.3338354203556788,19.9,94.5,19.0,990.8249999999999,7.5,0.0,160.85,178.575,241.325,0.0,0.0,0.0,1867.5,78.5
2026-01-07 07:00:00,0.05903568714501001,21.727936667935662,20.09686785120684,20.791666666666668,90.91666666666667,19.26666666666667,991.3833333333333,73.75,0.0,175.32500000000002,194.625,263.0083333333333,0.0,0.0,0.0,1867.5,87.0
2026-01-07 08:00:00,0.03381074796583726,82.55160445607986,79.52313235113687,22.875,80.0,19.224999999999998,992.1333333333333,246.5,0.4583333333333333,153.44166666666666,170.33333333333334,230.1916666666667,3.5,0.0,0.0,1867.5,326.5
2026-01-07 09:00:00,0.02500640568969679,86.95911134360871,85.13181519861962,24.45,67.16666666666667,17.991666666666667,992.275,370.5,1.5,118.2,143.03333333333333,189.875,5.1,0.0,0.0,1867.5,340.0
2026-01-07 10:00:00,0.026032378720738717,89.77236214189382,87.70859935144472,26.075,51.875,15.4,992.025,623.0,1.9916666666666665,82.01666666666667,116.70833333333333,145.125,5.3,0.0,0.0,1867.5,73.0
2026-01-07 11:00:00,0.026434021734629373,87.3436357756553,85.2896591604054,26.875,45.449999999999996,14.083333333333334,991.2833333333333,627.3333333333334,1.9666666666666668,66.55,93.96666666666665,120.89166666666667,7.3,0.0,0.0,1867.5,317.0
2026-01-07 12:00:00,0.02592224914018544,88.6747649417175,86.67623430029694,27.84166666666667,41.6,13.633333333333333,990.3416666666667,746.5833333333334,2.25,52.65,72.60000000000001,91.425,7.2,0.0,0.0,1867.5,104.5
2026-01-07 13:00:00,0.023555801998243257,87.00617917643808,85.43346590545832,27.974999999999998,41.15,13.566666666666668,989.2833333333333,630.8333333333334,2.1666666666666665,49.74166666666667,69.22500000000001,87.10833333333333,6.8,0.0,0.0,1867.5,104.0
2026-01-07 14:00:00,0.01588568871896696,85.39439379305604,85.14855897245057,28.391666666666666,36.324999999999996,12.025,988.3833333333333,565.25,2.216666666666667,41.916666666666664,57.574999999999996,74.08333333333333,6.3,0.0,0.0,1867.5,103.5
2026-01-07 15:00:00,0.016020730602503867,60.98820922658834,60.87335569996181,27.691666666666666,39.6,12.75,988.1500000000001,215.58333333333334,2.1,45.175000000000004,62.88333333333333,83.50833333333334,6.6,0.0,0.0,1867.5,115.0
2026-01-07 16:00:00,0.02851581326099099,21.58005978382732,21.036522506123394,26.974999999999998,39.108333333333334,11.9,988.25,84.33333333333333,1.9166666666666667,46.55833333333334,64.58333333333333,84.35000000000001,5.8,0.0,0.0,1867.5,76.5
2026-01-07 17:00:00,0.03740187007176179,4.436956804852916,4.2587624626894955,25.866666666666664,44.14166666666667,12.725,988.9499999999999,28.75,1.6583333333333332,48.5,66.95833333333333,89.06666666666666,5.6,0.0,0.0,1867.5,93.5
2026-01-07 18:00:00,0.0571006103296838,0.233943653627598,0.217598753838687,25.0,48.5,13.4,989.5,1.0,1.4,53.4,72.6,92.2,3.3,0.0,0.0,1867.5,155.0
2026-01-08 06:00:00,0.08294234411090753,0.2063150761429328,0.18318538616631241,18.066666666666666,90.03333333333335,16.433333333333334,991.1,4.333333333333333,0.0,129.0,143.16666666666666,193.5,0.0,0.0,0.0,1867.5,131.0
2026-01-08 07:00:00,0.06777179518036448,10.452387214080249,9.345816624936225,18.575,86.72500000000001,16.349999999999998,991.5916666666667,50.666666666666664,0.6166666666666667,133.42499999999998,148.11666666666667,200.20000000000002,1.5,0.0,0.0,1867.5,132.0
2026-01-08 08:00:00,0.03214268474493641,80.35370658724031,77.80185145095373,20.666666666666668,77.59166666666667,16.591666666666665,992.35,247.0,0.75,129.70833333333334,144.00833333333333,194.60833333333335,1.9,0.0,0.0,1867.5,154.5
2026-01-08 09:00:00,0.02136633512961783,88.09139093879806,86.69853646216461,24.34166666666667,65.175,17.375,992.475,444.75,0.6416666666666667,121.73333333333333,154.56666666666666,205.88333333333333,1.7,0.0,0.0,1867.5,93.0
2026-01-08 10:00:00,0.024068869290638232,86.91756513665018,85.05468704026282,26.016666666666666,56.69166666666667,16.775000000000002,992.1166666666667,655.8333333333334,1.625,66.64166666666667,93.40833333333335,119.5,5.4,0.0,0.0,1867.5,317.5
2026-01-08 11:00:00,0.02417165577182569,86.41678932354661,84.55021941414454,27.258333333333336,46.975,14.908333333333333,991.475,728.3333333333334,1.95,41.858333333333334,58.14166666666667,74.59166666666667,5.9,0.0,0.0,1867.5,122.0
2026-01-08 12:00:00,0.022960287323883683,88.13957144537387,86.46371388554634,27.958333333333332,39.36666666666667,12.891666666666666,990.5833333333334,724.3333333333334,2.1999999999999997,27.75,38.708333333333336,50.275,7.1,0.0,0.0,1867.5,75.5
2026-01-08 13:00:00,0.021850232736352657,87.85438753944982,86.3761069662824,28.266666666666666,39.76666666666667,13.333333333333334,989.475,667.25,2.1166666666666667,27.441666666666666,38.583333333333336,49.35,6.7,0.0,0.0,1867.5,102.0
2026-01-08 14:00:00,0.013925042193011675,86.86121709052514,86.71642042526634,28.275000000000002,40.6,13.658333333333333,988.725,543.8333333333334,2.0083333333333333,27.316666666666666,37.708333333333336,49.958333333333336,6.7,0.0,0.0,1867.5,122.5
2026-01-08 15:00:00,0.017531705454592966,67.15932581988523,66.70778450109897,27.741666666666664,40.775,13.25,988.4250000000001,244.83333333333334,1.9166666666666667,26.483333333333334,36.4,48.35833333333333,5.1,0.0,0.0,1867.5,69.5
2026-01-08 16:00:00,0.04804485623898802,19.250229095122492,18.02283782096879,26.791666666666668,41.858333333333334,12.758333333333333,988.5666666666666,73.66666666666667,1.5916666666666668,26.71666666666667,37.074999999999996,51.26666666666667,4.4,0.0,0.0,1867.5,95.5
2026-01-08 17:00:00,0.04112070847132511,3.4883032414564163,3.290251597895859,25.525000000000002,49.416666666666664,14.166666666666666,989.25,25.166666666666668,1.4166666666666667,32.78333333333333,45.69166666666666,59.9,5.3,0.0,0.0,1867.5,96.5
2026-01-09 06:00:00,0.05457624829098514,0.21163312371040743,0.19932756475106106,18.599999999999998,87.66666666666667,16.5,990.1333333333333,6.666666666666667,0.0,92.13333333333333,102.23333333333333,138.16666666666666,0.0,0.0,0.0,1867.5,90.0
2026-01-09 07:00:00,0.07937172498085561,4.407638653103123,3.671072182109581,19.375,83.19166666666666,16.474999999999998,990.5583333333334,33.25,0.3333333333333333,94.375,104.77499999999999,141.59166666666667,1.2,0.0,0.0,1867.5,101.0
2026-01-09 08:00:00,0.10675233859197801,52.64968882518857,43.64823937831027,20.608333333333334,77.74166666666666,16.633333333333333,991.3916666666668,128.75,0.48333333333333334,90.16666666666667,100.10000000000001,135.28333333333333,1.5,0.0,0.0,1867.5,145.0
2026-01-09 09:00:00,0.029719696952519515,83.0021339419216,80.39293246953817,22.866666666666664,69.34166666666667,16.966666666666665,991.375,252.83333333333334,0.42500000000000004,76.95833333333333,90.71666666666665,119.94166666666666,3.9,0.0,0.0,1867.5,112.5
2026-01-09 10:00:00,0.02469173567187394,88.637509559018,86.71924321364429,24.266666666666666,62.925000000000004,16.808333333333334,990.75,365.6666666666667,1.6416666666666666,44.333333333333336,60.708333333333336,78.675,4.5,0.0,0.0,1867.5,17.0
2026-01-09 11:00:00,0.025158536265681958,87.70281210044674,85.70999889429629,25.45,56.46666666666667,16.191666666666666,990.2333333333332,383.25,1.8499999999999999,40.53333333333333,55.15833333333333,72.975,5.4,0.0,0.0,1867.5,346.5
2026-01-09 12:00:00,0.02486876899114905,87.35184363111559,85.41135719177424,25.474999999999998,55.90833333333333,16.075,989.6083333333332,328.6666666666667,2.091666666666667,36.81666666666667,49.375,64.30833333333334,5.3,0.0,0.0,1867.5,21.5
2026-01-09 13:00:00,0.03600910625752884,78.19492073287991,74.85688616987208,25.383333333333336,57.333333333333336,16.35833333333333,988.6916666666666,212.33333333333334,2.0416666666666665,41.483333333333334,55.68333333333334,71.55,5.8,0.0,0.0,1867.5,179.5
2026-01-09 14:00:00,0.05598296060366283,69.02865316912208,63.890287688339406,25.21666666666667,58.025,16.400000000000002,987.9666666666667,162.33333333333334,1.9833333333333334,51.15,69.70833333333333,90.16666666666667,5.6,0.0,0.0,1867.5,353.0
2026-01-09 15:00:00,0.04413328369431918,67.85577937818643,64.36503469831452,25.083333333333332,58.583333333333336,16.400000000000002,987.6666666666666,173.0,1.8916666666666666,57.175000000000004,78.39999999999999,97.60833333333333,5.4,0.0,0.0,1867.5,177.5
2026-01-09 16:00:00,0.10492166151362646,32.95662393994958,27.00451536495483,24.733333333333334,59.24166666666667,16.283333333333335,987.8000000000001,92.0,1.7750000000000001,60.225,81.72500000000001,107.45,4.8,0.0,0.0,1867.5,348.0
2026-01-09 17:00:00,0.08335756882864932,3.7633591177989456,3.177626762042742,24.258333333333336,62.44166666666666,16.666666666666668,988.1583333333333,25.583333333333332,1.325,64.08333333333333,83.24166666666666,107.10833333333333,4.0,0.0,0.0,1867.5,347.0
2026-01-09 18:00:00,0.0775210316385248,0.204507668333472,0.178350990631968,23.9,64.5,16.9,988.4,3.0,1.2,64.7,71.8,97.1,2.3,0.0,0.0,1867.5,346.0
2026-01-10 06:00:00,0.0947099642801069,0.07066413763985324,0.0600098486120935,21.6,81.025,18.225,989.3249999999999,2.5,0.0,83.725,92.925,125.625,0.0,0.0,0.0,1867.5,15.5
2026-01-10 07:00:00,0.09172107300550458,5.41760926101045,4.486279061447259,21.991666666666664,78.35000000000001,18.075,989.5916666666667,35.0,0.03333333333333333,79.10833333333333,87.80833333333334,118.7,1.2,0.0,0.0,1867.5,29.5
2026-01-10 08:00:00,0.09645809837918061,45.73382219919281,39.33575005999892,22.958333333333332,70.89166666666667,17.425,990.1166666666667,135.58333333333334,1.05,69.51666666666667,78.96666666666667,106.05833333333334,4.0,0.0,0.0,1867.5,30.5
2026-01-10 09:00:00,0.028095596672572266,83.41465971854608,81.076588383819,24.05,64.60000000000001,17.025000000000002,990.3000000000001,253.83333333333334,1.9166666666666667,53.34166666666667,67.47500000000001,87.24166666666667,5.4,0.0,0.0,1867.5,12.0
2026-01-10 10:00:00,0.026332134624894168,85.13192257737323,83.01662873585703,24.599999999999998,65.44166666666668,17.724999999999998,990.0500000000001,289.3333333333333,1.3916666666666666,57.083333333333336,76.95833333333333,98.325,3.7,0.0,0.0,1867.5,64.0
2026-01-10 11:00:00,0.028142871381386048,82.38749530528206,80.01931396770601,24.758333333333336,63.725,17.425,989.4583333333334,250.08333333333334,1.5333333333333332,54.88333333333333,73.75,93.11666666666667,4.5,0.0,0.0,1867.5,348.0
2026-01-10 12:00:00,0.02860527288758358,81.33110455816461,78.91702632797785,25.150000000000002,62.958333333333336,17.625,988.625,236.08333333333334,1.5083333333333335,52.14166666666667,69.34166666666667,87.70833333333333,4.5,0.0,0.0,1867.5,335.5
2026-01-10 13:00:00,0.15493827513245678,51.81685810933825,41.18475397121641,24.21666666666667,66.14166666666667,17.5,987.7583333333333,121.16666666666667,1.9333333333333333,57.574999999999996,73.60833333333333,93.54166666666667,5.4,0.0,0.0,1867.5,10.5
2026-01-10 14:00:00,0.20865474608715998,44.73820541396092,32.81724003390661,24.333333333333332,62.11666666666667,16.625,987.2333333333335,103.5,1.7416666666666665,50.44166666666666,62.041666666666664,79.05833333333334,4.4,0.0,0.0,1867.5,351.5
2026-01-10 15:00:00,0.17858028794342581,22.235877389740953,17.189419832850415,23.391666666666666,67.74166666666666,17.108333333333334,987.3166666666666,64.91666666666667,1.7333333333333334,56.800000000000004,65.96666666666667,87.89166666666667,4.4,0.0,0.0,1867.5,349.0
2026-01-10 16:00:00,0.15654256822500237,7.769455235282845,6.269539212474282,22.316666666666666,74.78333333333333,17.641666666666666,987.625,39.25,1.4083333333333332,71.08333333333333,78.925,106.64999999999999,4.5,0.0,0.0,1867.5,345.5
2026-01-10 17:00:00,0.1440613277258531,2.474058572404358,1.9890134939046682,22.458333333333332,72.575,17.291666666666668,987.9833333333332,17.083333333333332,1.2666666666666666,65.075,72.23333333333333,97.66666666666667,3.8,0.0,0.0,1867.5,14.5
2026-01-10 18:00:00,0.1036723999541243,0.0721741273075364,0.0621657005460288,22.4,72.0,17.1,988.3,1.0,1.5,63.5,70.4,95.2,3.3,0.0,0.0,1867.5,14.0
2026-01-14 06:00:00,0.10397612501587905,0.5381034717644194,0.3330018897564063,19.424999999999997,96.375,18.9,989.95,6.0,0.0,426.55,473.5,639.85,0.0,0.0,0.0,1870.0,73.5
2026-01-14 07:00:00,0.06219329891900871,20.57484202270349,25.240617677465323,20.366666666666667,90.78333333333335,18.833333333333332,990.65,77.08333333333333,0.44999999999999996,306.65833333333336,340.43333333333334,460.02500000000003,1.6,0.0,0.0,1870.0,139.5
2026-01-14 08:00:00,0.15900270047566192,88.63204823204427,74.79486100987438,22.849999999999998,77.97500000000001,18.8,991.6166666666667,247.75,0.7000000000000001,252.85833333333335,280.68333333333334,379.3333333333333,2.5,0.0,0.0,1870.0,168.0
2026-01-14 09:00:00,0.1591266198734012,99.59699618480239,84.7484419319791,25.383333333333336,68.59166666666667,19.175,991.8833333333333,432.3333333333333,0.7916666666666666,156.25833333333335,178.54999999999998,237.99166666666667,2.6,0.0,0.0,1870.0,146.0
2026-01-14 10:00:00,0.162650095931304,96.97274565984611,82.00851784797548,26.96666666666667,61.041666666666664,18.841666666666665,991.5583333333334,598.6666666666666,0.775,85.83333333333333,115.55,145.94166666666666,2.7,0.0,0.0,1870.0,190.0
2026-01-14 11:00:00,0.16329883531403044,95.57534927699089,80.83916015377235,28.224999999999998,53.39166666666667,17.891666666666666,990.5666666666666,681.3333333333334,0.975,65.16666666666667,86.91666666666667,107.99166666666667,3.0,0.0,0.0,1870.0,163.5
2026-01-14 12:00:00,0.1623451321848519,94.47064994336613,79.83181869847004,29.675,47.35,17.275000000000002,989.2333333333332,723.25,1.0416666666666667,43.85,57.6,71.63333333333334,3.3,0.0,0.0,1870.0,163.0
2026-01-14 13:00:00,0.16179928340187205,93.60750279632906,79.19512354341353,30.925,40.36666666666667,15.875,987.8249999999999,694.0,0.9416666666666668,34.775,45.333333333333336,56.375,2.9,0.0,0.0,1870.0,116.0
2026-01-14 14:00:00,0.14220983974625537,91.07478136101577,79.8288252144278,31.21666666666667,38.59166666666666,15.458333333333334,986.8583333333332,589.0833333333334,1.2,31.84166666666667,42.13333333333333,51.48333333333333,3.8,0.0,0.0,1870.0,171.0
2026-01-14 15:00:00,0.10612300531048979,39.09027495740808,38.195806326330505,30.150000000000002,44.01666666666667,16.599999999999998,986.275,238.0,1.2083333333333333,37.666666666666664,49.666666666666664,60.625,3.6,0.0,0.0,1870.0,161.0
2026-01-14 16:00:00,0.1199470038064436,17.893825993055337,16.823693492300308,29.266666666666666,46.666666666666664,16.72222222222222,986.2777777777778,72.77777777777777,1.4,34.78888888888889,46.644444444444446,58.5,3.6,0.0,0.0,1870.0,150.0
2026-01-17 08:00:00,0.17212063335297498,102.94160825556024,86.25183026618232,22.333333333333332,76.10000000000001,17.966666666666665,990.0,359.0,0.8666666666666667,129.0,143.20000000000002,193.5666666666667,2.0,0.0,0.0,1870.0,119.0
2026-01-17 09:00:00,0.17116881068003265,102.13101049011327,85.560154976861,23.53333333333333,73.31666666666666,18.491666666666667,990.1666666666666,481.75,0.8333333333333334,126.60000000000001,141.82500000000002,190.40833333333333,2.6,0.0,0.0,1870.0,153.0
2026-01-17 10:00:00,0.17087642341679002,98.15716303355926,82.22419913787422,25.891666666666666,60.34166666666667,17.566666666666666,989.9499999999999,632.0833333333334,0.8583333333333334,102.97500000000001,142.86666666666667,176.08333333333334,2.4,0.0,0.0,1870.0,111.5
2026-01-17 11:00:00,0.17025552301165567,96.4708148900167,80.90209192135099,27.233333333333334,44.75833333333333,14.141666666666666,989.1833333333334,744.5833333333334,1.2166666666666666,60.53333333333333,81.09166666666667,98.3,3.7,0.0,0.0,1870.0,128.0
2026-01-17 12:00:00,0.17314246269787203,96.74120749387485,80.6277386695212,28.325,37.108333333333334,12.325000000000001,987.8583333333332,777.25,1.3583333333333334,45.34166666666667,59.225,69.22500000000001,3.7,0.0,0.0,1870.0,97.0
2026-01-17 13:00:00,0.17128255263533354,96.18556898554823,80.64216424176773,28.849999999999998,37.875,13.091666666666667,986.3000000000001,720.0,1.4000000000000001,44.175000000000004,57.5,68.98333333333333,4.0,0.0,0.0,1870.0,162.5
2026-01-17 14:00:00,0.1683488179373178,96.24616303465557,81.27002917404086,29.383333333333336,35.61666666666667,12.616666666666667,984.9333333333334,608.9166666666666,1.2833333333333334,41.275,53.38333333333333,63.63333333333333,4.0,0.0,0.0,1870.0,138.5
2026-01-17 15:00:00,0.12738923409914962,67.2280698805972,62.4986815660753,28.691666666666666,38.30833333333333,13.125,984.125,281.6666666666667,1.325,44.76666666666667,57.69166666666666,66.99166666666666,4.5,0.0,0.0,1870.0,152.5
2026-01-17 16:00:00,0.12527122642903651,33.45259223001002,31.16769671567506,27.808333333333334,42.333333333333336,13.9,984.1333333333333,97.58333333333333,1.5,53.84166666666667,71.15833333333333,85.52499999999999,4.3,0.0,0.0,1870.0,153.5
2026-01-17 17:00:00,0.11472488384241349,7.26051786049597,6.837606919017008,26.825,46.96666666666667,14.583333333333334,984.5083333333333,36.583333333333336,1.2166666666666666,67.86666666666666,90.425,109.93333333333334,3.7,0.0,0.0,1870.0,157.5
2026-01-17 18:00:00,0.1016750655437148,0.516347969157216,0.4964075196704,26.1,49.7,14.8,984.8,4.0,1.0,81.0,112.3,128.8,1.9,0.0,0.0,1870.0,157.0
2026-01-18 06:00:00,0.11945765604033606,0.4569918627123879,0.41016271480888566,17.525,86.85,15.375,987.025,7.0,0.575,125.6,139.4,188.4,1.4,0.0,0.0,1870.0,190.5
2026-01-18 07:00:00,0.04270449388688169,22.329431576469506,30.786863536261546,18.175,83.18333333333334,15.291666666666666,987.3916666666668,89.08333333333333,0.7083333333333334,124.825,138.54999999999998,187.26666666666665,1.9,0.0,0.0,1870.0,126.0
2026-01-18 08:00:00,0.16683956303643743,90.82301648061348,76.55405916101732,20.658333333333335,72.97500000000001,15.65,987.85,294.3333333333333,0.7833333333333333,124.86666666666667,139.74166666666667,187.9416666666667,2.2,0.0,0.0,1870.0,143.0
2026-01-18 09:00:00,0.17564208037315251,102.9509707741447,85.85602577641741,23.366666666666664,65.14999999999999,16.483333333333334,987.875,506.25,0.8666666666666667,119.04166666666667,145.95833333333334,186.03333333333333,2.3,0.0,0.0,1870.0,101.0
2026-01-18 10:00:00,0.17628221410342237,98.14477263077579,81.56325956441607,26.566666666666666,52.89166666666667,16.158333333333335,987.65,660.25,0.7666666666666666,95.89999999999999,130.89166666666668,151.10833333333332,2.3,0.0,0.0,1870.0,108.0
2026-01-18 11:00:00,0.17218352095576364,95.9038649855184,80.15236305108567,27.683333333333334,43.50833333333333,14.158333333333333,986.9416666666666,737.3333333333334,0.9166666666666666,68.83333333333333,92.78333333333335,108.31666666666666,3.3,0.0,0.0,1870.0,163.0
2026-01-18 12:00:00,0.17208781294071793,95.70557002820645,79.83254000928063,28.491666666666664,36.78333333333333,12.25,985.6750000000001,785.8333333333334,1.1416666666666666,52.199999999999996,68.14166666666667,82.09166666666667,3.1,0.0,0.0,1870.0,163.5
2026-01-18 13:00:00,0.17008624595028823,95.72697678078002,80.26264131088615,29.325,32.208333333333336,11.041666666666666,984.275,757.9166666666666,1.4833333333333334,43.86666666666667,57.0,66.79166666666667,4.1,0.0,0.0,1870.0,136.5
2026-01-18 14:00:00,0.14240744615406112,92.06585634133518,80.58742690104786,30.008333333333336,28.191666666666666,9.65,983.2583333333333,633.25,1.2333333333333334,36.50833333333333,47.44166666666666,55.699999999999996,3.7,0.0,0.0,1870.0,147.0
2026-01-18 15:00:00,0.10818327410137547,32.38516632227722,31.867249526346473,29.349999999999998,30.116666666666664,10.058333333333334,982.8916666666665,271.8333333333333,1.2750000000000001,36.516666666666666,47.225,56.85,3.3,0.0,0.0,1870.0,121.5
2026-01-18 16:00:00,0.13360615255015504,14.35568583802832,12.969435623390654,28.441666666666666,30.650000000000002,9.525,983.0,63.0,1.2916666666666667,38.56666666666667,50.85,61.475,3.6,0.0,0.0,1870.0,116.0
2026-01-18 17:00:00,0.1214333637280977,4.678484820834503,4.300434514117129,27.241666666666664,40.025,12.5,983.3916666666668,29.333333333333332,1.5833333333333333,50.34166666666667,67.27499999999999,80.95,4.0,0.0,0.0,1870.0,166.5
2026-01-18 18:00:00,0.109985589030672,0.56833511091324,0.534741968818245,26.2,43.2,12.8,983.8,4.0,0.9,50.6,65.6,77.6,2.1,0.0,0.0,1870.0,145.0
2026-01-19 06:00:00,0.11104669255287335,0.3700729476032112,0.33460471740401126,17.55,83.05,14.674999999999999,988.1500000000001,6.25,0.2,110.675,122.875,166.04999999999998,1.4,0.0,0.0,1870.0,184.5
2026-01-19 07:00:00,0.08092191909890897,22.952950149483556,27.842318756131004,18.533333333333335,76.98333333333333,14.450000000000001,988.5833333333334,86.5,0.4916666666666667,114.61666666666667,127.23333333333333,171.98333333333335,1.7,0.0,0.0,1870.0,261.5
2026-01-19 08:00:00,0.1591019196751117,93.45699832193957,80.46343696868259,20.633333333333333,70.00833333333334,14.991666666666667,989.0333333333333,287.5,0.8583333333333334,117.86666666666667,134.04999999999998,178.0,2.6,0.0,0.0,1870.0,181.5
2026-01-19 09:00:00,0.1683747752142427,102.30687999295252,86.26004961764288,23.441666666666666,62.49166666666667,15.866666666666667,989.2583333333333,501.8333333333333,0.9333333333333332,106.85000000000001,142.525,172.75833333333333,2.5,0.0,0.0,1870.0,163.5
2026-01-19 10:00:00,0.17272866043001656,98.81703959887146,82.66725606230547,25.90833333333333,55.791666666666664,16.441666666666666,988.9916666666667,661.6666666666666,0.7999999999999999,89.43333333333334,121.04166666666667,147.18333333333334,2.1,0.0,0.0,1870.0,125.0
2026-01-19 11:00:00,0.17460824390285856,95.81195000445423,79.82280625868026,27.583333333333332,47.98333333333333,15.583333333333334,988.1166666666667,751.6666666666666,0.8666666666666667,72.74166666666666,98.15833333333335,115.74166666666667,2.7,0.0,0.0,1870.0,118.0
2026-01-19 12:00:00,0.1740221183614172,95.01818431906446,79.34979805085233,28.599999999999998,39.99166666666667,13.658333333333333,986.9083333333333,788.5833333333334,1.1333333333333333,56.59166666666667,74.25,88.38333333333333,3.1,0.0,0.0,1870.0,151.5
2026-01-19 13:00:00,0.17425229218640578,95.95343707238978,80.05862799547167,29.5,35.291666666666664,12.591666666666667,985.5583333333334,748.5,1.3583333333333334,46.43333333333334,60.0,71.09166666666667,3.7,0.0,0.0,1870.0,164.5
2026-01-19 14:00:00,0.1574274455071839,94.94457390610457,81.78146919681605,29.275000000000002,37.34166666666667,13.25,984.475,613.4166666666666,1.4666666666666668,48.324999999999996,64.94166666666666,74.75,3.9,0.0,0.0,1870.0,167.5
2026-01-19 15:00:00,0.11435881739562241,66.30469095168989,63.736271744543785,28.724999999999998,40.00833333333333,13.775,984.025,300.5833333333333,1.4833333333333334,51.30833333333334,68.03333333333333,81.25,4.1,0.0,0.0,1870.0,141.5
2026-01-19 16:00:00,0.12470171207013941,39.09981479214881,36.61496690117367,27.766666666666666,44.43333333333334,14.616666666666667,984.2666666666668,105.91666666666667,1.45,68.5,91.76666666666667,108.83333333333333,4.4,0.0,0.0,1870.0,131.5
2026-01-19 17:00:00,0.11560622624889276,7.91809390216919,7.4684960046274105,26.866666666666664,49.15,15.341666666666667,984.8583333333332,38.833333333333336,1.2416666666666667,78.61666666666666,107.0,130.15833333333333,3.5,0.0,0.0,1870.0,156.0
2026-01-19 18:00:00,0.1012114966061062,0.5599993566144,0.5398494536334899,26.2,51.9,15.5,985.3,5.0,1.0,89.0,124.1,150.0,1.9,0.0,0.0,1870.0,128.0
2026-01-20 06:00:00,0.13585558678455872,0.3683665999563666,0.32687864462580374,16.4,76.375,12.25,988.225,6.25,0.15,84.875,94.25,127.325,1.3,0.0,0.0,1870.0,277.0
2026-01-20 07:00:00,0.17329914109925437,15.788622162097171,14.549218960910663,17.224999999999998,71.00833333333334,11.941666666666668,988.6833333333334,63.416666666666664,0.47500000000000003,90.31666666666666,100.27499999999999,135.51666666666668,1.8,0.0,0.0,1870.0,176.5
2026-01-20 08:00:00,0.20042407439021118,89.28682523020636,72.86112724468052,18.866666666666667,69.325,13.158333333333333,989.4333333333334,213.75,0.7583333333333333,108.51666666666667,121.18333333333334,163.19166666666666,2.0,0.0,0.0,1870.0,129.0
2026-01-20 09:00:00,0.207925573051839,107.1887095568,85.98489895070452,22.391666666666666,58.61666666666667,13.875,989.6833333333334,455.0833333333333,0.7999999999999999,96.91666666666667,129.89166666666668,158.1,2.2,0.0,0.0,1870.0,127.0
2026-01-20 10:00:00,0.2055296007860725,103.16891360748478,82.96088020606544,24.925,56.15833333333333,15.616666666666667,989.35,632.75,0.9249999999999999,87.3,119.38333333333334,143.65,2.9,0.0,0.0,1870.0,103.0
2026-01-20 11:00:00,0.2061787247921386,100.6731278072208,80.83915199194135,26.150000000000002,53.55833333333334,16.016666666666666,988.5666666666666,740.9166666666666,0.9083333333333333,73.03333333333333,96.31666666666666,112.26666666666667,2.9,0.0,0.0,1870.0,132.5
2026-01-20 12:00:00,0.20889280697601753,100.77503472243019,80.32091770988298,27.608333333333334,47.208333333333336,15.358333333333334,987.4083333333333,773.1666666666666,1.2583333333333333,57.85833333333333,74.75,87.52499999999999,3.6,0.0,0.0,1870.0,160.5
2026-01-20 13:00:00,0.16432629384340655,96.72736791071526,81.38372507142579,28.641666666666666,39.916666666666664,13.666666666666666,986.0083333333333,740.8333333333334,1.5583333333333333,44.40833333333333,57.63333333333333,69.075,5.3,0.0,0.0,1870.0,98.5
2026-01-20 14:00:00,0.09814410873015539,89.07484699787388,81.6563928382296,29.575,38.375,13.916666666666666,984.9250000000001,616.75,1.425,41.65,54.35,63.19166666666666,3.8,0.0,0.0,1870.0,140.0
2026-01-20 15:00:00,0.04696993560042351,54.74270293464212,56.39804815820782,28.733333333333334,39.38333333333333,13.583333333333334,984.4833333333332,295.8333333333333,1.55,46.63333333333333,60.0,69.71666666666667,4.5,0.0,0.0,1870.0,87.5
2026-01-20 16:00:00,0.05797855170822445,29.51125074250379,29.493399748764926,28.041666666666668,42.975,14.275,984.5583333333334,97.08333333333333,1.5250000000000001,65.58333333333333,86.24166666666667,101.81666666666666,4.3,0.0,0.0,1870.0,108.5
2026-01-20 17:00:00,0.053434336985961124,7.571652019001939,7.622611212348502,27.191666666666666,45.94166666666666,14.591666666666667,984.9916666666667,38.166666666666664,1.3,69.39166666666667,92.425,107.70833333333333,4.0,0.0,0.0,1870.0,94.5
2026-01-20 18:00:00,0.062214977564633,0.469246367824392,0.4675418365000319,26.5,44.3,13.4,985.3,4.0,1.4,58.6,77.0,96.7,3.4,0.0,0.0,1870.0,94.0
2026-01-21 06:00:00,0.07172278999244973,0.4563619257866806,0.4419541072951987,17.5,88.2,15.6,989.2333333333332,8.0,0.0,127.83333333333333,141.93333333333334,191.83333333333334,0.0,0.0,0.0,1870.0,165.0
2026-01-21 07:00:00,0.08372843761147601,23.106863119560312,22.786262733016233,18.241666666666667,84.43333333333334,15.6,989.8666666666667,80.5,0.375,142.53333333333333,158.23333333333332,213.83333333333334,1.9,0.0,0.0,1870.0,129.0
2026-01-21 08:00:00,0.09386082890292276,88.30299868201564,81.58486854832469,20.633333333333333,74.74166666666666,16.008333333333333,990.5333333333333,261.3333333333333,0.75,131.70833333333334,146.20833333333334,197.59166666666667,2.0,0.0,0.0,1870.0,130.5
2026-01-21 09:00:00,0.10393483074941622,95.13409023677701,86.36948717228351,23.349999999999998,66.89166666666667,16.900000000000002,990.8333333333334,476.25,0.9333333333333335,118.03333333333335,156.61666666666667,187.775,2.6,0.0,0.0,1870.0,146.0
2026-01-21 10:00:00,0.107681798538051,91.02975870986891,82.00940140474738,25.84166666666667,58.64166666666667,17.141666666666666,990.6833333333334,605.75,0.8916666666666666,90.8,123.34166666666665,144.45833333333334,3.3,0.0,0.0,1870.0,148.5
2026-01-21 11:00:00,0.10957431215404545,93.68649894113555,84.08526216654347,26.849999999999998,49.80833333333334,15.5,990.0833333333334,699.1666666666666,1.5250000000000001,55.449999999999996,73.53333333333333,87.0,6.4,0.0,0.0,1870.0,234.0
2026-01-21 12:00:00,0.10714723927442242,89.84890276697695,81.02228450395303,27.21666666666667,46.625,14.833333333333334,989.1,468.1666666666667,1.4500000000000002,47.775,63.06666666666666,73.16666666666667,4.1,0.0,0.0,1870.0,315.5
2026-01-21 13:00:00,0.10843578760210633,91.11531958839682,81.97259905337397,28.46666666666667,43.1,14.741666666666667,987.75,688.0833333333334,1.5999999999999999,45.75833333333333,60.06666666666666,69.30833333333334,4.7,0.0,0.0,1870.0,108.5
2026-01-21 14:00:00,0.1036834381146604,91.45933353857062,83.0974309622965,28.866666666666664,40.0,13.933333333333332,986.4916666666667,596.9166666666666,1.6666666666666667,39.641666666666666,51.725,60.675000000000004,4.8,0.0,0.0,1870.0,142.5
2026-01-21 15:00:00,0.07269348107481928,68.69420500985447,66.89751697405195,28.358333333333334,41.233333333333334,13.975,985.8833333333333,272.5833333333333,1.5083333333333335,40.083333333333336,52.10833333333333,60.791666666666664,5.2,0.0,0.0,1870.0,122.0
2026-01-21 16:00:00,0.053374249216402624,34.14870835131632,34.83727300584935,27.7,43.4,14.174999999999999,985.8583333333332,106.41666666666667,1.4166666666666667,48.71666666666667,65.34166666666667,80.77499999999999,3.6,0.0,0.0,1870.0,109.0
2026-01-21 17:00:00,0.049498257807629086,6.9762963149021,7.133523585618756,26.925,46.208333333333336,14.416666666666666,986.3583333333332,39.166666666666664,1.2166666666666666,54.75833333333333,73.51666666666667,90.52499999999999,4.2,0.0,0.0,1870.0,91.0
2026-01-21 18:00:00,0.0515768655071467,0.5990224139363199,0.61355553017292,26.1,48.4,14.4,986.7,5.0,0.9,54.7,73.3,87.6,2.3,0.0,0.0,1870.0,111.0
2026-01-22 06:00:00,0.07829130508184143,0.38233961353434154,0.36412405887806276,16.5,80.85,13.25,990.1,6.0,0.75,90.825,100.80000000000001,136.27499999999998,1.8,0.0,0.0,1870.0,107.0
2026-01-22 07:00:00,0.08134243354317698,18.496432076684545,19.133819427117743,16.941666666666666,77.75833333333334,13.033333333333333,990.6416666666668,73.75,0.7666666666666666,90.91666666666667,100.95833333333333,136.40833333333333,1.7,0.0,0.0,1870.0,142.0
2026-01-22 08:00:00,0.09386140720427529,84.07130103711509,77.69012360995983,19.974999999999998,66.83333333333333,13.625,991.0583333333334,300.8333333333333,0.7833333333333333,95.64999999999999,107.89166666666667,144.28333333333333,2.2,0.0,0.0,1870.0,113.5
2026-01-22 09:00:00,0.10367070454133942,94.44563646133197,85.74031016772851,23.491666666666664,58.050000000000004,14.775,991.1500000000001,515.5,0.8166666666666668,85.125,112.88333333333333,140.61666666666667,2.6,0.0,0.0,1870.0,148.5
2026-01-22 10:00:00,0.10509320597582572,92.19636500974731,83.31603426520435,26.008333333333336,51.15833333333333,15.141666666666666,991.0666666666666,644.9166666666666,1.2083333333333333,51.11666666666667,67.64166666666667,80.89166666666667,3.8,0.0,0.0,1870.0,138.0
2026-01-22 11:00:00,0.10496103043891847,90.6463754463483,81.74422467452605,27.066666666666666,44.19166666666666,13.85,990.4083333333333,737.5833333333334,1.7416666666666665,31.36666666666667,40.59166666666667,48.800000000000004,5.7,0.0,0.0,1870.0,127.5
2026-01-22 12:00:00,0.09375560992800375,91.16367722480591,83.38147034221306,27.825,40.69166666666667,13.258333333333333,989.2916666666666,733.5,1.9166666666666667,28.366666666666664,37.15,44.25833333333333,5.1,0.0,0.0,1870.0,18.0
2026-01-22 13:00:00,0.09403678410802523,90.61140796036675,82.7472188710083,28.666666666666668,38.15833333333333,13.033333333333333,988.1,762.0,1.9333333333333333,27.991666666666664,36.166666666666664,45.43333333333334,5.7,0.0,0.0,1870.0,101.5
2026-01-22 14:00:00,0.08404189252282496,88.89007706075138,82.73168620732952,28.933333333333334,35.975,12.375,987.0666666666666,630.8333333333334,1.875,30.608333333333334,40.11666666666667,46.38333333333333,5.3,0.0,0.0,1870.0,101.5
2026-01-22 15:00:00,0.04039718374540658,60.561930351123294,61.74178590717765,28.3,36.275,11.966666666666667,986.7333333333332,316.4166666666667,1.8250000000000002,34.94166666666667,45.75,53.90833333333333,5.7,0.0,0.0,1870.0,128.5
2026-01-22 16:00:00,0.04100009634651231,28.802996522821243,29.444898106961976,27.525000000000002,37.074999999999996,11.6,986.7333333333335,97.33333333333333,1.7666666666666666,41.725,54.86666666666667,65.89999999999999,4.5,0.0,0.0,1870.0,123.0
2026-01-22 17:00:00,0.03884207646036865,6.7692216737508994,6.9588813831868945,26.516666666666666,38.958333333333336,11.450000000000001,987.1583333333333,39.083333333333336,1.5666666666666667,46.65,63.81666666666666,75.48333333333333,5.6,0.0,0.0,1870.0,107.0
2026-01-22 18:00:00,0.0538225986381326,0.557060826987976,0.5634671912456399,25.8,41.1,11.6,987.4,6.0,1.4,49.9,66.3,79.7,3.0,0.0,0.0,1870.0,349.0
2026-01-23 06:00:00,0.07749261450108023,0.391253679330611,0.37041126934562696,17.1,80.76666666666667,13.800000000000002,990.6666666666666,7.666666666666667,0.5,102.13333333333333,113.39999999999999,153.26666666666665,1.4,0.0,0.0,1870.0,107.0
2026-01-23 07:00:00,0.06003862922252012,13.724917631381352,15.843800693928538,17.744444444444444,78.32222222222222,13.944444444444445,990.7111111111111,67.77777777777777,0.5555555555555556,107.42222222222222,119.24444444444445,161.1888888888889,1.9,0.0,0.0,1870.0,96.0
2026-01-23 08:00:00,0.08406246763487668,82.10967067716685,77.10957639016257,20.741666666666667,68.00833333333334,14.625,991.4499999999999,267.25,0.7999999999999999,107.60000000000001,119.98333333333333,161.63333333333333,2.2,0.0,0.0,1870.0,146.5
2026-01-23 09:00:00,0.10228694965677963,95.15878263980578,86.41584313215219,24.099999999999998,58.40833333333333,15.441666666666668,991.7333333333332,473.0,0.7999999999999999,92.94166666666666,122.84166666666665,146.16666666666666,2.1,0.0,0.0,1870.0,162.0
2026-01-23 10:00:00,0.09582120402604051,93.08931150996513,84.96944304386646,26.441666666666666,51.824999999999996,15.775,991.3833333333333,632.0,1.4500000000000002,59.21666666666667,79.00833333333334,94.30833333333334,4.8,0.0,0.0,1870.0,160.0
2026-01-23 11:00:00,0.09323338231875467,92.41169869419333,84.50977470313218,27.40833333333333,49.63333333333333,16.008333333333333,990.7083333333334,613.4166666666666,1.6166666666666665,49.11666666666667,65.94166666666666,77.30833333333334,5.9,0.0,0.0,1870.0,107.5
2026-01-23 12:00:00,0.09022719684627324,91.99721072691152,84.3619966184043,28.516666666666666,44.35833333333333,15.241666666666667,989.6083333333332,597.3333333333334,1.6083333333333334,43.73333333333333,60.458333333333336,70.5,4.7,0.0,0.0,1870.0,322.5
2026-01-23 13:00:00,0.09039310872985164,88.7345035302464,81.42627432762761,29.46666666666667,44.18333333333334,16.041666666666668,988.375,567.1666666666666,1.2916666666666667,42.550000000000004,57.74166666666667,68.27499999999999,4.6,0.0,0.0,1870.0,126.0
2026-01-23 14:00:00,0.08711746023456464,87.01295868613973,80.43601363632938,28.566666666666666,49.975,17.141666666666666,987.4416666666666,320.25,1.5083333333333335,54.65,72.625,84.63333333333334,3.9,0.0,0.0,1870.0,139.5
2026-01-23 15:00:00,0.08327401165885974,83.74131090916491,78.10616590407595,27.683333333333334,56.21666666666667,18.191666666666666,987.1666666666666,236.83333333333334,1.7416666666666665,71.68333333333332,98.075,116.95833333333333,5.2,0.0,0.0,1870.0,109.0
2026-01-23 16:00:00,0.064374938288707,47.291208021669185,46.031830394749825,26.791666666666668,61.71666666666667,18.866666666666667,987.1666666666666,126.58333333333333,1.4666666666666668,82.64166666666667,112.375,132.80833333333334,4.2,0.0,0.0,1870.0,126.5
2026-01-23 17:00:00,0.05327599772621214,4.457531690206584,4.432683993179848,25.583333333333332,67.96666666666667,19.25,987.8083333333334,27.333333333333332,1.4583333333333333,97.78333333333335,121.25833333333333,151.65,5.1,0.0,0.0,1870.0,96.5
2026-01-23 18:00:00,0.0573722156308575,0.19713513096672,0.199066767496135,24.5,74.0,19.6,988.4,3.0,1.8,111.0,123.2,166.5,4.3,0.0,0.0,1870.0,107.0
2026-01-24 06:00:00,0.0694235647382512,0.09410110220748595,0.09271070325950653,21.75,87.125,19.55,990.475,3.75,0.0,145.825,161.9,218.725,0.0,0.0,0.0,1870.0,63.5
2026-01-24 07:00:00,0.06415883327543444,10.733546011620648,10.426888033123012,22.2,85.15833333333333,19.608333333333334,991.0,53.75,0.09166666666666667,149.24166666666667,165.67499999999998,223.88333333333333,0.7,0.0,0.0,1870.0,48.0
2026-01-24 08:00:00,0.08247562621394533,50.365595509296355,47.44384649395389,23.150000000000002,80.34166666666667,19.6,991.6083333333332,144.08333333333334,0.65,157.33333333333334,174.65833333333333,236.0,3.3,0.0,0.0,1870.0,80.5
2026-01-24 09:00:00,0.08955875399986561,85.31090736043511,79.04574482515953,24.45,72.14999999999999,19.116666666666667,991.9166666666666,227.75,1.3333333333333333,100.22500000000001,118.20833333333333,153.79999999999998,3.6,0.0,0.0,1870.0,336.5
2026-01-24 10:00:00,0.06771414722194326,56.024068392551904,54.728316923266554,24.916666666666668,66.34166666666667,18.224999999999998,991.9499999999999,140.25,1.4166666666666667,76.26666666666667,101.71666666666665,123.23333333333333,3.7,0.0,0.0,1870.0,170.0
2026-01-24 11:00:00,0.05303215760891251,9.82547719721575,9.794645101105948,24.025000000000002,73.36666666666666,18.933333333333334,992.0,46.333333333333336,2.0,77.72500000000001,94.0,121.10833333333333,5.8,0.0,0.0,1870.0,342.5
2026-01-24 12:00:00,0.07331361402942767,58.96033592583714,55.93184011724238,22.724999999999998,86.125,20.291666666666668,991.225,178.66666666666666,1.4333333333333333,78.7,87.375,118.07499999999999,3.9,0.0,0.0,1870.0,344.5
2026-01-24 13:00:00,0.0775992910908755,62.252559011232705,58.919852695600405,24.641666666666666,72.27499999999999,19.341666666666665,989.5916666666667,235.16666666666666,1.9833333333333332,44.958333333333336,54.25,70.01666666666667,5.7,0.0,0.0,1870.0,348.5
2026-01-24 14:00:00,0.06444309270096048,24.370081029271628,24.072415585079387,24.275000000000002,72.68333333333334,19.066666666666666,989.0166666666668,82.41666666666667,1.95,36.85,41.40833333333333,55.699999999999996,5.3,0.0,0.0,1870.0,344.0
2026-01-24 15:00:00,0.06535876536045303,30.220245397356788,29.957647827224623,24.275000000000002,71.80833333333332,18.9,988.4833333333332,99.41666666666667,1.875,43.88333333333333,48.71666666666667,65.85000000000001,5.0,0.0,0.0,1870.0,354.5
2026-01-24 16:00:00,0.061572512636808935,20.202763579206273,20.203884771211673,24.483333333333334,71.21666666666667,18.974999999999998,988.25,79.16666666666667,1.6166666666666665,69.16666666666667,76.8,103.81666666666666,5.3,0.0,0.0,1870.0,173.5
2026-01-24 17:00:00,0.05362879076357272,7.917651917356923,7.956641646405795,24.333333333333332,71.35000000000001,18.858333333333334,988.4416666666666,41.0,1.5166666666666666,70.09166666666667,77.81666666666666,105.16666666666667,3.8,0.0,0.0,1870.0,351.0
2026-01-24 18:00:00,0.0547015553094394,0.263908115211686,0.270592594644,24.0,72.1,18.7,988.7,5.0,1.7,68.0,75.4,102.0,3.3,0.0,0.0,1870.0,350.0
2026-01-25 06:00:00,0.06820200997836545,0.0765857040553744,0.07761632630542323,22.5,81.5,19.15,988.925,3.5,0.0,94.2,104.625,141.375,0.0,0.0,0.0,1870.0,22.0
2026-01-25 07:00:00,0.04904970562145584,2.476343182729088,2.6568370266069885,22.641666666666666,80.375,19.099999999999998,989.5749999999999,25.583333333333332,0.19166666666666665,93.53333333333335,103.81666666666666,140.29166666666666,1.3,0.0,0.0,1870.0,24.0
2026-01-25 08:00:00,0.05737830842607445,12.762550789155178,13.003353581592485,22.916666666666668,79.97500000000001,19.291666666666668,990.7083333333334,59.75,0.09999999999999999,90.16666666666667,100.10000000000001,135.29999999999998,1.6,0.0,0.0,1870.0,312.5
2026-01-25 09:00:00,0.05896923034336121,33.831074978739956,33.81495511107227,23.066666666666666,82.71666666666667,19.983333333333334,991.3583333333332,97.83333333333333,0.049999999999999996,88.19166666666666,97.88333333333333,132.31666666666666,0.7,0.0,0.0,1870.0,50.5
2026-01-25 10:00:00,0.06310742891801169,47.26067302529725,46.50626098162843,23.775000000000002,77.00833333333334,19.525000000000002,991.2916666666666,121.66666666666667,0.6583333333333333,68.99166666666666,76.58333333333333,103.5,3.0,0.0,0.0,1870.0,329.0
2026-01-25 11:00:00,0.06323913983477018,48.80213810454614,48.02976871718619,23.15833333333333,83.49166666666666,20.2,990.8833333333333,123.0,1.1333333333333333,73.625,81.73333333333333,110.425,3.1,0.0,0.0,1870.0,166.0
2026-01-25 12:00:00,0.06301462157646741,34.31404409901149,33.721752244500266,21.974999999999998,94.53333333333335,21.05,990.0333333333333,98.5,1.5083333333333335,53.63333333333333,59.53333333333333,80.46666666666667,3.8,3.0,0.25,1870.25,167.0
2026-01-25 13:00:00,0.09406225199946718,92.76567218200536,85.22250723134141,23.375,83.33333333333333,20.358333333333334,988.75,345.4166666666667,1.1166666666666667,28.325,31.866666666666664,42.55833333333333,3.7,0.0,0.25,1870.25,180.5
2026-01-25 14:00:00,0.0910644556527228,85.68435819006521,79.11026013370564,24.991666666666664,72.8,19.808333333333334,987.6750000000001,266.0833333333333,0.8583333333333334,18.816666666666666,24.349999999999998,29.349999999999998,2.7,0.0,0.25,1870.25,327.5
2026-01-25 15:00:00,0.07044567188498141,45.62083731145618,43.5696305153212,24.8,74.18333333333334,19.891666666666666,987.5833333333334,116.75,0.8250000000000001,19.341666666666665,22.683333333333334,28.28333333333333,3.2,0.0,0.25,1870.25,129.5
2026-01-25 16:00:00,0.059230078506060053,22.06199268766775,21.687872148842157,23.583333333333332,82.14999999999999,20.308333333333334,987.7666666666668,56.5,0.9916666666666667,23.650000000000002,26.233333333333334,35.50833333333333,4.5,3.0,0.75,1870.75,169.5
2026-01-25 17:00:00,0.05152610783874267,1.8634116283741056,1.882089497057818,21.891666666666666,96.86666666666667,21.375,988.4916666666667,19.583333333333332,0.375,33.68333333333333,37.4,50.59166666666667,2.0,0.0,0.75,1870.75,179.5
2026-01-25 18:00:00,0.0447813144705965,0.7524453657711301,0.7725732674107101,22.0,96.8,21.5,988.9,10.0,0.7,36.0,40.0,54.1,0.7,0.0,0.75,1870.75,143.0
2026-01-26 06:00:00,0.06904004670455217,0.06926164928757858,0.06951072264578903,20.9,96.9,20.4,990.4,2.75,0.0,26.575,29.525,39.925,0.0,0.0,0.0,1874.5,39.0
2026-01-26 07:00:00,0.05084101190449544,1.2222213541819522,1.2487482395140146,21.099999999999998,96.95833333333333,20.633333333333333,991.2083333333334,16.0,0.075,28.641666666666666,31.808333333333334,42.99166666666667,0.7,0.0,0.0,1874.5,89.0
2026-01-26 08:00:00,0.05654410937542314,22.270521946440876,22.341303879782746,21.7,97.02499999999999,21.224999999999998,991.9666666666667,81.25,0.19166666666666665,33.88333333333333,37.625,50.875,1.3,0.0,0.0,1874.5,121.0
2026-01-26 09:00:00,0.09129520015591797,87.45873764313711,80.87787355923997,23.8,84.45,20.991666666666667,992.2916666666666,275.5,0.21666666666666667,27.099999999999998,30.099999999999998,40.68333333333333,2.1,0.0,0.0,1874.5,120.0
2026-01-26 10:00:00,0.09688401465966238,91.01241305502269,82.98849425543301,25.758333333333336,71.06666666666666,20.133333333333336,991.6999999999999,516.0833333333334,0.7083333333333334,19.158333333333335,23.675,29.233333333333334,2.4,0.0,0.0,1874.5,329.0
2026-01-26 11:00:00,0.09535953230256357,90.52344647594164,82.69311531329826,27.391666666666666,63.74166666666667,19.933333333333334,990.9333333333334,474.4166666666667,0.8583333333333334,15.15,19.45,23.349999999999998,3.3,0.0,0.0,1874.5,295.5
2026-01-26 12:00:00,0.08912772047979074,90.73037500911623,83.527829474295,27.46666666666667,62.083333333333336,19.591666666666665,990.025,436.75,1.1833333333333333,13.816666666666668,17.766666666666666,21.175,3.7,0.0,0.0,1874.5,144.0
2026-01-26 13:00:00,0.0897063012913329,90.1340332179002,82.89359882705416,28.116666666666664,59.46666666666667,19.5,988.8833333333333,467.5,1.1833333333333333,15.991666666666667,20.941666666666666,25.733333333333334,3.4,0.0,0.0,1874.5,133.0
2026-01-26 14:00:00,0.08890928909861318,89.63829909073947,82.66264083012992,28.325,60.59166666666667,19.983333333333334,988.0749999999999,418.0833333333333,1.2750000000000001,19.375,25.175,30.383333333333336,4.3,0.0,0.0,1874.5,156.0
2026-01-26 15:00:00,0.047366530107432296,9.661954533181943,9.862846060545019,25.383333333333336,78.09166666666667,21.216666666666665,988.1416666666668,36.5,1.1666666666666667,26.858333333333334,32.050000000000004,41.65,5.0,30.0,5.5,1880.0,174.0
2026-01-26 16:00:00,0.05315439875749603,0.9657598372030409,0.9733169857339541,22.316666666666666,95.80833333333334,21.641666666666666,989.15,15.0,2.0166666666666666,42.050000000000004,46.699999999999996,63.10833333333333,5.5,30.0,10.75,1885.25,164.5
2026-01-26 17:00:00,0.058054498026104656,0.584182829700333,0.5856124864659801,22.191666666666666,96.8,21.71666666666667,989.9416666666666,8.5,0.9333333333333332,47.925000000000004,53.199999999999996,71.91666666666667,2.4,0.0,10.75,1885.25,340.0
2026-01-27 06:00:00,0.06758998147160657,0.10702567009474569,0.10545604133374556,21.34,97.0,20.9,991.9,4.0,0.0,51.96,57.67999999999999,78.0,0.0,0.0,0.0,1885.25,45.0
2026-01-27 07:00:00,0.053225810981659516,5.405548425694828,5.385302545199308,21.7,97.00833333333333,21.216666666666665,992.475,37.916666666666664,0.0,56.125,62.300000000000004,84.21666666666667,0.0,0.0,0.0,1885.25,187.5
2026-01-27 08:00:00,0.08847440590365387,75.82200828012884,70.03033534016089,23.808333333333334,86.81666666666666,21.433333333333334,993.2333333333332,214.58333333333334,0.08333333333333333,55.65833333333333,61.800000000000004,83.54166666666667,0.7,0.0,0.0,1885.25,89.5
2026-01-27 09:00:00,0.09556774842390768,91.91434680290496,84.16508289757977,25.083333333333332,76.66666666666667,20.683333333333334,993.5666666666666,417.25,1.0666666666666667,67.59166666666667,77.11666666666666,102.68333333333334,4.5,0.0,0.0,1885.25,135.5
2026-01-27 10:00:00,0.10331433698536481,91.2508209283488,82.57432664089082,26.383333333333336,64.51666666666667,19.175,993.4250000000001,477.5,1.2583333333333333,75.84166666666667,104.01666666666667,123.96666666666665,4.5,0.0,0.0,1885.25,263.0
2026-01-27 11:00:00,0.10553521230600815,90.82513870296644,81.8436211178872,27.71666666666667,55.75833333333333,18.091666666666665,992.5500000000001,668.0833333333334,1.3583333333333334,71.01666666666667,97.71666666666665,115.39166666666667,4.9,0.0,0.0,1885.25,140.5
2026-01-27 12:00:00,0.10260311318408215,91.4549184284039,82.88092852064734,28.099999999999998,54.39166666666667,18.058333333333334,991.3166666666666,738.5,1.7916666666666667,66.075,89.50833333333333,105.70833333333333,4.7,0.0,0.0,1885.25,173.0
2026-01-27 13:00:00,0.10252476757923025,89.2247852778897,80.92520387813329,28.650000000000002,51.458333333333336,17.691666666666666,989.775,633.3333333333334,1.5,61.46666666666667,84.575,98.36666666666667,5.3,0.0,0.0,1885.25,109.0
2026-01-27 14:00:00,0.09991417683652165,88.39280828479765,80.5695288652915,28.891666666666666,52.61666666666667,18.26666666666667,988.6583333333333,446.0833333333333,1.5083333333333335,67.60833333333333,92.33333333333333,110.02499999999999,4.3,0.0,0.0,1885.25,140.0
2026-01-27 15:00:00,0.08592153771073509,69.64597775240102,64.91067971130033,28.208333333333332,56.61666666666667,18.8,988.2916666666666,218.41666666666666,1.3583333333333334,77.61666666666666,106.22500000000001,122.60000000000001,4.6,0.0,0.0,1885.25,138.0
2026-01-27 16:00:00,0.04380904773035548,40.03132214962718,41.080488062092904,27.758333333333336,55.23333333333333,17.958333333333332,988.2166666666667,113.33333333333333,1.5166666666666666,94.375,130.65833333333333,160.24166666666667,4.6,0.0,0.0,1885.25,119.5
2026-01-27 17:00:00,0.041186214121154564,9.509026385695874,9.836537072341331,26.983333333333334,51.24166666666667,16.083333333333332,988.6083333333332,46.0,1.4916666666666665,76.48333333333333,105.47500000000001,131.11666666666667,5.0,0.0,0.0,1885.25,161.5
2026-01-27 18:00:00,0.0516916355963076,0.7774336719063039,0.7899291741059621,26.3,51.7,15.6,988.9,8.0,1.1,77.8,109.1,141.5,2.3,0.0,0.0,1885.25,147.0
2026-01-28 06:00:00,0.07519714880665027,0.40200870499243396,0.38605663108097876,18.400000000000002,92.46666666666665,17.2,990.9333333333334,7.333333333333333,0.0,137.86666666666667,153.03333333333333,206.83333333333334,0.0,0.0,0.0,1885.25,136.0
2026-01-28 07:00:00,0.044417996463282206,20.840354018260573,24.485510453216154,19.275000000000002,85.575,16.816666666666666,991.4250000000001,80.0,0.5416666666666666,118.80833333333334,131.86666666666667,178.21666666666667,1.7,0.0,0.0,1885.25,214.5
2026-01-28 08:00:00,0.07138361468968966,86.05831262465013,82.8641261851667,21.458333333333332,75.1,16.891666666666666,992.25,261.1666666666667,0.5499999999999999,115.36666666666667,128.06666666666666,173.10833333333335,1.6,0.0,0.0,1885.25,132.0
2026-01-28 09:00:00,0.10216111920877861,93.6761681139634,85.03889068436487,24.416666666666668,65.19166666666666,17.491666666666667,992.4250000000001,462.6666666666667,0.75,103.14166666666667,130.28333333333333,167.08333333333334,2.5,0.0,0.0,1885.25,152.5
2026-01-28 10:00:00,0.10518030000889372,91.36670888700223,82.50161224115328,26.53333333333333,60.425000000000004,18.233333333333334,991.9250000000001,620.3333333333334,0.9,96.97500000000001,136.50833333333333,166.13333333333333,2.7,0.0,0.0,1885.25,146.5
2026-01-28 11:00:00,0.1058611235147371,90.28004674914763,81.42121448309935,27.608333333333334,54.99166666666667,17.766666666666666,991.2916666666666,735.5,1.3083333333333333,91.77499999999999,128.63333333333333,152.24166666666667,4.1,0.0,0.0,1885.25,161.0
2026-01-28 12:00:00,0.10474023766982236,90.84893605339698,82.10527834054304,27.916666666666668,52.916666666666664,17.433333333333334,990.1750000000001,672.6666666666666,1.5250000000000001,87.35833333333333,119.0,142.125,4.3,0.0,0.0,1885.25,160.5
2026-01-28 13:00:00,0.10241779035962185,90.52600284095665,82.17485951690851,28.46666666666667,51.46666666666667,17.516666666666666,988.8833333333333,710.0,1.7999999999999998,82.08333333333333,113.39999999999999,134.65,4.5,0.0,0.0,1885.25,165.5
2026-01-28 14:00:00,0.10037224714447472,90.13882681785344,82.24563501857408,28.583333333333332,51.800000000000004,17.724999999999998,987.8000000000001,534.9166666666666,1.7249999999999999,85.875,119.45833333333333,144.53333333333333,5.1,0.0,0.0,1885.25,163.5
2026-01-28 15:00:00,0.09486184817508303,84.62015222559745,78.22616044232991,28.40833333333333,52.71666666666667,17.866666666666667,987.1166666666667,333.5,1.5250000000000001,97.425,133.84166666666667,161.5,5.4,0.0,0.0,1885.25,162.0
2026-01-28 16:00:00,0.06864714041724125,57.15316131799969,55.50707333393084,28.116666666666664,53.90833333333333,17.933333333333334,987.0416666666666,144.58333333333334,1.2666666666666666,113.10833333333333,157.24166666666667,195.70833333333334,4.3,0.0,0.0,1885.25,126.0
2026-01-28 17:00:00,0.048358940973725256,10.131009399431536,10.406460564975953,27.05,58.68333333333334,18.275000000000002,987.5083333333333,47.416666666666664,1.0916666666666668,131.33333333333334,188.54166666666666,232.41666666666666,3.7,0.0,0.0,1885.25,145.0
2026-01-28 18:00:00,0.0522765093640522,0.840434784011872,0.8567049798428001,26.4,61.5,18.5,987.9,9.0,1.1,131.2,173.3,229.3,2.8,0.0,0.0,1885.25,127.0
2026-01-29 06:00:00,0.06770700710998921,0.36189281562442854,0.353974397142564,19.0,96.63333333333333,18.5,989.6666666666666,6.666666666666667,0.19999999999999998,151.0666666666667,167.66666666666666,226.6,0.7,0.0,0.0,1885.25,73.0
2026-01-29 07:00:00,0.08237849115882757,17.88046755063727,16.928808567763742,19.408333333333335,94.54166666666667,18.558333333333334,990.3000000000001,66.91666666666667,0.6749999999999999,158.71666666666667,176.19166666666663,238.11666666666667,1.9,0.0,0.0,1885.25,128.5
2026-01-29 08:00:00,0.09247310804463654,86.28827641650793,80.06170877089896,21.158333333333335,85.47500000000001,18.625,991.1416666666668,230.91666666666666,0.575,155.98333333333332,173.13333333333333,233.98333333333335,1.7,0.0,0.0,1885.25,115.5
2026-01-29 09:00:00,0.10535450681495956,94.79814161719644,85.95186185165137,23.275000000000002,75.96666666666667,18.849999999999998,991.6833333333334,427.0833333333333,0.9500000000000001,137.32500000000002,152.45,206.025,2.5,0.0,0.0,1885.25,140.0
2026-01-29 10:00:00,0.1057898601151538,92.0441528371776,83.35340356857373,25.474999999999998,67.375,18.966666666666665,991.5,585.0833333333334,0.8916666666666666,119.60000000000001,161.45833333333334,203.25833333333333,2.9,0.0,0.0,1885.25,160.0
2026-01-29 11:00:00,0.10851368832208297,89.70497273680166,80.70341936382482,26.75,59.71666666666667,18.3,990.6916666666666,650.0833333333334,1.175,105.15833333333335,147.775,177.9416666666667,3.5,0.0,0.0,1885.25,150.0
2026-01-29 12:00:00,0.10723916212838507,90.98426795844004,82.07043781308171,27.75,53.63333333333333,17.5,989.5500000000001,685.4166666666666,1.3916666666666666,97.85833333333333,135.38333333333333,164.24166666666667,4.4,0.0,0.0,1885.25,144.5
2026-01-29 13:00:00,0.10713947925397793,90.72900592615677,81.84534924065387,28.616666666666664,47.324999999999996,16.34166666666667,988.3416666666667,698.5,1.7583333333333335,88.61666666666667,122.06666666666666,145.025,4.3,0.0,0.0,1885.25,143.0
2026-01-29 14:00:00,0.10571817715047199,90.62930145585587,81.96851559965204,29.09166666666667,45.9,16.266666666666666,987.2916666666666,582.3333333333334,1.5416666666666667,87.60833333333333,120.33333333333333,143.46666666666667,5.9,0.0,0.0,1885.25,136.0
2026-01-29 15:00:00,0.0906581954515836,79.4173188209913,74.03617606460803,28.275000000000002,48.175000000000004,16.3,986.8416666666667,273.9166666666667,1.6833333333333333,96.51666666666667,134.54166666666666,160.34166666666667,4.3,0.0,0.0,1885.25,150.0
2026-01-29 16:00:00,0.05916180622205718,53.262697132791565,53.23780790657447,27.808333333333334,49.416666666666664,16.275000000000002,987.0166666666668,133.66666666666666,1.5333333333333332,103.93333333333334,145.38333333333333,177.00833333333333,4.4,0.0,0.0,1885.25,129.0
2026-01-29 17:00:00,0.04954301112040901,10.944069960883304,11.195411372956402,27.058333333333334,51.86666666666667,16.375,987.475,49.333333333333336,1.075,105.99166666666667,148.725,182.6833333333333,2.8,0.0,0.0,1885.25,97.0
2026-01-29 18:00:00,0.0510120554118398,0.8401592585240701,0.8585030832302579,26.3,55.5,16.7,987.8,9.0,1.0,112.4,159.3,200.6,2.0,0.0,0.0,1885.25,85.0
2026-01-30 06:00:00,0.0756564295512629,0.494765948135869,0.4746678874651164,18.0,93.76666666666667,17.0,990.7333333333332,7.666666666666667,0.0,166.93333333333334,185.29999999999998,250.4,0.0,0.0,0.0,1885.25,121.0
2026-01-30 07:00:00,0.05871524019050164,23.881285364837368,26.65766979509993,18.599999999999998,90.44166666666666,17.008333333333333,991.1666666666666,84.08333333333333,0.425,170.90833333333333,189.70000000000002,256.35833333333335,1.6,0.0,0.0,1885.25,106.0
2026-01-30 08:00:00,0.07660303007382867,89.68194341527753,85.69373083696415,21.2,77.47500000000001,17.108333333333334,991.8083333333334,279.6666666666667,0.6749999999999999,168.31666666666666,186.85,252.5,2.2,0.0,0.0,1885.25,100.0
2026-01-30 09:00:00,0.10109411334962477,94.23973576054699,85.78735251970191,23.733333333333334,68.80833333333334,17.683333333333334,992.0083333333333,491.8333333333333,0.8833333333333333,159.0,198.29999999999998,259.73333333333335,2.4,0.0,0.0,1885.25,154.0
2026-01-30 10:00:00,0.10245914859876877,90.95944593075826,82.3656762223293,25.733333333333334,60.26666666666667,17.458333333333332,991.8416666666667,661.75,1.1916666666666667,115.675,165.82500000000002,203.36666666666667,3.6,0.0,0.0,1885.25,154.0
2026-01-30 11:00:00,0.1052565535249166,90.79933544932372,81.74870836435542,27.016666666666666,51.19166666666666,16.058333333333334,990.9333333333334,792.8333333333334,1.45,74.00833333333334,103.59166666666665,125.24166666666667,4.3,0.0,0.0,1885.25,111.0
2026-01-30 12:00:00,0.105169341506898,89.75822216447865,80.8067810650605,28.599999999999998,43.56666666666666,15.0,989.85,825.0833333333334,1.45,57.48333333333333,79.48333333333333,95.51666666666667,4.1,0.0,0.0,1885.25,140.5
2026-02-02 06:00:00,0.07100660236720346,0.4098313182726445,0.39439186671275284,19.4,92.7,18.2,990.6333333333333,7.333333333333333,0.0,148.96666666666667,165.33333333333334,223.4333333333333,0.0,0.0,0.0,1885.25,69.0
2026-02-02 07:00:00,0.08204751449248436,21.742057919930662,21.211476388855257,20.224999999999998,88.89166666666667,18.35833333333333,991.0,76.0,0.125,160.725,178.42499999999998,241.125,1.4,0.0,0.0,1885.25,86.0
2026-02-02 08:00:00,0.08999966328536207,87.90771216573778,81.9164982853424,22.71666666666667,77.31666666666666,18.541666666666668,991.7416666666667,255.66666666666666,0.65,178.46666666666667,198.1,267.7416666666666,1.7,0.0,0.0,1885.25,71.0
2026-02-02 09:00:00,0.10379833561600647,92.47547514523897,83.75010147781963,25.266666666666666,67.43333333333334,18.841666666666665,992.0416666666666,393.75,0.45,143.58333333333334,183.91666666666666,240.6833333333333,2.3,0.0,0.0,1885.25,177.0
2026-02-02 10:00:00,0.10694571622918765,91.32522896956948,82.28736603988992,26.183333333333334,59.5,17.683333333333334,991.7583333333333,570.25,1.4416666666666667,112.44166666666666,159.74166666666665,194.48333333333335,4.6,0.0,0.0,1885.25,85.0
2026-02-02 11:00:00,0.10741095065886967,92.34713133473548,83.01898983632093,27.416666666666668,53.5,17.175,990.75,642.5833333333334,1.4749999999999999,106.575,149.64166666666668,182.57500000000002,4.0,0.0,0.0,1885.25,195.5
2026-02-02 12:00:00,0.10557456864427851,91.6274699585594,82.52974962963935,28.400000000000002,50.06666666666666,17.025,989.3666666666667,755.4166666666666,1.75,101.59166666666665,142.5,174.88333333333333,5.7,0.0,0.0,1885.25,91.0
2026-02-02 13:00:00,0.10405113197606518,90.30345677497645,81.64969258576113,28.875,47.4,16.599999999999998,988.1166666666667,612.1666666666666,1.6833333333333333,96.825,136.6,167.01666666666668,4.6,0.0,0.0,1885.25,101.5
2026-02-02 14:00:00,0.10238866040756787,91.48079638592979,83.01880233709588,29.083333333333332,45.96666666666667,16.316666666666666,987.1416666666668,517.75,1.675,91.74166666666667,128.92499999999998,156.34166666666667,5.0,0.0,0.0,1885.25,120.0
2026-02-02 15:00:00,0.09284408632176468,84.45538913049147,78.26670883642743,28.875,47.75833333333333,16.725,986.6583333333333,351.1666666666667,1.7083333333333333,98.14166666666667,139.525,171.29166666666666,5.1,0.0,0.0,1885.25,133.0
2026-02-02 16:00:00,0.06329430996867215,55.849945092497514,55.14381338993227,28.075,50.25,16.791666666666668,986.9250000000001,142.66666666666666,1.7,111.36666666666667,159.14166666666668,200.08333333333334,4.6,0.0,0.0,1885.25,89.5
2026-02-02 17:00:00,0.05183040317033281,10.794354838696583,10.956095687930484,27.083333333333332,54.64166666666667,17.166666666666668,987.6333333333333,50.916666666666664,1.4833333333333334,117.45833333333333,171.25833333333333,216.61666666666667,5.0,0.0,0.0,1885.25,102.5
2026-02-02 18:00:00,0.0540995755073697,0.8146426153527999,0.8269139482541998,26.3,59.2,17.7,988.0,10.0,1.4,121.8,180.7,233.6,5.0,0.0,0.0,1885.25,95.0
2026-02-03 06:00:00,0.0711389318012223,0.3328169715507594,0.3230581006159265,19.625,93.475,18.625,990.825,5.5,0.0,180.625,200.475,270.95,0.0,0.0,0.0,1885.25,15.5
2026-02-03 07:00:00,0.07803577359079462,7.475546109624944,7.04482364598968,19.808333333333334,92.7,18.625,991.275,42.416666666666664,0.09166666666666667,188.50833333333333,209.25,282.77500000000003,1.4,0.0,0.0,1885.25,46.0
2026-02-03 08:00:00,0.09889748649606639,60.75785669362847,55.512929148262124,21.383333333333336,84.58333333333333,18.675,992.1083333333332,195.0,0.425,193.38333333333333,214.66666666666666,290.09166666666664,1.5,0.0,0.0,1885.25,53.5
2026-02-03 09:00:00,0.10889463429302144,93.99402375648862,84.6618661445499,24.266666666666666,70.95,18.633333333333333,992.4,465.0,0.8416666666666667,149.85,175.57500000000002,232.3083333333333,3.4,0.0,0.0,1885.25,50.5
2026-02-03 10:00:00,0.1115973470881199,94.07646662385446,84.36735526688047,25.325,58.55833333333334,16.616666666666667,992.1083333333332,556.25,1.3499999999999999,90.13333333333333,127.47500000000001,160.14166666666668,3.5,0.0,0.0,1885.25,295.0
2026-02-03 11:00:00,0.11093362417368448,91.91726992201872,82.57485932067353,26.849999999999998,51.74166666666667,16.099999999999998,991.2083333333334,684.4166666666666,1.45,71.64999999999999,99.46666666666665,124.69166666666666,4.4,0.0,0.0,1885.25,102.5
2026-02-03 12:00:00,0.11340414151970256,90.59693518355702,80.90526295267684,28.516666666666666,45.425000000000004,15.566666666666668,989.9916666666667,796.4166666666666,1.3499999999999999,56.99166666666667,79.60833333333333,98.22500000000001,4.5,0.0,0.0,1885.25,184.0
2026-02-03 13:00:00,0.11200725786554684,90.59512413340788,81.18375210027789,28.84166666666667,43.791666666666664,15.333333333333334,988.8666666666667,766.5,1.6500000000000001,46.90833333333333,63.28333333333333,78.89166666666667,4.8,0.0,0.0,1885.25,143.0
2026-02-03 14:00:00,0.10595675830199737,91.13749848866998,82.64219280754618,28.775000000000002,43.36666666666667,15.125,988.0,605.6666666666666,1.7333333333333334,42.19166666666667,57.25,71.31666666666666,5.9,0.0,0.0,1885.25,134.0
2026-02-03 15:00:00,0.04666970113568782,57.38017367088955,59.45599367909808,28.608333333333334,42.06666666666667,14.491666666666667,987.7166666666667,345.0,1.875,37.40833333333333,51.34166666666667,64.61666666666666,5.1,0.0,0.0,1885.25,120.5
2026-02-03 16:00:00,0.05692292130495264,34.55610418771755,34.956521395656814,28.075,42.99166666666667,14.35,987.6916666666666,114.58333333333333,1.5583333333333333,37.458333333333336,51.73333333333333,65.30833333333334,5.2,0.0,0.0,1885.25,154.5
2026-02-03 17:00:00,0.051852762390582806,11.894429833277036,12.109075525192827,27.383333333333336,46.19166666666666,14.858333333333334,988.225,56.416666666666664,1.1833333333333333,34.19166666666667,48.35833333333333,63.791666666666664,4.0,0.0,0.0,1885.25,103.0
2026-02-03 18:00:00,0.0480054915118265,1.098583107912825,1.133255859963136,26.6,48.2,14.8,988.5,12.0,1.6,29.2,39.8,49.8,3.3,0.0,0.0,1885.25,102.0
2026-02-04 06:00:00,0.07307149494224469,0.19234442321571635,0.1844616964069786,19.483333333333334,85.25,16.966666666666665,990.8666666666667,5.333333333333333,0.18333333333333335,71.35000000000001,79.23333333333333,107.06666666666666,0.9,0.0,0.0,1885.25,84.5
2026-02-04 07:00:00,0.13363889509254231,20.827185075524635,17.12793167317768,19.933333333333334,83.32222222222222,17.033333333333335,991.3333333333334,76.22222222222223,0.03333333333333333,77.1,85.58888888888889,115.6888888888889,1.1,0.0,0.0,1885.25,84.0
2026-02-04 08:00:00,0.05641264116215152,86.64021760261426,85.43616810999275,23.141666666666666,69.40833333333333,17.258333333333333,992.0500000000001,319.6666666666667,0.725,77.88333333333334,87.13333333333333,118.11666666666667,1.8,0.0,0.0,1885.25,117.0
2026-02-04 09:00:00,0.10847957625683086,93.14179207261803,83.90358752878358,25.441666666666666,61.85,17.641666666666666,992.1833333333334,530.8333333333334,0.9166666666666666,59.48333333333333,78.55833333333334,100.03333333333335,3.9,0.0,0.0,1885.25,46.5
2026-02-04 10:00:00,0.1107206806050494,92.87054559381939,83.29107621032887,26.608333333333334,57.166666666666664,17.45,991.8000000000001,590.0,1.1583333333333334,37.09166666666667,50.275,62.25833333333333,4.4,0.0,0.0,1885.25,199.0
2026-02-04 11:00:00,0.10930859569459943,88.56427293653239,79.63907272345115,28.616666666666664,49.60833333333333,17.033333333333335,990.5583333333334,806.25,1.3916666666666666,35.608333333333334,49.10833333333333,64.90833333333333,4.2,0.0,0.0,1885.25,162.5
2026-02-04 12:00:00,0.11147316539828837,89.58319933660732,80.17661097047227,29.40833333333333,43.300000000000004,15.658333333333333,989.3416666666667,823.1666666666666,1.3499999999999999,21.691666666666666,29.491666666666664,37.483333333333334,4.5,0.0,0.0,1885.25,114.0
2026-02-04 13:00:00,0.10969317245034954,90.30124551536302,81.1135517869158,29.991666666666664,40.40833333333333,15.1,988.3416666666667,800.8333333333334,1.6916666666666667,19.591666666666665,26.849999999999998,34.40833333333333,5.0,0.0,0.0,1885.25,85.5
2026-02-04 14:00:00,0.09610580454171254,88.38215384672499,81.54415125262098,30.375,37.641666666666666,14.358333333333334,987.7083333333334,705.8333333333334,1.7166666666666668,18.625,24.683333333333334,31.808333333333334,4.4,0.0,0.0,1885.25,153.5
2026-02-04 15:00:00,0.06341132124851298,61.5088604025384,61.16840922688914,29.483333333333334,43.65,15.875,987.4833333333332,305.8333333333333,1.5999999999999999,21.3,28.291666666666668,36.68333333333333,5.0,0.0,0.0,1885.25,225.5
2026-02-04 16:00:00,0.06170599620250763,18.177283429955516,18.259688219487682,28.849999999999998,42.4,14.858333333333334,987.4666666666667,78.75,1.5250000000000001,24.95,33.041666666666664,42.641666666666666,4.9,0.0,0.0,1885.25,103.0
2026-02-04 17:00:00,0.055337325252167995,5.952601754039402,6.014465805446921,28.166666666666668,45.64166666666667,15.366666666666667,987.9,39.333333333333336,1.3,27.525000000000002,36.84166666666667,48.875,4.8,0.0,0.0,1885.25,106.5
2026-02-04 18:00:00,0.0533342695387786,1.044496930802808,1.062935900691056,27.4,46.4,15.0,988.2,11.0,1.1,24.7,32.1,48.8,2.0,0.0,0.0,1885.25,14.0
